investor_slug,ticker,stock,value,value_text,portfolio_url
mason-hawkins-longleaf-partners,ACI,ALBERTSONS COS INC - CLASS A,59646090.0,"$59,646,090",https://valuesider.com/guru/mason-hawkins-longleaf-partners/portfolio
mason-hawkins-longleaf-partners,AVTR,AVANTOR INC,35370556.0,"$35,370,556",https://valuesider.com/guru/mason-hawkins-longleaf-partners/portfolio
mason-hawkins-longleaf-partners,BIO,BIO-RAD LABORATORIES-A,42695229.0,"$42,695,229",https://valuesider.com/guru/mason-hawkins-longleaf-partners/portfolio
mason-hawkins-longleaf-partners,CNHI,CNH INDUSTRIAL NV,30504130.0,"$30,504,130",https://valuesider.com/guru/mason-hawkins-longleaf-partners/portfolio
mason-hawkins-longleaf-partners,CNX,CNX RESOURCES CORP,66326829.0,"$66,326,829",https://valuesider.com/guru/mason-hawkins-longleaf-partners/portfolio
mason-hawkins-longleaf-partners,EXXRF,EXOR NV,66085516.0,"$66,085,516",https://valuesider.com/guru/mason-hawkins-longleaf-partners/portfolio
mason-hawkins-longleaf-partners,FDX,FEDEX CORP,52632891.0,"$52,632,891",https://valuesider.com/guru/mason-hawkins-longleaf-partners/portfolio
mason-hawkins-longleaf-partners,FIS,FIDELITY NATIONAL INFO SERV,35130357.0,"$35,130,357",https://valuesider.com/guru/mason-hawkins-longleaf-partners/portfolio
mason-hawkins-longleaf-partners,FBHS,FORTUNE BRANDS HOME & SECURI,34459228.0,"$34,459,228",https://valuesider.com/guru/mason-hawkins-longleaf-partners/portfolio
mason-hawkins-longleaf-partners,IAC,IAC INTERACTIVECORP NEW,75838594.0,"$75,838,594",https://valuesider.com/guru/mason-hawkins-longleaf-partners/portfolio
mason-hawkins-longleaf-partners,KHC,KRAFT HEINZ CO/THE,61143683.0,"$61,143,683",https://valuesider.com/guru/mason-hawkins-longleaf-partners/portfolio
mason-hawkins-longleaf-partners,LPX,LOUISIANA-PACIFIC CORP,11291136.0,"$11,291,136",https://valuesider.com/guru/mason-hawkins-longleaf-partners/portfolio
mason-hawkins-longleaf-partners,MICC,MAGNUM ICE CREAM CO NV/THE,54592491.0,"$54,592,491",https://valuesider.com/guru/mason-hawkins-longleaf-partners/portfolio
mason-hawkins-longleaf-partners,MAT,MATTEL INC,66993132.0,"$66,993,132",https://valuesider.com/guru/mason-hawkins-longleaf-partners/portfolio
mason-hawkins-longleaf-partners,MGM,MGM RESORTS INTERNATIONAL,42744057.0,"$42,744,057",https://valuesider.com/guru/mason-hawkins-longleaf-partners/portfolio
mason-hawkins-longleaf-partners,PYPL,PAYPAL HOLDINGS INC,27453078.0,"$27,453,078",https://valuesider.com/guru/mason-hawkins-longleaf-partners/portfolio
mason-hawkins-longleaf-partners,PCH,POTLATCHDELTIC CORP,51329088.0,"$51,329,088",https://valuesider.com/guru/mason-hawkins-longleaf-partners/portfolio
mason-hawkins-longleaf-partners,PVH,PVH CORP,43602541.0,"$43,602,541",https://valuesider.com/guru/mason-hawkins-longleaf-partners/portfolio
mason-hawkins-longleaf-partners,RYN,RAYONIER INC,51861211.0,"$51,861,211",https://valuesider.com/guru/mason-hawkins-longleaf-partners/portfolio
mason-hawkins-longleaf-partners,REGN,REGENERON PHARMACEUTICALS,66616240.0,"$66,616,240",https://valuesider.com/guru/mason-hawkins-longleaf-partners/portfolio
mason-hawkins-longleaf-partners,DIS,WALT DISNEY CO/THE,22034177.0,"$22,034,177",https://valuesider.com/guru/mason-hawkins-longleaf-partners/portfolio
phil-town-rule-one-fund,ASML,ASML HOLDING NV-NY REG SHS,7596006.0,"$7,596,006",https://valuesider.com/guru/phil-town-rule-one-fund/portfolio
phil-town-rule-one-fund,CNSWF,CONSTELLATION SOFTWARE INC,5999357.0,"$5,999,357",https://valuesider.com/guru/phil-town-rule-one-fund/portfolio
phil-town-rule-one-fund,FNMA,FANNIE MAE,4292000.0,"$4,292,000",https://valuesider.com/guru/phil-town-rule-one-fund/portfolio
phil-town-rule-one-fund,GOIXX,FH GOVERNMENT OBLIGATION-IS,105099113.0,"$105,099,113",https://valuesider.com/guru/phil-town-rule-one-fund/portfolio
phil-town-rule-one-fund,FMCC,FREDDIE MAC,4056000.0,"$4,056,000",https://valuesider.com/guru/phil-town-rule-one-fund/portfolio
phil-town-rule-one-fund,LULU,LULULEMON ATHLETICA INC,21134277.0,"$21,134,277",https://valuesider.com/guru/phil-town-rule-one-fund/portfolio
phil-town-rule-one-fund,NFLX,NETFLIX INC,34691200.0,"$34,691,200",https://valuesider.com/guru/phil-town-rule-one-fund/portfolio
phil-town-rule-one-fund,NKE,NIKE INC -CL B,2229850.0,"$2,229,850",https://valuesider.com/guru/phil-town-rule-one-fund/portfolio
phil-town-rule-one-fund,PYPL,PAYPAL HOLDINGS INC,2043300.0,"$2,043,300",https://valuesider.com/guru/phil-town-rule-one-fund/portfolio
phil-town-rule-one-fund,POOL,POOL CORP,1715625.0,"$1,715,625",https://valuesider.com/guru/phil-town-rule-one-fund/portfolio
phil-town-rule-one-fund,SFM,SPROUTS FARMERS MARKET INC,15973835.0,"$15,973,835",https://valuesider.com/guru/phil-town-rule-one-fund/portfolio
van-duyn-dodge-e-morris-cox-dodge--cox,ADBE,ADOBE INC,574018599.0,"$574,018,599",https://valuesider.com/guru/van-duyn-dodge-e-morris-cox-dodge--cox/portfolio
van-duyn-dodge-e-morris-cox-dodge--cox,AEG,AEGON LTD-NY REG SHR,443811801.0,"$443,811,801",https://valuesider.com/guru/van-duyn-dodge-e-morris-cox-dodge--cox/portfolio
van-duyn-dodge-e-morris-cox-dodge--cox,APD,AIR PRODUCTS & CHEMICALS INC,1516097848.0,"$1,516,097,848",https://valuesider.com/guru/van-duyn-dodge-e-morris-cox-dodge--cox/portfolio
van-duyn-dodge-e-morris-cox-dodge--cox,ALNY,ALNYLAM PHARMACEUTICALS INC,490381980.0,"$490,381,980",https://valuesider.com/guru/van-duyn-dodge-e-morris-cox-dodge--cox/portfolio
van-duyn-dodge-e-morris-cox-dodge--cox,GOOGL,ALPHABET INC-CL A,2648199100.0,"$2,648,199,100",https://valuesider.com/guru/van-duyn-dodge-e-morris-cox-dodge--cox/portfolio
van-duyn-dodge-e-morris-cox-dodge--cox,GOOG,ALPHABET INC-CL C,1928759148.0,"$1,928,759,148",https://valuesider.com/guru/van-duyn-dodge-e-morris-cox-dodge--cox/portfolio
van-duyn-dodge-e-morris-cox-dodge--cox,AMZN,AMAZONCOM INC,2270045454.0,"$2,270,045,454",https://valuesider.com/guru/van-duyn-dodge-e-morris-cox-dodge--cox/portfolio
van-duyn-dodge-e-morris-cox-dodge--cox,AEP,AMERICAN ELECTRIC POWER,658120294.0,"$658,120,294",https://valuesider.com/guru/van-duyn-dodge-e-morris-cox-dodge--cox/portfolio
van-duyn-dodge-e-morris-cox-dodge--cox,BUD,ANHEUSER-BUSCH INBEV-SPN ADR,1584771303.0,"$1,584,771,303",https://valuesider.com/guru/van-duyn-dodge-e-morris-cox-dodge--cox/portfolio
van-duyn-dodge-e-morris-cox-dodge--cox,AON,AON PLC-CLASS A,1300080496.0,"$1,300,080,496",https://valuesider.com/guru/van-duyn-dodge-e-morris-cox-dodge--cox/portfolio
van-duyn-dodge-e-morris-cox-dodge--cox,ADM,ARCHER-DANIELS-MIDLAND CO,661997350.0,"$661,997,350",https://valuesider.com/guru/van-duyn-dodge-e-morris-cox-dodge--cox/portfolio
van-duyn-dodge-e-morris-cox-dodge--cox,AJG,ARTHUR J GALLAGHER & CO,120105732.0,"$120,105,732",https://valuesider.com/guru/van-duyn-dodge-e-morris-cox-dodge--cox/portfolio
van-duyn-dodge-e-morris-cox-dodge--cox,ASHTF,ASHTEAD GROUP PLC,1807712314.0,"$1,807,712,314",https://valuesider.com/guru/van-duyn-dodge-e-morris-cox-dodge--cox/portfolio
van-duyn-dodge-e-morris-cox-dodge--cox,AVTR,AVANTOR INC,858029853.0,"$858,029,853",https://valuesider.com/guru/van-duyn-dodge-e-morris-cox-dodge--cox/portfolio
van-duyn-dodge-e-morris-cox-dodge--cox,BKR,BAKER HUGHES CO,1373252597.0,"$1,373,252,597",https://valuesider.com/guru/van-duyn-dodge-e-morris-cox-dodge--cox/portfolio
van-duyn-dodge-e-morris-cox-dodge--cox,BK,BANK OF NEW YORK MELLON CORP,2205770831.0,"$2,205,770,831",https://valuesider.com/guru/van-duyn-dodge-e-morris-cox-dodge--cox/portfolio
van-duyn-dodge-e-morris-cox-dodge--cox,BAX,BAXTER INTERNATIONAL INC,738098907.0,"$738,098,907",https://valuesider.com/guru/van-duyn-dodge-e-morris-cox-dodge--cox/portfolio
van-duyn-dodge-e-morris-cox-dodge--cox,BMRN,BIOMARIN PHARMACEUTICAL INC,580608813.0,"$580,608,813",https://valuesider.com/guru/van-duyn-dodge-e-morris-cox-dodge--cox/portfolio
van-duyn-dodge-e-morris-cox-dodge--cox,BKNG,BOOKING HOLDINGS INC,1893269814.0,"$1,893,269,814",https://valuesider.com/guru/van-duyn-dodge-e-morris-cox-dodge--cox/portfolio
van-duyn-dodge-e-morris-cox-dodge--cox,BMY,BRISTOL-MYERS SQUIBB CO,275743383.0,"$275,743,383",https://valuesider.com/guru/van-duyn-dodge-e-morris-cox-dodge--cox/portfolio
van-duyn-dodge-e-morris-cox-dodge--cox,BN,BROOKFIELD CORP,933056130.0,"$933,056,130",https://valuesider.com/guru/van-duyn-dodge-e-morris-cox-dodge--cox/portfolio
van-duyn-dodge-e-morris-cox-dodge--cox,COF,CAPITAL ONE FINANCIAL CORP,1599948022.0,"$1,599,948,022",https://valuesider.com/guru/van-duyn-dodge-e-morris-cox-dodge--cox/portfolio
van-duyn-dodge-e-morris-cox-dodge--cox,CARR,CARRIER GLOBAL CORP,524848042.0,"$524,848,042",https://valuesider.com/guru/van-duyn-dodge-e-morris-cox-dodge--cox/portfolio
van-duyn-dodge-e-morris-cox-dodge--cox,CE,CELANESE CORP,428199071.0,"$428,199,071",https://valuesider.com/guru/van-duyn-dodge-e-morris-cox-dodge--cox/portfolio
van-duyn-dodge-e-morris-cox-dodge--cox,CHTR,CHARTER COMMUNICATIONS INC-A,2043949740.0,"$2,043,949,740",https://valuesider.com/guru/van-duyn-dodge-e-morris-cox-dodge--cox/portfolio
van-duyn-dodge-e-morris-cox-dodge--cox,CI,CIGNA CORP,2037440442.0,"$2,037,440,442",https://valuesider.com/guru/van-duyn-dodge-e-morris-cox-dodge--cox/portfolio
van-duyn-dodge-e-morris-cox-dodge--cox,CTSH,COGNIZANT TECH SOLUTIONS-A,965429191.0,"$965,429,191",https://valuesider.com/guru/van-duyn-dodge-e-morris-cox-dodge--cox/portfolio
van-duyn-dodge-e-morris-cox-dodge--cox,CMCSA,COMCAST CORP-CLASS A,2254261774.0,"$2,254,261,774",https://valuesider.com/guru/van-duyn-dodge-e-morris-cox-dodge--cox/portfolio
van-duyn-dodge-e-morris-cox-dodge--cox,COP,CONOCOPHILLIPS,713105440.0,"$713,105,440",https://valuesider.com/guru/van-duyn-dodge-e-morris-cox-dodge--cox/portfolio
van-duyn-dodge-e-morris-cox-dodge--cox,CVS,CVS HEALTH CORP,3332421949.0,"$3,332,421,949",https://valuesider.com/guru/van-duyn-dodge-e-morris-cox-dodge--cox/portfolio
van-duyn-dodge-e-morris-cox-dodge--cox,D,DOMINION ENERGY INC,926911377.0,"$926,911,377",https://valuesider.com/guru/van-duyn-dodge-e-morris-cox-dodge--cox/portfolio
van-duyn-dodge-e-morris-cox-dodge--cox,ELAN,ELANCO ANIMAL HEALTH INC,1202171227.0,"$1,202,171,227",https://valuesider.com/guru/van-duyn-dodge-e-morris-cox-dodge--cox/portfolio
van-duyn-dodge-e-morris-cox-dodge--cox,FDX,FEDEX CORP,3050146399.0,"$3,050,146,399",https://valuesider.com/guru/van-duyn-dodge-e-morris-cox-dodge--cox/portfolio
van-duyn-dodge-e-morris-cox-dodge--cox,FIS,FIDELITY NATIONAL INFO SERV,2213410424.0,"$2,213,410,424",https://valuesider.com/guru/van-duyn-dodge-e-morris-cox-dodge--cox/portfolio
van-duyn-dodge-e-morris-cox-dodge--cox,FCNCA,FIRST CITIZENS BCSHS -CL A,44116876.0,"$44,116,876",https://valuesider.com/guru/van-duyn-dodge-e-morris-cox-dodge--cox/portfolio
van-duyn-dodge-e-morris-cox-dodge--cox,FISV,FISERV INC,2140667598.0,"$2,140,667,598",https://valuesider.com/guru/van-duyn-dodge-e-morris-cox-dodge--cox/portfolio
van-duyn-dodge-e-morris-cox-dodge--cox,FTV,FORTIVE CORP,1577182689.0,"$1,577,182,689",https://valuesider.com/guru/van-duyn-dodge-e-morris-cox-dodge--cox/portfolio
van-duyn-dodge-e-morris-cox-dodge--cox,FOXA,FOX CORP - CLASS A,683195366.0,"$683,195,366",https://valuesider.com/guru/van-duyn-dodge-e-morris-cox-dodge--cox/portfolio
van-duyn-dodge-e-morris-cox-dodge--cox,FOX,FOX CORP - CLASS B,343081354.0,"$343,081,354",https://valuesider.com/guru/van-duyn-dodge-e-morris-cox-dodge--cox/portfolio
van-duyn-dodge-e-morris-cox-dodge--cox,GLPI,GAMING AND LEISURE PROPERTIE,453231723.0,"$453,231,723",https://valuesider.com/guru/van-duyn-dodge-e-morris-cox-dodge--cox/portfolio
van-duyn-dodge-e-morris-cox-dodge--cox,GEHCV,GE HEALTHCARE INC-W/I,1730701231.0,"$1,730,701,231",https://valuesider.com/guru/van-duyn-dodge-e-morris-cox-dodge--cox/portfolio
van-duyn-dodge-e-morris-cox-dodge--cox,GE,GENERAL ELECTRIC CO,1077704561.0,"$1,077,704,561",https://valuesider.com/guru/van-duyn-dodge-e-morris-cox-dodge--cox/portfolio
van-duyn-dodge-e-morris-cox-dodge--cox,GILD,GILEAD SCIENCES INC,2394057446.0,"$2,394,057,446",https://valuesider.com/guru/van-duyn-dodge-e-morris-cox-dodge--cox/portfolio
van-duyn-dodge-e-morris-cox-dodge--cox,GS,GOLDMAN SACHS GROUP INC,1089168900.0,"$1,089,168,900",https://valuesider.com/guru/van-duyn-dodge-e-morris-cox-dodge--cox/portfolio
van-duyn-dodge-e-morris-cox-dodge--cox,GSK,GSK PLC-SPON ADR,2479319056.0,"$2,479,319,056",https://valuesider.com/guru/van-duyn-dodge-e-morris-cox-dodge--cox/portfolio
van-duyn-dodge-e-morris-cox-dodge--cox,HLN,HALEON,1128333232.0,"$1,128,333,232",https://valuesider.com/guru/van-duyn-dodge-e-morris-cox-dodge--cox/portfolio
van-duyn-dodge-e-morris-cox-dodge--cox,HPQ,HP INC,584570519.0,"$584,570,519",https://valuesider.com/guru/van-duyn-dodge-e-morris-cox-dodge--cox/portfolio
van-duyn-dodge-e-morris-cox-dodge--cox,HUM,HUMANA INC,1934165695.0,"$1,934,165,695",https://valuesider.com/guru/van-duyn-dodge-e-morris-cox-dodge--cox/portfolio
van-duyn-dodge-e-morris-cox-dodge--cox,IEX,IDEX CORP,137215050.0,"$137,215,050",https://valuesider.com/guru/van-duyn-dodge-e-morris-cox-dodge--cox/portfolio
van-duyn-dodge-e-morris-cox-dodge--cox,INCY,INCYTE CORP,887686880.0,"$887,686,880",https://valuesider.com/guru/van-duyn-dodge-e-morris-cox-dodge--cox/portfolio
van-duyn-dodge-e-morris-cox-dodge--cox,IFF,INTL FLAVORS & FRAGRANCES,1180268460.0,"$1,180,268,460",https://valuesider.com/guru/van-duyn-dodge-e-morris-cox-dodge--cox/portfolio
van-duyn-dodge-e-morris-cox-dodge--cox,JCI,JOHNSON CONTROLS INTERNATION,3552601335.0,"$3,552,601,335",https://valuesider.com/guru/van-duyn-dodge-e-morris-cox-dodge--cox/portfolio
van-duyn-dodge-e-morris-cox-dodge--cox,LPLA,LPL FINANCIAL HOLDINGS INC,946474426.0,"$946,474,426",https://valuesider.com/guru/van-duyn-dodge-e-morris-cox-dodge--cox/portfolio
van-duyn-dodge-e-morris-cox-dodge--cox,LYB,LYONDELLBASELL INDU-CL A,484845817.0,"$484,845,817",https://valuesider.com/guru/van-duyn-dodge-e-morris-cox-dodge--cox/portfolio
van-duyn-dodge-e-morris-cox-dodge--cox,MDT,MEDTRONIC PLC,551759034.0,"$551,759,034",https://valuesider.com/guru/van-duyn-dodge-e-morris-cox-dodge--cox/portfolio
van-duyn-dodge-e-morris-cox-dodge--cox,META,META PLATFORMS INC-CLASS A,2305166298.0,"$2,305,166,298",https://valuesider.com/guru/van-duyn-dodge-e-morris-cox-dodge--cox/portfolio
van-duyn-dodge-e-morris-cox-dodge--cox,MET,METLIFE INC,3018580186.0,"$3,018,580,186",https://valuesider.com/guru/van-duyn-dodge-e-morris-cox-dodge--cox/portfolio
van-duyn-dodge-e-morris-cox-dodge--cox,MCHP,MICROCHIP TECHNOLOGY INC,269369928.0,"$269,369,928",https://valuesider.com/guru/van-duyn-dodge-e-morris-cox-dodge--cox/portfolio
van-duyn-dodge-e-morris-cox-dodge--cox,MSFT,MICROSOFT CORP,2219960886.0,"$2,219,960,886",https://valuesider.com/guru/van-duyn-dodge-e-morris-cox-dodge--cox/portfolio
van-duyn-dodge-e-morris-cox-dodge--cox,TAP,MOLSON COORS BEVERAGE CO - B,650837067.0,"$650,837,067",https://valuesider.com/guru/van-duyn-dodge-e-morris-cox-dodge--cox/portfolio
van-duyn-dodge-e-morris-cox-dodge--cox,NBIX,NEUROCRINE BIOSCIENCES INC,562214120.0,"$562,214,120",https://valuesider.com/guru/van-duyn-dodge-e-morris-cox-dodge--cox/portfolio
van-duyn-dodge-e-morris-cox-dodge--cox,NWSA,NEWS CORP - CLASS A,260523230.0,"$260,523,230",https://valuesider.com/guru/van-duyn-dodge-e-morris-cox-dodge--cox/portfolio
van-duyn-dodge-e-morris-cox-dodge--cox,NSC,NORFOLK SOUTHERN CORP,1801266336.0,"$1,801,266,336",https://valuesider.com/guru/van-duyn-dodge-e-morris-cox-dodge--cox/portfolio
van-duyn-dodge-e-morris-cox-dodge--cox,NVS,NOVARTIS AG-SPONSORED ADR,937186214.0,"$937,186,214",https://valuesider.com/guru/van-duyn-dodge-e-morris-cox-dodge--cox/portfolio
van-duyn-dodge-e-morris-cox-dodge--cox,OXY,OCCIDENTAL PETROLEUM CORP,2249138172.0,"$2,249,138,172",https://valuesider.com/guru/van-duyn-dodge-e-morris-cox-dodge--cox/portfolio
van-duyn-dodge-e-morris-cox-dodge--cox,RAL,RALLIANT CORP,401851772.0,"$401,851,772",https://valuesider.com/guru/van-duyn-dodge-e-morris-cox-dodge--cox/portfolio
van-duyn-dodge-e-morris-cox-dodge--cox,RTX,RAYTHEON TECHNOLOGIES CORP,4622523640.0,"$4,622,523,640",https://valuesider.com/guru/van-duyn-dodge-e-morris-cox-dodge--cox/portfolio
van-duyn-dodge-e-morris-cox-dodge--cox,REGN,REGENERON PHARMACEUTICALS,2311522176.0,"$2,311,522,176",https://valuesider.com/guru/van-duyn-dodge-e-morris-cox-dodge--cox/portfolio
van-duyn-dodge-e-morris-cox-dodge--cox,RHHBY,ROCHE HOLDINGS LTD-SPONS ADR,858021608.0,"$858,021,608",https://valuesider.com/guru/van-duyn-dodge-e-morris-cox-dodge--cox/portfolio
van-duyn-dodge-e-morris-cox-dodge--cox,SNY,SANOFI-ADR,2071927895.0,"$2,071,927,895",https://valuesider.com/guru/van-duyn-dodge-e-morris-cox-dodge--cox/portfolio
van-duyn-dodge-e-morris-cox-dodge--cox,SBAC,SBA COMMUNICATIONS CORP NEW CL-A,1500436510.0,"$1,500,436,510",https://valuesider.com/guru/van-duyn-dodge-e-morris-cox-dodge--cox/portfolio
van-duyn-dodge-e-morris-cox-dodge--cox,SCHW,SCHWAB (CHARLES) CORP,5217813237.0,"$5,217,813,237",https://valuesider.com/guru/van-duyn-dodge-e-morris-cox-dodge--cox/portfolio
van-duyn-dodge-e-morris-cox-dodge--cox,STT,STATE STREET CORP,478588397.0,"$478,588,397",https://valuesider.com/guru/van-duyn-dodge-e-morris-cox-dodge--cox/portfolio
van-duyn-dodge-e-morris-cox-dodge--cox,SUI,SUN COMMUNITIES INC,1356603853.0,"$1,356,603,853",https://valuesider.com/guru/van-duyn-dodge-e-morris-cox-dodge--cox/portfolio
van-duyn-dodge-e-morris-cox-dodge--cox,TMUS,T-MOBILE US INC,947046984.0,"$947,046,984",https://valuesider.com/guru/van-duyn-dodge-e-morris-cox-dodge--cox/portfolio
van-duyn-dodge-e-morris-cox-dodge--cox,TSMWF,TAIWAN SEMICONDUCTOR MANUFAC,2513945956.0,"$2,513,945,956",https://valuesider.com/guru/van-duyn-dodge-e-morris-cox-dodge--cox/portfolio
van-duyn-dodge-e-morris-cox-dodge--cox,TEL,TE CONNECTIVITY PLC,1664457472.0,"$1,664,457,472",https://valuesider.com/guru/van-duyn-dodge-e-morris-cox-dodge--cox/portfolio
van-duyn-dodge-e-morris-cox-dodge--cox,TDY,TELEDYNE TECHNOLOGIES INC,657360583.0,"$657,360,583",https://valuesider.com/guru/van-duyn-dodge-e-morris-cox-dodge--cox/portfolio
van-duyn-dodge-e-morris-cox-dodge--cox,TRU,TRANSUNION,555514225.0,"$555,514,225",https://valuesider.com/guru/van-duyn-dodge-e-morris-cox-dodge--cox/portfolio
van-duyn-dodge-e-morris-cox-dodge--cox,UNH,UNITEDHEALTH GROUP INC,2072912540.0,"$2,072,912,540",https://valuesider.com/guru/van-duyn-dodge-e-morris-cox-dodge--cox/portfolio
van-duyn-dodge-e-morris-cox-dodge--cox,VFC,VF CORP,494927344.0,"$494,927,344",https://valuesider.com/guru/van-duyn-dodge-e-morris-cox-dodge--cox/portfolio
van-duyn-dodge-e-morris-cox-dodge--cox,WFC,WELLS FARGO & CO,2148124021.0,"$2,148,124,021",https://valuesider.com/guru/van-duyn-dodge-e-morris-cox-dodge--cox/portfolio
van-duyn-dodge-e-morris-cox-dodge--cox,WLTW,WILLIS TOWERS WATSON PLC,1098114165.0,"$1,098,114,165",https://valuesider.com/guru/van-duyn-dodge-e-morris-cox-dodge--cox/portfolio
van-duyn-dodge-e-morris-cox-dodge--cox,ZBH,ZIMMER BIOMET HOLDINGS INC,1398247008.0,"$1,398,247,008",https://valuesider.com/guru/van-duyn-dodge-e-morris-cox-dodge--cox/portfolio
independent-franchise-partners-us-equity-fund,ABNB,AIRBNB INC-CLASS A,43514139.0,"$43,514,139",https://valuesider.com/guru/independent-franchise-partners-us-equity-fund/portfolio
independent-franchise-partners-us-equity-fund,AON,AON PLC-CLASS A,58356824.0,"$58,356,824",https://valuesider.com/guru/independent-franchise-partners-us-equity-fund/portfolio
independent-franchise-partners-us-equity-fund,BMY,BRISTOL-MYERS SQUIBB CO,83546263.0,"$83,546,263",https://valuesider.com/guru/independent-franchise-partners-us-equity-fund/portfolio
independent-franchise-partners-us-equity-fund,BTAFF,BRITISH AMERICAN TOBACCO PLC,51399269.0,"$51,399,269",https://valuesider.com/guru/independent-franchise-partners-us-equity-fund/portfolio
independent-franchise-partners-us-equity-fund,CTVA,CORTEVA INC,49761396.0,"$49,761,396",https://valuesider.com/guru/independent-franchise-partners-us-equity-fund/portfolio
independent-franchise-partners-us-equity-fund,EBAY,EBAY INC,51137542.0,"$51,137,542",https://valuesider.com/guru/independent-franchise-partners-us-equity-fund/portfolio
independent-franchise-partners-us-equity-fund,EL,ESTEE LAUDER COMPANIES-CL A,54829716.0,"$54,829,716",https://valuesider.com/guru/independent-franchise-partners-us-equity-fund/portfolio
independent-franchise-partners-us-equity-fund,FOXA,FOX CORP - CLASS A,55019664.0,"$55,019,664",https://valuesider.com/guru/independent-franchise-partners-us-equity-fund/portfolio
independent-franchise-partners-us-equity-fund,FOX,FOX CORP - CLASS B,20802338.0,"$20,802,338",https://valuesider.com/guru/independent-franchise-partners-us-equity-fund/portfolio
independent-franchise-partners-us-equity-fund,IT,GARTNER INC,52150564.0,"$52,150,564",https://valuesider.com/guru/independent-franchise-partners-us-equity-fund/portfolio
independent-franchise-partners-us-equity-fund,ICE,INTERCONTINENTAL EXCHANGE IN,52655301.0,"$52,655,301",https://valuesider.com/guru/independent-franchise-partners-us-equity-fund/portfolio
independent-franchise-partners-us-equity-fund,JNJ,JOHNSON & JOHNSON,72785970.0,"$72,785,970",https://valuesider.com/guru/independent-franchise-partners-us-equity-fund/portfolio
independent-franchise-partners-us-equity-fund,KVUE,KENVUE INC,60518313.0,"$60,518,313",https://valuesider.com/guru/independent-franchise-partners-us-equity-fund/portfolio
independent-franchise-partners-us-equity-fund,LYV,LIVE NATION ENTERTAINMENT IN,58164795.0,"$58,164,795",https://valuesider.com/guru/independent-franchise-partners-us-equity-fund/portfolio
independent-franchise-partners-us-equity-fund,MICC,MAGNUM ICE CREAM CO NV/THE,1254791.0,"$1,254,791",https://valuesider.com/guru/independent-franchise-partners-us-equity-fund/portfolio
independent-franchise-partners-us-equity-fund,NWSA,NEWS CORP - CLASS A,55742535.0,"$55,742,535",https://valuesider.com/guru/independent-franchise-partners-us-equity-fund/portfolio
independent-franchise-partners-us-equity-fund,NWS,NEWS CORP - CLASS B,19423472.0,"$19,423,472",https://valuesider.com/guru/independent-franchise-partners-us-equity-fund/portfolio
independent-franchise-partners-us-equity-fund,NTDOF,NINTENDO CO LTD,20127388.0,"$20,127,388",https://valuesider.com/guru/independent-franchise-partners-us-equity-fund/portfolio
independent-franchise-partners-us-equity-fund,NVSEF,NOVARTIS AG-REG,46220731.0,"$46,220,731",https://valuesider.com/guru/independent-franchise-partners-us-equity-fund/portfolio
independent-franchise-partners-us-equity-fund,OTIS,OTIS WORLDWIDE CORP,30323203.0,"$30,323,203",https://valuesider.com/guru/independent-franchise-partners-us-equity-fund/portfolio
independent-franchise-partners-us-equity-fund,PM,PHILIP MORRIS INTERNATIONAL,52493466.0,"$52,493,466",https://valuesider.com/guru/independent-franchise-partners-us-equity-fund/portfolio
independent-franchise-partners-us-equity-fund,RBA,RB GLOBAL INC,20527091.0,"$20,527,091",https://valuesider.com/guru/independent-franchise-partners-us-equity-fund/portfolio
independent-franchise-partners-us-equity-fund,RBGPF,RECKITT BENCKISER GROUP PLC,31154418.0,"$31,154,418",https://valuesider.com/guru/independent-franchise-partners-us-equity-fund/portfolio
independent-franchise-partners-us-equity-fund,RYAN,RYAN SPECIALTY HOLDINGS INC,35613289.0,"$35,613,289",https://valuesider.com/guru/independent-franchise-partners-us-equity-fund/portfolio
independent-franchise-partners-us-equity-fund,CRM,SALESFORCECOM INC,46456736.0,"$46,456,736",https://valuesider.com/guru/independent-franchise-partners-us-equity-fund/portfolio
independent-franchise-partners-us-equity-fund,SOLV,SOLVENTUM CORP,77078332.0,"$77,078,332",https://valuesider.com/guru/independent-franchise-partners-us-equity-fund/portfolio
independent-franchise-partners-us-equity-fund,TKO,TKO GROUP HOLDINGS INC,33110616.0,"$33,110,616",https://valuesider.com/guru/independent-franchise-partners-us-equity-fund/portfolio
independent-franchise-partners-us-equity-fund,TRU,TRANSUNION,49710475.0,"$49,710,475",https://valuesider.com/guru/independent-franchise-partners-us-equity-fund/portfolio
independent-franchise-partners-us-equity-fund,UNLYF,UNILEVER PLC,22813647.0,"$22,813,647",https://valuesider.com/guru/independent-franchise-partners-us-equity-fund/portfolio
independent-franchise-partners-us-equity-fund,UMGNF,UNIVERSAL MUSIC GROUP NV,10453719.0,"$10,453,719",https://valuesider.com/guru/independent-franchise-partners-us-equity-fund/portfolio
independent-franchise-partners-us-equity-fund,WBD,WARNER BROS DISCOVERY INC,119381028.0,"$119,381,028",https://valuesider.com/guru/independent-franchise-partners-us-equity-fund/portfolio
independent-franchise-partners-us-equity-fund,WMG,WARNER MUSIC GROUP CORP-CL A,63421879.0,"$63,421,879",https://valuesider.com/guru/independent-franchise-partners-us-equity-fund/portfolio
independent-franchise-partners-us-equity-fund,ZG,ZILLOW GROUP INC - A,9181165.0,"$9,181,165",https://valuesider.com/guru/independent-franchise-partners-us-equity-fund/portfolio
independent-franchise-partners-us-equity-fund,Z,ZILLOW GROUP INC - C,59418733.0,"$59,418,733",https://valuesider.com/guru/independent-franchise-partners-us-equity-fund/portfolio
john-rogers-ariel-appreciation-fund,ADT,ADT INC,15180807.0,"$15,180,807",https://valuesider.com/guru/john-rogers-ariel-appreciation-fund/portfolio
john-rogers-ariel-appreciation-fund,AFL,AFLAC INC,12723724.0,"$12,723,724",https://valuesider.com/guru/john-rogers-ariel-appreciation-fund/portfolio
john-rogers-ariel-appreciation-fund,AXTA,AXALTA COATING SYSTEMS LTD,22983847.0,"$22,983,847",https://valuesider.com/guru/john-rogers-ariel-appreciation-fund/portfolio
john-rogers-ariel-appreciation-fund,BIO,BIO-RAD LABORATORIES-A,25377230.0,"$25,377,230",https://valuesider.com/guru/john-rogers-ariel-appreciation-fund/portfolio
john-rogers-ariel-appreciation-fund,BOKF,BOK FINANCIAL CORPORATION,21049512.0,"$21,049,512",https://valuesider.com/guru/john-rogers-ariel-appreciation-fund/portfolio
john-rogers-ariel-appreciation-fund,CG,CARLYLE GROUP INC/THE,23297201.0,"$23,297,201",https://valuesider.com/guru/john-rogers-ariel-appreciation-fund/portfolio
john-rogers-ariel-appreciation-fund,KMX,CARMAX INC,12497296.0,"$12,497,296",https://valuesider.com/guru/john-rogers-ariel-appreciation-fund/portfolio
john-rogers-ariel-appreciation-fund,CBRE,CBRE GROUP INC - A,16231911.0,"$16,231,911",https://valuesider.com/guru/john-rogers-ariel-appreciation-fund/portfolio
john-rogers-ariel-appreciation-fund,CRL,CHARLES RIVER LABORATORIES,38464531.0,"$38,464,531",https://valuesider.com/guru/john-rogers-ariel-appreciation-fund/portfolio
john-rogers-ariel-appreciation-fund,CLB,CORE LABORATORIES INC,24260843.0,"$24,260,843",https://valuesider.com/guru/john-rogers-ariel-appreciation-fund/portfolio
john-rogers-ariel-appreciation-fund,NVST,ENVISTA HOLDINGS CORP,24978939.0,"$24,978,939",https://valuesider.com/guru/john-rogers-ariel-appreciation-fund/portfolio
john-rogers-ariel-appreciation-fund,FDS,FACTSET RESEARCH SYSTEMS INC,7480227.0,"$7,480,227",https://valuesider.com/guru/john-rogers-ariel-appreciation-fund/portfolio
john-rogers-ariel-appreciation-fund,FAF,FIRST AMERICAN FINANCIAL,25694085.0,"$25,694,085",https://valuesider.com/guru/john-rogers-ariel-appreciation-fund/portfolio
john-rogers-ariel-appreciation-fund,FISV,FISERV INC,9432347.0,"$9,432,347",https://valuesider.com/guru/john-rogers-ariel-appreciation-fund/portfolio
john-rogers-ariel-appreciation-fund,GNRC,GENERAC HOLDINGS INC,26145538.0,"$26,145,538",https://valuesider.com/guru/john-rogers-ariel-appreciation-fund/portfolio
john-rogers-ariel-appreciation-fund,GNTX,GENTEX CORP,19738661.0,"$19,738,661",https://valuesider.com/guru/john-rogers-ariel-appreciation-fund/portfolio
john-rogers-ariel-appreciation-fund,SJM,JM SMUCKER CO/THE,14940184.0,"$14,940,184",https://valuesider.com/guru/john-rogers-ariel-appreciation-fund/portfolio
john-rogers-ariel-appreciation-fund,JLL,JONES LANG LASALLE INC,22470476.0,"$22,470,476",https://valuesider.com/guru/john-rogers-ariel-appreciation-fund/portfolio
john-rogers-ariel-appreciation-fund,KMT,KENNAMETAL INC,4339769.0,"$4,339,769",https://valuesider.com/guru/john-rogers-ariel-appreciation-fund/portfolio
john-rogers-ariel-appreciation-fund,KEYS,KEYSIGHT TECHNOLOGIES IN,25103108.0,"$25,103,108",https://valuesider.com/guru/john-rogers-ariel-appreciation-fund/portfolio
john-rogers-ariel-appreciation-fund,KKR,KKR & CO INC,18970171.0,"$18,970,171",https://valuesider.com/guru/john-rogers-ariel-appreciation-fund/portfolio
john-rogers-ariel-appreciation-fund,KN,KNOWLES CORP,24326543.0,"$24,326,543",https://valuesider.com/guru/john-rogers-ariel-appreciation-fund/portfolio
john-rogers-ariel-appreciation-fund,LH,LABCORP HOLDINGS INC,25094522.0,"$25,094,522",https://valuesider.com/guru/john-rogers-ariel-appreciation-fund/portfolio
john-rogers-ariel-appreciation-fund,LAZ,LAZARD INC,24286312.0,"$24,286,312",https://valuesider.com/guru/john-rogers-ariel-appreciation-fund/portfolio
john-rogers-ariel-appreciation-fund,LFUS,LITTELFUSE INC,12906254.0,"$12,906,254",https://valuesider.com/guru/john-rogers-ariel-appreciation-fund/portfolio
john-rogers-ariel-appreciation-fund,MSGE,MADISON SQUARE GARDEN ENTERT,22505911.0,"$22,505,911",https://valuesider.com/guru/john-rogers-ariel-appreciation-fund/portfolio
john-rogers-ariel-appreciation-fund,MSGE,MADISON SQUARE GARDEN ENTERT,34962484.0,"$34,962,484",https://valuesider.com/guru/john-rogers-ariel-appreciation-fund/portfolio
john-rogers-ariel-appreciation-fund,MSGS,MADISON SQUARE GARDEN SPORTS,25131985.0,"$25,131,985",https://valuesider.com/guru/john-rogers-ariel-appreciation-fund/portfolio
john-rogers-ariel-appreciation-fund,MANU,MANCHESTER UNITED PLC-CL A,14948068.0,"$14,948,068",https://valuesider.com/guru/john-rogers-ariel-appreciation-fund/portfolio
john-rogers-ariel-appreciation-fund,MAT,MATTEL INC,29732184.0,"$29,732,184",https://valuesider.com/guru/john-rogers-ariel-appreciation-fund/portfolio
john-rogers-ariel-appreciation-fund,MIDD,MIDDLEBY CORP,27792518.0,"$27,792,518",https://valuesider.com/guru/john-rogers-ariel-appreciation-fund/portfolio
john-rogers-ariel-appreciation-fund,TAP,MOLSON COORS BEVERAGE CO - B,14664241.0,"$14,664,241",https://valuesider.com/guru/john-rogers-ariel-appreciation-fund/portfolio
john-rogers-ariel-appreciation-fund,NTPXX,NORTHERN INST TRSRY-PRM,6599705.0,"$6,599,705",https://valuesider.com/guru/john-rogers-ariel-appreciation-fund/portfolio
john-rogers-ariel-appreciation-fund,NTRS,NORTHERN TRUST CORP,21389720.0,"$21,389,720",https://valuesider.com/guru/john-rogers-ariel-appreciation-fund/portfolio
john-rogers-ariel-appreciation-fund,NCLH,NORWEGIAN CRUISE LINE HOLDIN,29503067.0,"$29,503,067",https://valuesider.com/guru/john-rogers-ariel-appreciation-fund/portfolio
john-rogers-ariel-appreciation-fund,NVT,NVENT ELECTRIC PLC,15873567.0,"$15,873,567",https://valuesider.com/guru/john-rogers-ariel-appreciation-fund/portfolio
john-rogers-ariel-appreciation-fund,OMC,OMNICOM GROUP,27452012.0,"$27,452,012",https://valuesider.com/guru/john-rogers-ariel-appreciation-fund/portfolio
john-rogers-ariel-appreciation-fund,OSW,ONESPAWORLD HOLDINGS LTD,22408470.0,"$22,408,470",https://valuesider.com/guru/john-rogers-ariel-appreciation-fund/portfolio
john-rogers-ariel-appreciation-fund,PBH,PRESTIGE CONSUMER HEALTHCARE,23393403.0,"$23,393,403",https://valuesider.com/guru/john-rogers-ariel-appreciation-fund/portfolio
john-rogers-ariel-appreciation-fund,REZI,RESIDEO TECHNOLOGIES INC,16134900.0,"$16,134,900",https://valuesider.com/guru/john-rogers-ariel-appreciation-fund/portfolio
john-rogers-ariel-appreciation-fund,SLB,SCHLUMBERGER LTD,23281384.0,"$23,281,384",https://valuesider.com/guru/john-rogers-ariel-appreciation-fund/portfolio
john-rogers-ariel-appreciation-fund,SCHW,SCHWAB (CHARLES) CORP,19366654.0,"$19,366,654",https://valuesider.com/guru/john-rogers-ariel-appreciation-fund/portfolio
john-rogers-ariel-appreciation-fund,SWK,STANLEY BLACK & DECKER INC,18248887.0,"$18,248,887",https://valuesider.com/guru/john-rogers-ariel-appreciation-fund/portfolio
jim-cullen-capital-management-value-fund,ALL,ALLSTATE CORP,915027.0,"$915,027",https://valuesider.com/guru/jim-cullen-capital-management-value-fund/portfolio
jim-cullen-capital-management-value-fund,AXP,AMERICAN EXPRESS CO,650742.0,"$650,742",https://valuesider.com/guru/jim-cullen-capital-management-value-fund/portfolio
jim-cullen-capital-management-value-fund,AMAT,APPLIED MATERIALS INC,1068307.0,"$1,068,307",https://valuesider.com/guru/jim-cullen-capital-management-value-fund/portfolio
jim-cullen-capital-management-value-fund,ADM,ARCHER-DANIELS-MIDLAND CO,296016.0,"$296,016",https://valuesider.com/guru/jim-cullen-capital-management-value-fund/portfolio
jim-cullen-capital-management-value-fund,ARW,ARROW ELECTRONICS INC,619431.0,"$619,431",https://valuesider.com/guru/jim-cullen-capital-management-value-fund/portfolio
jim-cullen-capital-management-value-fund,AXTA,AXALTA COATING SYSTEMS LTD,465264.0,"$465,264",https://valuesider.com/guru/jim-cullen-capital-management-value-fund/portfolio
jim-cullen-capital-management-value-fund,BAC,BANK OF AMERICA CORP,845900.0,"$845,900",https://valuesider.com/guru/jim-cullen-capital-management-value-fund/portfolio
jim-cullen-capital-management-value-fund,BDX,BECTON DICKINSON AND CO,394544.0,"$394,544",https://valuesider.com/guru/jim-cullen-capital-management-value-fund/portfolio
jim-cullen-capital-management-value-fund,BA,BOEING CO/THE,524779.0,"$524,779",https://valuesider.com/guru/jim-cullen-capital-management-value-fund/portfolio
jim-cullen-capital-management-value-fund,BWA,BORGWARNER INC,407567.0,"$407,567",https://valuesider.com/guru/jim-cullen-capital-management-value-fund/portfolio
jim-cullen-capital-management-value-fund,BMY,BRISTOL-MYERS SQUIBB CO,375422.0,"$375,422",https://valuesider.com/guru/jim-cullen-capital-management-value-fund/portfolio
jim-cullen-capital-management-value-fund,CNI,CANADIAN NATL RAILWAY CO,419321.0,"$419,321",https://valuesider.com/guru/jim-cullen-capital-management-value-fund/portfolio
jim-cullen-capital-management-value-fund,CVX,CHEVRON CORP,616346.0,"$616,346",https://valuesider.com/guru/jim-cullen-capital-management-value-fund/portfolio
jim-cullen-capital-management-value-fund,CB,CHUBB LTD,892663.0,"$892,663",https://valuesider.com/guru/jim-cullen-capital-management-value-fund/portfolio
jim-cullen-capital-management-value-fund,CI,CIGNA CORP,606056.0,"$606,056",https://valuesider.com/guru/jim-cullen-capital-management-value-fund/portfolio
jim-cullen-capital-management-value-fund,CSCO,CISCO SYSTEMS INC,993764.0,"$993,764",https://valuesider.com/guru/jim-cullen-capital-management-value-fund/portfolio
jim-cullen-capital-management-value-fund,C,CITIGROUP INC COM NEW,1483830.0,"$1,483,830",https://valuesider.com/guru/jim-cullen-capital-management-value-fund/portfolio
jim-cullen-capital-management-value-fund,CMCSA,COMCAST CORP-CLASS A,363312.0,"$363,312",https://valuesider.com/guru/jim-cullen-capital-management-value-fund/portfolio
jim-cullen-capital-management-value-fund,COP,CONOCOPHILLIPS,526181.0,"$526,181",https://valuesider.com/guru/jim-cullen-capital-management-value-fund/portfolio
jim-cullen-capital-management-value-fund,GD,GENERAL DYNAMICS CORP,782734.0,"$782,734",https://valuesider.com/guru/jim-cullen-capital-management-value-fund/portfolio
jim-cullen-capital-management-value-fund,JNJ,JOHNSON & JOHNSON,825316.0,"$825,316",https://valuesider.com/guru/jim-cullen-capital-management-value-fund/portfolio
jim-cullen-capital-management-value-fund,JCI,JOHNSON CONTROLS INTERNATION,832262.0,"$832,262",https://valuesider.com/guru/jim-cullen-capital-management-value-fund/portfolio
jim-cullen-capital-management-value-fund,JPM,JPMORGAN CHASE & CO,965048.0,"$965,048",https://valuesider.com/guru/jim-cullen-capital-management-value-fund/portfolio
jim-cullen-capital-management-value-fund,LOW,LOWE'S COS INC,758448.0,"$758,448",https://valuesider.com/guru/jim-cullen-capital-management-value-fund/portfolio
jim-cullen-capital-management-value-fund,MICC,MAGNUM ICE CREAM CO NV/THE,39285.0,"$39,285",https://valuesider.com/guru/jim-cullen-capital-management-value-fund/portfolio
jim-cullen-capital-management-value-fund,MDT,MEDTRONIC PLC,672900.0,"$672,900",https://valuesider.com/guru/jim-cullen-capital-management-value-fund/portfolio
jim-cullen-capital-management-value-fund,MBGYY,MERCEDES-BENZ GROUP-UNSP ADR,399726.0,"$399,726",https://valuesider.com/guru/jim-cullen-capital-management-value-fund/portfolio
jim-cullen-capital-management-value-fund,MRK,MERCK & CO INC,599666.0,"$599,666",https://valuesider.com/guru/jim-cullen-capital-management-value-fund/portfolio
jim-cullen-capital-management-value-fund,MDLZ,MONDELEZ INTERNATIONAL INC-A,457285.0,"$457,285",https://valuesider.com/guru/jim-cullen-capital-management-value-fund/portfolio
jim-cullen-capital-management-value-fund,MS,MORGAN STANLEY,1045651.0,"$1,045,651",https://valuesider.com/guru/jim-cullen-capital-management-value-fund/portfolio
jim-cullen-capital-management-value-fund,NEE,NEXTERA ENERGY INC,654683.0,"$654,683",https://valuesider.com/guru/jim-cullen-capital-management-value-fund/portfolio
jim-cullen-capital-management-value-fund,ORCL,ORACLE CORP,730912.0,"$730,912",https://valuesider.com/guru/jim-cullen-capital-management-value-fund/portfolio
jim-cullen-capital-management-value-fund,PKG,PACKAGING CORP OF AMERICA,577444.0,"$577,444",https://valuesider.com/guru/jim-cullen-capital-management-value-fund/portfolio
jim-cullen-capital-management-value-fund,PFE,PFIZER INC,544314.0,"$544,314",https://valuesider.com/guru/jim-cullen-capital-management-value-fund/portfolio
jim-cullen-capital-management-value-fund,RTX,RAYTHEON TECHNOLOGIES CORP,1264909.0,"$1,264,909",https://valuesider.com/guru/jim-cullen-capital-management-value-fund/portfolio
jim-cullen-capital-management-value-fund,ST,SENSATA TECHNOLOGIES HOLDING,272145.0,"$272,145",https://valuesider.com/guru/jim-cullen-capital-management-value-fund/portfolio
jim-cullen-capital-management-value-fund,SIEGY,SIEMENS AG-SPONS ADR,755730.0,"$755,730",https://valuesider.com/guru/jim-cullen-capital-management-value-fund/portfolio
jim-cullen-capital-management-value-fund,TFC,TRUIST FINANCIAL CORP,323555.0,"$323,555",https://valuesider.com/guru/jim-cullen-capital-management-value-fund/portfolio
jim-cullen-capital-management-value-fund,UL,UNILEVER PLC-SPONSORED ADR,720446.0,"$720,446",https://valuesider.com/guru/jim-cullen-capital-management-value-fund/portfolio
jim-cullen-capital-management-value-fund,UNH,UNITEDHEALTH GROUP INC,498466.0,"$498,466",https://valuesider.com/guru/jim-cullen-capital-management-value-fund/portfolio
jim-cullen-capital-management-value-fund,VZ,VERIZON COMMUNICATIONS INC,476541.0,"$476,541",https://valuesider.com/guru/jim-cullen-capital-management-value-fund/portfolio
jim-cullen-capital-management-value-fund,DIS,WALT DISNEY CO/THE,543024.0,"$543,024",https://valuesider.com/guru/jim-cullen-capital-management-value-fund/portfolio
wallace-weitz-value-fund,ACN,ACCENTURE PLC-CL A,22805500.0,"$22,805,500",https://valuesider.com/guru/wallace-weitz-value-fund/portfolio
wallace-weitz-value-fund,GOOG,ALPHABET INC-CL C,43932000.0,"$43,932,000",https://valuesider.com/guru/wallace-weitz-value-fund/portfolio
wallace-weitz-value-fund,AMZN,AMAZONCOM INC,35200050.0,"$35,200,050",https://valuesider.com/guru/wallace-weitz-value-fund/portfolio
wallace-weitz-value-fund,ADI,ANALOG DEVICES INC,30510000.0,"$30,510,000",https://valuesider.com/guru/wallace-weitz-value-fund/portfolio
wallace-weitz-value-fund,AON,AON PLC-CLASS A,29994800.0,"$29,994,800",https://valuesider.com/guru/wallace-weitz-value-fund/portfolio
wallace-weitz-value-fund,BRK.B,BERKSHIRE HATHAWAY INC CL-B,36442125.0,"$36,442,125",https://valuesider.com/guru/wallace-weitz-value-fund/portfolio
wallace-weitz-value-fund,TECH,BIO-TECHNE CORP,17643000.0,"$17,643,000",https://valuesider.com/guru/wallace-weitz-value-fund/portfolio
wallace-weitz-value-fund,CNSWF,CONSTELLATION SOFTWARE INC,18039779.0,"$18,039,779",https://valuesider.com/guru/wallace-weitz-value-fund/portfolio
wallace-weitz-value-fund,CSGP,COSTAR GROUP INC,30930400.0,"$30,930,400",https://valuesider.com/guru/wallace-weitz-value-fund/portfolio
wallace-weitz-value-fund,DHR,DANAHER CORP,64097600.0,"$64,097,600",https://valuesider.com/guru/wallace-weitz-value-fund/portfolio
wallace-weitz-value-fund,EFX,EQUIFAX INC,30919650.0,"$30,919,650",https://valuesider.com/guru/wallace-weitz-value-fund/portfolio
wallace-weitz-value-fund,GPN,GLOBAL PAYMENTS INC,25155000.0,"$25,155,000",https://valuesider.com/guru/wallace-weitz-value-fund/portfolio
wallace-weitz-value-fund,IEX,IDEX CORP,33808600.0,"$33,808,600",https://valuesider.com/guru/wallace-weitz-value-fund/portfolio
wallace-weitz-value-fund,IDXX,IDEXX LABORATORIES INC,13530600.0,"$13,530,600",https://valuesider.com/guru/wallace-weitz-value-fund/portfolio
wallace-weitz-value-fund,IJGXX,JPMORGAN US GOVT MMKT-L,17587333.0,"$17,587,333",https://valuesider.com/guru/wallace-weitz-value-fund/portfolio
wallace-weitz-value-fund,MA,MASTERCARD INC - A,36536320.0,"$36,536,320",https://valuesider.com/guru/wallace-weitz-value-fund/portfolio
wallace-weitz-value-fund,MELI,MERCADOLIBRE INC,7452762.0,"$7,452,762",https://valuesider.com/guru/wallace-weitz-value-fund/portfolio
wallace-weitz-value-fund,META,META PLATFORMS INC-CLASS A,36304950.0,"$36,304,950",https://valuesider.com/guru/wallace-weitz-value-fund/portfolio
wallace-weitz-value-fund,MSFT,MICROSOFT CORP,48362000.0,"$48,362,000",https://valuesider.com/guru/wallace-weitz-value-fund/portfolio
wallace-weitz-value-fund,ODFL,OLD DOMINION FREIGHT LINE,19380480.0,"$19,380,480",https://valuesider.com/guru/wallace-weitz-value-fund/portfolio
wallace-weitz-value-fund,ORCL,ORACLE CORP,13643700.0,"$13,643,700",https://valuesider.com/guru/wallace-weitz-value-fund/portfolio
wallace-weitz-value-fund,CRM,SALESFORCECOM INC,23179625.0,"$23,179,625",https://valuesider.com/guru/wallace-weitz-value-fund/portfolio
wallace-weitz-value-fund,TMO,THERMO FISHER SCIENTIFIC INC,49253250.0,"$49,253,250",https://valuesider.com/guru/wallace-weitz-value-fund/portfolio
wallace-weitz-value-fund,V,VISA INC-CLASS A SHARES,40331650.0,"$40,331,650",https://valuesider.com/guru/wallace-weitz-value-fund/portfolio
wallace-weitz-value-fund,VMC,VULCAN MATERIALS CO,33513350.0,"$33,513,350",https://valuesider.com/guru/wallace-weitz-value-fund/portfolio
christopher-davis-clipper-fund,AGCO,AGCO CORP,12133459.0,"$12,133,459",https://valuesider.com/guru/christopher-davis-clipper-fund/portfolio
christopher-davis-clipper-fund,GOOGL,ALPHABET INC-CL A,102794834.0,"$102,794,834",https://valuesider.com/guru/christopher-davis-clipper-fund/portfolio
christopher-davis-clipper-fund,AMZN,AMAZONCOM INC,43282673.0,"$43,282,673",https://valuesider.com/guru/christopher-davis-clipper-fund/portfolio
christopher-davis-clipper-fund,AMAT,APPLIED MATERIALS INC,69552544.0,"$69,552,544",https://valuesider.com/guru/christopher-davis-clipper-fund/portfolio
christopher-davis-clipper-fund,,ASAC II LP UNIT SEALED,429104.0,"$429,104",https://valuesider.com/guru/christopher-davis-clipper-fund/portfolio
christopher-davis-clipper-fund,BRK.A,BERKSHIRE HATHAWAY INC CL-A,71706000.0,"$71,706,000",https://valuesider.com/guru/christopher-davis-clipper-fund/portfolio
christopher-davis-clipper-fund,COG,CABOT OIL & GAS CORP,48897822.0,"$48,897,822",https://valuesider.com/guru/christopher-davis-clipper-fund/portfolio
christopher-davis-clipper-fund,COF,CAPITAL ONE FINANCIAL CORP,126037863.0,"$126,037,863",https://valuesider.com/guru/christopher-davis-clipper-fund/portfolio
christopher-davis-clipper-fund,CI,CIGNA CORP,10640391.0,"$10,640,391",https://valuesider.com/guru/christopher-davis-clipper-fund/portfolio
christopher-davis-clipper-fund,COP,CONOCOPHILLIPS,14958878.0,"$14,958,878",https://valuesider.com/guru/christopher-davis-clipper-fund/portfolio
christopher-davis-clipper-fund,CVS,CVS HEALTH CORP,62008729.0,"$62,008,729",https://valuesider.com/guru/christopher-davis-clipper-fund/portfolio
christopher-davis-clipper-fund,DANSKE,DANSKE BANK AS,16885504.0,"$16,885,504",https://valuesider.com/guru/christopher-davis-clipper-fund/portfolio
christopher-davis-clipper-fund,DIDI,DIDI GLOBAL INC,11451538.0,"$11,451,538",https://valuesider.com/guru/christopher-davis-clipper-fund/portfolio
christopher-davis-clipper-fund,MKL,MARKEL CORP,90837760.0,"$90,837,760",https://valuesider.com/guru/christopher-davis-clipper-fund/portfolio
christopher-davis-clipper-fund,META,META PLATFORMS INC-CLASS A,88465261.0,"$88,465,261",https://valuesider.com/guru/christopher-davis-clipper-fund/portfolio
christopher-davis-clipper-fund,MGM,MGM RESORTS INTERNATIONAL,66368376.0,"$66,368,376",https://valuesider.com/guru/christopher-davis-clipper-fund/portfolio
christopher-davis-clipper-fund,NPN,NASPERS LTD N SHS,30731425.0,"$30,731,425",https://valuesider.com/guru/christopher-davis-clipper-fund/portfolio
christopher-davis-clipper-fund,OC,OWENS CORNING,8756957.0,"$8,756,957",https://valuesider.com/guru/christopher-davis-clipper-fund/portfolio
christopher-davis-clipper-fund,2318,PING AN INSURANCE GROUP CO H,27551020.0,"$27,551,020",https://valuesider.com/guru/christopher-davis-clipper-fund/portfolio
christopher-davis-clipper-fund,PINS,PINTEREST INC- CLASS A,21036401.0,"$21,036,401",https://valuesider.com/guru/christopher-davis-clipper-fund/portfolio
christopher-davis-clipper-fund,QSR,RESTAURANT BRANDS INTERN,20032328.0,"$20,032,328",https://valuesider.com/guru/christopher-davis-clipper-fund/portfolio
christopher-davis-clipper-fund,005930,SAMSUNG ELECTRONICS CO LTD,37779561.0,"$37,779,561",https://valuesider.com/guru/christopher-davis-clipper-fund/portfolio
christopher-davis-clipper-fund,SOLV,SOLVENTUM CORP,23415420.0,"$23,415,420",https://valuesider.com/guru/christopher-davis-clipper-fund/portfolio
christopher-davis-clipper-fund,TECK,TECK RESOURCES LTD-CLS B,25701126.0,"$25,701,126",https://valuesider.com/guru/christopher-davis-clipper-fund/portfolio
christopher-davis-clipper-fund,TXN,TEXAS INSTRUMENTS INC,13844502.0,"$13,844,502",https://valuesider.com/guru/christopher-davis-clipper-fund/portfolio
christopher-davis-clipper-fund,TOU,TOURMALINE OIL CORP,24841076.0,"$24,841,076",https://valuesider.com/guru/christopher-davis-clipper-fund/portfolio
christopher-davis-clipper-fund,TCOM,TRIPCOM GROUP LTD-ADR,11939936.0,"$11,939,936",https://valuesider.com/guru/christopher-davis-clipper-fund/portfolio
christopher-davis-clipper-fund,TSN,TYSON FOODS INC-CL A,46332661.0,"$46,332,661",https://valuesider.com/guru/christopher-davis-clipper-fund/portfolio
christopher-davis-clipper-fund,UNH,UNITEDHEALTH GROUP INC,24398430.0,"$24,398,430",https://valuesider.com/guru/christopher-davis-clipper-fund/portfolio
christopher-davis-clipper-fund,USB,US BANCORP,75816556.0,"$75,816,556",https://valuesider.com/guru/christopher-davis-clipper-fund/portfolio
christopher-davis-clipper-fund,VTRSV,VIATRIS INC-W/I,41261665.0,"$41,261,665",https://valuesider.com/guru/christopher-davis-clipper-fund/portfolio
christopher-davis-clipper-fund,WFC,WELLS FARGO & CO,35556732.0,"$35,556,732",https://valuesider.com/guru/christopher-davis-clipper-fund/portfolio
charles-bobrinskoy-ariel-focus-fund,AMG,AFFILIATED MANAGERS GROUP,4098765.0,"$4,098,765",https://valuesider.com/guru/charles-bobrinskoy-ariel-focus-fund/portfolio
charles-bobrinskoy-ariel-focus-fund,APA,APA CORP,3426112.0,"$3,426,112",https://valuesider.com/guru/charles-bobrinskoy-ariel-focus-fund/portfolio
charles-bobrinskoy-ariel-focus-fund,AJG,ARTHUR J GALLAGHER & CO,1857335.0,"$1,857,335",https://valuesider.com/guru/charles-bobrinskoy-ariel-focus-fund/portfolio
charles-bobrinskoy-ariel-focus-fund,BAC,BANK OF AMERICA CORP,3930685.0,"$3,930,685",https://valuesider.com/guru/charles-bobrinskoy-ariel-focus-fund/portfolio
charles-bobrinskoy-ariel-focus-fund,B,BARRICK MINING CORP,4290023.0,"$4,290,023",https://valuesider.com/guru/charles-bobrinskoy-ariel-focus-fund/portfolio
charles-bobrinskoy-ariel-focus-fund,BWA,BORGWARNER INC,1434800.0,"$1,434,800",https://valuesider.com/guru/charles-bobrinskoy-ariel-focus-fund/portfolio
charles-bobrinskoy-ariel-focus-fund,BYD,BOYD GAMING CORP,3106230.0,"$3,106,230",https://valuesider.com/guru/charles-bobrinskoy-ariel-focus-fund/portfolio
charles-bobrinskoy-ariel-focus-fund,CVX,CHEVRON CORP,2856925.0,"$2,856,925",https://valuesider.com/guru/charles-bobrinskoy-ariel-focus-fund/portfolio
charles-bobrinskoy-ariel-focus-fund,GS,GOLDMAN SACHS GROUP INC,1235874.0,"$1,235,874",https://valuesider.com/guru/charles-bobrinskoy-ariel-focus-fund/portfolio
charles-bobrinskoy-ariel-focus-fund,JNJ,JOHNSON & JOHNSON,4071534.0,"$4,071,534",https://valuesider.com/guru/charles-bobrinskoy-ariel-focus-fund/portfolio
charles-bobrinskoy-ariel-focus-fund,LMT,LOCKHEED MARTIN CORP,3095004.0,"$3,095,004",https://valuesider.com/guru/charles-bobrinskoy-ariel-focus-fund/portfolio
charles-bobrinskoy-ariel-focus-fund,MHK,MOHAWK INDUSTRIES INC,3117673.0,"$3,117,673",https://valuesider.com/guru/charles-bobrinskoy-ariel-focus-fund/portfolio
charles-bobrinskoy-ariel-focus-fund,MOS,MOSAIC CO/THE,1692707.0,"$1,692,707",https://valuesider.com/guru/charles-bobrinskoy-ariel-focus-fund/portfolio
charles-bobrinskoy-ariel-focus-fund,ORCL,ORACLE CORP,1489697.0,"$1,489,697",https://valuesider.com/guru/charles-bobrinskoy-ariel-focus-fund/portfolio
charles-bobrinskoy-ariel-focus-fund,PHIN,PHINIA INC,4038176.0,"$4,038,176",https://valuesider.com/guru/charles-bobrinskoy-ariel-focus-fund/portfolio
charles-bobrinskoy-ariel-focus-fund,SNA,SNAP-ON INC,3681017.0,"$3,681,017",https://valuesider.com/guru/charles-bobrinskoy-ariel-focus-fund/portfolio
bill-nygren-oakmark-select-fund,ABNB,AIRBNB INC-CLASS A,380681028.0,"$380,681,028",https://valuesider.com/guru/bill-nygren-oakmark-select-fund/portfolio
bill-nygren-oakmark-select-fund,ALLY,ALLY FINANCIAL INC,273904862.0,"$273,904,862",https://valuesider.com/guru/bill-nygren-oakmark-select-fund/portfolio
bill-nygren-oakmark-select-fund,GOOGL,ALPHABET INC-CL A,321864160.0,"$321,864,160",https://valuesider.com/guru/bill-nygren-oakmark-select-fund/portfolio
bill-nygren-oakmark-select-fund,APA,APA CORP,137103192.0,"$137,103,192",https://valuesider.com/guru/bill-nygren-oakmark-select-fund/portfolio
bill-nygren-oakmark-select-fund,COF,CAPITAL ONE FINANCIAL CORP,347810108.0,"$347,810,108",https://valuesider.com/guru/bill-nygren-oakmark-select-fund/portfolio
bill-nygren-oakmark-select-fund,CBRE,CBRE GROUP INC - A,271695224.0,"$271,695,224",https://valuesider.com/guru/bill-nygren-oakmark-select-fund/portfolio
bill-nygren-oakmark-select-fund,CNC,CENTENE CORP,241303600.0,"$241,303,600",https://valuesider.com/guru/bill-nygren-oakmark-select-fund/portfolio
bill-nygren-oakmark-select-fund,CRL,CHARLES RIVER LABORATORIES,200277920.0,"$200,277,920",https://valuesider.com/guru/bill-nygren-oakmark-select-fund/portfolio
bill-nygren-oakmark-select-fund,COP,CONOCOPHILLIPS,256951212.0,"$256,951,212",https://valuesider.com/guru/bill-nygren-oakmark-select-fund/portfolio
bill-nygren-oakmark-select-fund,DE,DEERE & CO,244750149.0,"$244,750,149",https://valuesider.com/guru/bill-nygren-oakmark-select-fund/portfolio
bill-nygren-oakmark-select-fund,EFX,EQUIFAX INC,275781580.0,"$275,781,580",https://valuesider.com/guru/bill-nygren-oakmark-select-fund/portfolio
bill-nygren-oakmark-select-fund,FCNCA,FIRST CITIZENS BCSHS -CL A,570909634.0,"$570,909,634",https://valuesider.com/guru/bill-nygren-oakmark-select-fund/portfolio
bill-nygren-oakmark-select-fund,ICLR,ICON PLC,191148780.0,"$191,148,780",https://valuesider.com/guru/bill-nygren-oakmark-select-fund/portfolio
bill-nygren-oakmark-select-fund,ICE,INTERCONTINENTAL EXCHANGE IN,406819711.0,"$406,819,711",https://valuesider.com/guru/bill-nygren-oakmark-select-fund/portfolio
bill-nygren-oakmark-select-fund,IQV,IQVIA HOLDINGS INC,474803624.0,"$474,803,624",https://valuesider.com/guru/bill-nygren-oakmark-select-fund/portfolio
bill-nygren-oakmark-select-fund,KDP,KEURIG DR PEPPER INC,464002399.0,"$464,002,399",https://valuesider.com/guru/bill-nygren-oakmark-select-fund/portfolio
bill-nygren-oakmark-select-fund,LAD,LITHIA MOTORS INC,435053203.0,"$435,053,203",https://valuesider.com/guru/bill-nygren-oakmark-select-fund/portfolio
bill-nygren-oakmark-select-fund,MOH,MOLINA HEALTHCARE INC,150459180.0,"$150,459,180",https://valuesider.com/guru/bill-nygren-oakmark-select-fund/portfolio
bill-nygren-oakmark-select-fund,PAYC,PAYCOM SOFTWARE INC,314688192.0,"$314,688,192",https://valuesider.com/guru/bill-nygren-oakmark-select-fund/portfolio
bill-nygren-oakmark-select-fund,PSX,PHILLIPS 66,299721208.0,"$299,721,208",https://valuesider.com/guru/bill-nygren-oakmark-select-fund/portfolio
bill-nygren-oakmark-select-fund,CRM,SALESFORCECOM INC,481341470.0,"$481,341,470",https://valuesider.com/guru/bill-nygren-oakmark-select-fund/portfolio
bill-nygren-oakmark-select-fund,SCHW,SCHWAB (CHARLES) CORP,322633368.0,"$322,633,368",https://valuesider.com/guru/bill-nygren-oakmark-select-fund/portfolio
bill-nygren-oakmark-select-fund,TRGP,TARGA RESOURCES CORP,218817000.0,"$218,817,000",https://valuesider.com/guru/bill-nygren-oakmark-select-fund/portfolio
bill-nygren-oakmark-select-fund,WBD,WARNER BROS DISCOVERY INC,506425040.0,"$506,425,040",https://valuesider.com/guru/bill-nygren-oakmark-select-fund/portfolio
andrew-adams-mairs-and-power-growth-fund,LNT,ALLIANT ENERGY CORP,126639480.0,"$126,639,480",https://valuesider.com/guru/andrew-adams-mairs-and-power-growth-fund/portfolio
andrew-adams-mairs-and-power-growth-fund,GOOG,ALPHABET INC-CL C,222843501.0,"$222,843,501",https://valuesider.com/guru/andrew-adams-mairs-and-power-growth-fund/portfolio
andrew-adams-mairs-and-power-growth-fund,AMZN,AMAZONCOM INC,385931040.0,"$385,931,040",https://valuesider.com/guru/andrew-adams-mairs-and-power-growth-fund/portfolio
andrew-adams-mairs-and-power-growth-fund,AAPL,APPLE INC,215802468.0,"$215,802,468",https://valuesider.com/guru/andrew-adams-mairs-and-power-growth-fund/portfolio
andrew-adams-mairs-and-power-growth-fund,TECH,BIO-TECHNE CORP,85497978.0,"$85,497,978",https://valuesider.com/guru/andrew-adams-mairs-and-power-growth-fund/portfolio
andrew-adams-mairs-and-power-growth-fund,CASY,CASEY'S GENERAL STORES INC,23627247.0,"$23,627,247",https://valuesider.com/guru/andrew-adams-mairs-and-power-growth-fund/portfolio
andrew-adams-mairs-and-power-growth-fund,CHRW,CH ROBINSON WORLDWIDE INC,84399000.0,"$84,399,000",https://valuesider.com/guru/andrew-adams-mairs-and-power-growth-fund/portfolio
andrew-adams-mairs-and-power-growth-fund,CLFD,CLEARFIELD INC,12839030.0,"$12,839,030",https://valuesider.com/guru/andrew-adams-mairs-and-power-growth-fund/portfolio
andrew-adams-mairs-and-power-growth-fund,CGNX,COGNEX CORP,26085500.0,"$26,085,500",https://valuesider.com/guru/andrew-adams-mairs-and-power-growth-fund/portfolio
andrew-adams-mairs-and-power-growth-fund,ECL,ECOLAB INC,72984497.0,"$72,984,497",https://valuesider.com/guru/andrew-adams-mairs-and-power-growth-fund/portfolio
andrew-adams-mairs-and-power-growth-fund,LLY,ELI LILLY & CO,163930612.0,"$163,930,612",https://valuesider.com/guru/andrew-adams-mairs-and-power-growth-fund/portfolio
andrew-adams-mairs-and-power-growth-fund,ENTG,ENTEGRIS INC,68832250.0,"$68,832,250",https://valuesider.com/guru/andrew-adams-mairs-and-power-growth-fund/portfolio
andrew-adams-mairs-and-power-growth-fund,FAST,FASTENAL CO,95649895.0,"$95,649,895",https://valuesider.com/guru/andrew-adams-mairs-and-power-growth-fund/portfolio
andrew-adams-mairs-and-power-growth-fund,FGXXX,FIRST AM GOV OBLIG-X,11706503.0,"$11,706,503",https://valuesider.com/guru/andrew-adams-mairs-and-power-growth-fund/portfolio
andrew-adams-mairs-and-power-growth-fund,FISV,FISERV INC,58665942.0,"$58,665,942",https://valuesider.com/guru/andrew-adams-mairs-and-power-growth-fund/portfolio
andrew-adams-mairs-and-power-growth-fund,GGG,GRACO INC,168839674.0,"$168,839,674",https://valuesider.com/guru/andrew-adams-mairs-and-power-growth-fund/portfolio
andrew-adams-mairs-and-power-growth-fund,FUL,HB FULLER CO,80429996.0,"$80,429,996",https://valuesider.com/guru/andrew-adams-mairs-and-power-growth-fund/portfolio
andrew-adams-mairs-and-power-growth-fund,HRL,HORMEL FOODS CORP,51466730.0,"$51,466,730",https://valuesider.com/guru/andrew-adams-mairs-and-power-growth-fund/portfolio
andrew-adams-mairs-and-power-growth-fund,IDA,IDACORP INC,29741600.0,"$29,741,600",https://valuesider.com/guru/andrew-adams-mairs-and-power-growth-fund/portfolio
andrew-adams-mairs-and-power-growth-fund,ISRG,INTUITIVE SURGICAL INC,28318000.0,"$28,318,000",https://valuesider.com/guru/andrew-adams-mairs-and-power-growth-fund/portfolio
andrew-adams-mairs-and-power-growth-fund,JNJ,JOHNSON & JOHNSON,54904041.0,"$54,904,041",https://valuesider.com/guru/andrew-adams-mairs-and-power-growth-fund/portfolio
andrew-adams-mairs-and-power-growth-fund,JPM,JPMORGAN CHASE & CO,282909160.0,"$282,909,160",https://valuesider.com/guru/andrew-adams-mairs-and-power-growth-fund/portfolio
andrew-adams-mairs-and-power-growth-fund,KHC,KRAFT HEINZ CO/THE,27038750.0,"$27,038,750",https://valuesider.com/guru/andrew-adams-mairs-and-power-growth-fund/portfolio
andrew-adams-mairs-and-power-growth-fund,LFUS,LITTELFUSE INC,113119481.0,"$113,119,481",https://valuesider.com/guru/andrew-adams-mairs-and-power-growth-fund/portfolio
andrew-adams-mairs-and-power-growth-fund,MEDP,MEDPACE HOLDINGS INC,28082500.0,"$28,082,500",https://valuesider.com/guru/andrew-adams-mairs-and-power-growth-fund/portfolio
andrew-adams-mairs-and-power-growth-fund,META,META PLATFORMS INC-CLASS A,161722050.0,"$161,722,050",https://valuesider.com/guru/andrew-adams-mairs-and-power-growth-fund/portfolio
andrew-adams-mairs-and-power-growth-fund,MSFT,MICROSOFT CORP,594782475.0,"$594,782,475",https://valuesider.com/guru/andrew-adams-mairs-and-power-growth-fund/portfolio
andrew-adams-mairs-and-power-growth-fund,MSI,MOTOROLA SOLUTIONS INC,126878920.0,"$126,878,920",https://valuesider.com/guru/andrew-adams-mairs-and-power-growth-fund/portfolio
andrew-adams-mairs-and-power-growth-fund,NVT,NVENT ELECTRIC PLC,121624513.0,"$121,624,513",https://valuesider.com/guru/andrew-adams-mairs-and-power-growth-fund/portfolio
andrew-adams-mairs-and-power-growth-fund,NVDA,NVIDIA CORP,520118287.0,"$520,118,287",https://valuesider.com/guru/andrew-adams-mairs-and-power-growth-fund/portfolio
andrew-adams-mairs-and-power-growth-fund,PANW,PALO ALTO NETWORKS INC,27929140.0,"$27,929,140",https://valuesider.com/guru/andrew-adams-mairs-and-power-growth-fund/portfolio
andrew-adams-mairs-and-power-growth-fund,PIPR,PIPER SANDLER COS,42633605.0,"$42,633,605",https://valuesider.com/guru/andrew-adams-mairs-and-power-growth-fund/portfolio
andrew-adams-mairs-and-power-growth-fund,QCOM,QUALCOMM INC,40367800.0,"$40,367,800",https://valuesider.com/guru/andrew-adams-mairs-and-power-growth-fund/portfolio
andrew-adams-mairs-and-power-growth-fund,RHHBY,ROCHE HOLDINGS LTD-SPONS ADR,174951689.0,"$174,951,689",https://valuesider.com/guru/andrew-adams-mairs-and-power-growth-fund/portfolio
andrew-adams-mairs-and-power-growth-fund,ROK,ROCKWELL AUTOMATION INC,70032600.0,"$70,032,600",https://valuesider.com/guru/andrew-adams-mairs-and-power-growth-fund/portfolio
andrew-adams-mairs-and-power-growth-fund,CRM,SALESFORCECOM INC,42723890.0,"$42,723,890",https://valuesider.com/guru/andrew-adams-mairs-and-power-growth-fund/portfolio
andrew-adams-mairs-and-power-growth-fund,SHW,SHERWIN-WILLIAMS CO/THE,98505120.0,"$98,505,120",https://valuesider.com/guru/andrew-adams-mairs-and-power-growth-fund/portfolio
andrew-adams-mairs-and-power-growth-fund,TSM,TAIWAN SEMICONDUCTOR-SP ADR,116085980.0,"$116,085,980",https://valuesider.com/guru/andrew-adams-mairs-and-power-growth-fund/portfolio
andrew-adams-mairs-and-power-growth-fund,TNC,TENNANT CO,44492690.0,"$44,492,690",https://valuesider.com/guru/andrew-adams-mairs-and-power-growth-fund/portfolio
andrew-adams-mairs-and-power-growth-fund,TTC,TORO CO,157402450.0,"$157,402,450",https://valuesider.com/guru/andrew-adams-mairs-and-power-growth-fund/portfolio
andrew-adams-mairs-and-power-growth-fund,UNH,UNITEDHEALTH GROUP INC,166237784.0,"$166,237,784",https://valuesider.com/guru/andrew-adams-mairs-and-power-growth-fund/portfolio
andrew-adams-mairs-and-power-growth-fund,VZ,VERIZON COMMUNICATIONS INC,98607330.0,"$98,607,330",https://valuesider.com/guru/andrew-adams-mairs-and-power-growth-fund/portfolio
andrew-adams-mairs-and-power-growth-fund,V,VISA INC-CLASS A SHARES,155715240.0,"$155,715,240",https://valuesider.com/guru/andrew-adams-mairs-and-power-growth-fund/portfolio
andrew-adams-mairs-and-power-growth-fund,WEC,WEC ENERGY GROUP INC,131877730.0,"$131,877,730",https://valuesider.com/guru/andrew-adams-mairs-and-power-growth-fund/portfolio
andrew-adams-mairs-and-power-growth-fund,WFC,WELLS FARGO & CO,62373913.0,"$62,373,913",https://valuesider.com/guru/andrew-adams-mairs-and-power-growth-fund/portfolio
andrew-adams-mairs-and-power-growth-fund,WK,WORKIVA INC,37333916.0,"$37,333,916",https://valuesider.com/guru/andrew-adams-mairs-and-power-growth-fund/portfolio
andrew-adams-mairs-and-power-growth-fund,ZTS,ZOETIS INC,22647600.0,"$22,647,600",https://valuesider.com/guru/andrew-adams-mairs-and-power-growth-fund/portfolio
ruane-cunniff--goldfarb-sequoia-fund,ACN,ACCENTURE PLC-CL A,94531212.0,"$94,531,212",https://valuesider.com/guru/ruane-cunniff--goldfarb-sequoia-fund/portfolio
ruane-cunniff--goldfarb-sequoia-fund,ALGN,ALIGN TECHNOLOGY INC,71042472.0,"$71,042,472",https://valuesider.com/guru/ruane-cunniff--goldfarb-sequoia-fund/portfolio
ruane-cunniff--goldfarb-sequoia-fund,GOOGL,ALPHABET INC-CL A,310227133.0,"$310,227,133",https://valuesider.com/guru/ruane-cunniff--goldfarb-sequoia-fund/portfolio
ruane-cunniff--goldfarb-sequoia-fund,AMTM,AMENTUM HOLDINGS INC,29375840.0,"$29,375,840",https://valuesider.com/guru/ruane-cunniff--goldfarb-sequoia-fund/portfolio
ruane-cunniff--goldfarb-sequoia-fund,ANTM,ANTHEM INC,186656306.0,"$186,656,306",https://valuesider.com/guru/ruane-cunniff--goldfarb-sequoia-fund/portfolio
ruane-cunniff--goldfarb-sequoia-fund,ASHTF,ASHTEAD GROUP PLC,149398772.0,"$149,398,772",https://valuesider.com/guru/ruane-cunniff--goldfarb-sequoia-fund/portfolio
ruane-cunniff--goldfarb-sequoia-fund,BRK.B,BERKSHIRE HATHAWAY INC CL-B,39341912.0,"$39,341,912",https://valuesider.com/guru/ruane-cunniff--goldfarb-sequoia-fund/portfolio
ruane-cunniff--goldfarb-sequoia-fund,COF,CAPITAL ONE FINANCIAL CORP,200369433.0,"$200,369,433",https://valuesider.com/guru/ruane-cunniff--goldfarb-sequoia-fund/portfolio
ruane-cunniff--goldfarb-sequoia-fund,CHTR,CHARTER COMMUNICATIONS INC-A,28487903.0,"$28,487,903",https://valuesider.com/guru/ruane-cunniff--goldfarb-sequoia-fund/portfolio
ruane-cunniff--goldfarb-sequoia-fund,CSU,CONSTELLATION SOFTWARE INC,0.0,$0,https://valuesider.com/guru/ruane-cunniff--goldfarb-sequoia-fund/portfolio
ruane-cunniff--goldfarb-sequoia-fund,CNSWF,CONSTELLATION SOFTWARE INC,199592125.0,"$199,592,125",https://valuesider.com/guru/ruane-cunniff--goldfarb-sequoia-fund/portfolio
ruane-cunniff--goldfarb-sequoia-fund,CACC,CREDIT ACCEPTANCE CORP,91241895.0,"$91,241,895",https://valuesider.com/guru/ruane-cunniff--goldfarb-sequoia-fund/portfolio
ruane-cunniff--goldfarb-sequoia-fund,ERFSF,EUROFINS SCIENTIFIC,214233140.0,"$214,233,140",https://valuesider.com/guru/ruane-cunniff--goldfarb-sequoia-fund/portfolio
ruane-cunniff--goldfarb-sequoia-fund,GLIBA,GCI LIBERTY INC-CL A,2508745.0,"$2,508,745",https://valuesider.com/guru/ruane-cunniff--goldfarb-sequoia-fund/portfolio
ruane-cunniff--goldfarb-sequoia-fund,GLIBK,GCI LIBERTY INC-CL C,6739549.0,"$6,739,549",https://valuesider.com/guru/ruane-cunniff--goldfarb-sequoia-fund/portfolio
ruane-cunniff--goldfarb-sequoia-fund,ICLR,ICON PLC,115014712.0,"$115,014,712",https://valuesider.com/guru/ruane-cunniff--goldfarb-sequoia-fund/portfolio
ruane-cunniff--goldfarb-sequoia-fund,ICE,INTERCONTINENTAL EXCHANGE IN,164510870.0,"$164,510,870",https://valuesider.com/guru/ruane-cunniff--goldfarb-sequoia-fund/portfolio
ruane-cunniff--goldfarb-sequoia-fund,LBRDA,LIBERTY BROADBAND-A,16425628.0,"$16,425,628",https://valuesider.com/guru/ruane-cunniff--goldfarb-sequoia-fund/portfolio
ruane-cunniff--goldfarb-sequoia-fund,LBRDK,LIBERTY BROADBAND-C,28323934.0,"$28,323,934",https://valuesider.com/guru/ruane-cunniff--goldfarb-sequoia-fund/portfolio
ruane-cunniff--goldfarb-sequoia-fund,FWONA,LIBERTY MEDIA CORP-LIB-NEW-A,3771925.0,"$3,771,925",https://valuesider.com/guru/ruane-cunniff--goldfarb-sequoia-fund/portfolio
ruane-cunniff--goldfarb-sequoia-fund,FWONK,LIBERTY MEDIA CORP-LIB-NEW-C,269861840.0,"$269,861,840",https://valuesider.com/guru/ruane-cunniff--goldfarb-sequoia-fund/portfolio
ruane-cunniff--goldfarb-sequoia-fund,META,META PLATFORMS INC-CLASS A,46297392.0,"$46,297,392",https://valuesider.com/guru/ruane-cunniff--goldfarb-sequoia-fund/portfolio
ruane-cunniff--goldfarb-sequoia-fund,MSA,MSA SAFETY INC,107650431.0,"$107,650,431",https://valuesider.com/guru/ruane-cunniff--goldfarb-sequoia-fund/portfolio
ruane-cunniff--goldfarb-sequoia-fund,RYCEF,ROLLS-ROYCE HOLDINGS PLC,470882679.0,"$470,882,679",https://valuesider.com/guru/ruane-cunniff--goldfarb-sequoia-fund/portfolio
ruane-cunniff--goldfarb-sequoia-fund,RYCEY,ROLLS-ROYCE HOLDINGS-SP ADR,18049153.0,"$18,049,153",https://valuesider.com/guru/ruane-cunniff--goldfarb-sequoia-fund/portfolio
ruane-cunniff--goldfarb-sequoia-fund,SAPGF,SAP SE,129362653.0,"$129,362,653",https://valuesider.com/guru/ruane-cunniff--goldfarb-sequoia-fund/portfolio
ruane-cunniff--goldfarb-sequoia-fund,SAP,SAP SE-SPONSORED ADR,11156127.0,"$11,156,127",https://valuesider.com/guru/ruane-cunniff--goldfarb-sequoia-fund/portfolio
ruane-cunniff--goldfarb-sequoia-fund,SCHW,SCHWAB (CHARLES) CORP,167028339.0,"$167,028,339",https://valuesider.com/guru/ruane-cunniff--goldfarb-sequoia-fund/portfolio
ruane-cunniff--goldfarb-sequoia-fund,TSM,TAIWAN SEMICONDUCTOR-SP ADR,151148504.0,"$151,148,504",https://valuesider.com/guru/ruane-cunniff--goldfarb-sequoia-fund/portfolio
ruane-cunniff--goldfarb-sequoia-fund,UNH,UNITEDHEALTH GROUP INC,91440800.0,"$91,440,800",https://valuesider.com/guru/ruane-cunniff--goldfarb-sequoia-fund/portfolio
ruane-cunniff--goldfarb-sequoia-fund,UMGNF,UNIVERSAL MUSIC GROUP NV,226900743.0,"$226,900,743",https://valuesider.com/guru/ruane-cunniff--goldfarb-sequoia-fund/portfolio
mark-hillman-value-fund,ADBE,ADOBE INC,2309934.0,"$2,309,934",https://valuesider.com/guru/mark-hillman-value-fund/portfolio
mark-hillman-value-fund,AKAM,AKAMAI TECHNOLOGIES INC,3010125.0,"$3,010,125",https://valuesider.com/guru/mark-hillman-value-fund/portfolio
mark-hillman-value-fund,BUD,ANHEUSER-BUSCH INBEV-SPN ADR,2433520.0,"$2,433,520",https://valuesider.com/guru/mark-hillman-value-fund/portfolio
mark-hillman-value-fund,ASML,ASML HOLDING NV-NY REG SHS,2353692.0,"$2,353,692",https://valuesider.com/guru/mark-hillman-value-fund/portfolio
mark-hillman-value-fund,BAX,BAXTER INTERNATIONAL INC,2163252.0,"$2,163,252",https://valuesider.com/guru/mark-hillman-value-fund/portfolio
mark-hillman-value-fund,BDX,BECTON DICKINSON AND CO,2387061.0,"$2,387,061",https://valuesider.com/guru/mark-hillman-value-fund/portfolio
mark-hillman-value-fund,BIIB,BIOGEN INC,2481459.0,"$2,481,459",https://valuesider.com/guru/mark-hillman-value-fund/portfolio
mark-hillman-value-fund,BA,BOEING CO/THE,2388320.0,"$2,388,320",https://valuesider.com/guru/mark-hillman-value-fund/portfolio
mark-hillman-value-fund,BMY,BRISTOL-MYERS SQUIBB CO,2502816.0,"$2,502,816",https://valuesider.com/guru/mark-hillman-value-fund/portfolio
mark-hillman-value-fund,BF.B,BROWN-FORMAN CORP-CLASS B,2069164.0,"$2,069,164",https://valuesider.com/guru/mark-hillman-value-fund/portfolio
mark-hillman-value-fund,CPB,CAMPBELL SOUP CO,2115333.0,"$2,115,333",https://valuesider.com/guru/mark-hillman-value-fund/portfolio
mark-hillman-value-fund,KMX,CARMAX INC,2449776.0,"$2,449,776",https://valuesider.com/guru/mark-hillman-value-fund/portfolio
mark-hillman-value-fund,CMCSA,COMCAST CORP-CLASS A,2483171.0,"$2,483,171",https://valuesider.com/guru/mark-hillman-value-fund/portfolio
mark-hillman-value-fund,CAG,CONAGRA BRANDS INC,2200101.0,"$2,200,101",https://valuesider.com/guru/mark-hillman-value-fund/portfolio
mark-hillman-value-fund,STZ,CONSTELLATION BRANDS INC-A,2262544.0,"$2,262,544",https://valuesider.com/guru/mark-hillman-value-fund/portfolio
mark-hillman-value-fund,CVS,CVS HEALTH CORP,2499840.0,"$2,499,840",https://valuesider.com/guru/mark-hillman-value-fund/portfolio
mark-hillman-value-fund,DEO,DIAGEO PLC-SPONSORED ADR,2010091.0,"$2,010,091",https://valuesider.com/guru/mark-hillman-value-fund/portfolio
mark-hillman-value-fund,DD,DUPONT DE NEMOURS INC,2468280.0,"$2,468,280",https://valuesider.com/guru/mark-hillman-value-fund/portfolio
mark-hillman-value-fund,EL,ESTEE LAUDER COMPANIES-CL A,2356200.0,"$2,356,200",https://valuesider.com/guru/mark-hillman-value-fund/portfolio
mark-hillman-value-fund,FISV,FISERV INC,2357667.0,"$2,357,667",https://valuesider.com/guru/mark-hillman-value-fund/portfolio
mark-hillman-value-fund,GSK,GSK PLC-SPON ADR,2456904.0,"$2,456,904",https://valuesider.com/guru/mark-hillman-value-fund/portfolio
mark-hillman-value-fund,HSY,HERSHEY CO/THE,2529522.0,"$2,529,522",https://valuesider.com/guru/mark-hillman-value-fund/portfolio
mark-hillman-value-fund,IFF,INTL FLAVORS & FRAGRANCES,2378867.0,"$2,378,867",https://valuesider.com/guru/mark-hillman-value-fund/portfolio
mark-hillman-value-fund,KHC,KRAFT HEINZ CO/THE,2311025.0,"$2,311,025",https://valuesider.com/guru/mark-hillman-value-fund/portfolio
mark-hillman-value-fund,MSFT,MICROSOFT CORP,2321376.0,"$2,321,376",https://valuesider.com/guru/mark-hillman-value-fund/portfolio
mark-hillman-value-fund,NKE,NIKE INC -CL B,2408238.0,"$2,408,238",https://valuesider.com/guru/mark-hillman-value-fund/portfolio
mark-hillman-value-fund,NUE,NUCOR CORP,2479272.0,"$2,479,272",https://valuesider.com/guru/mark-hillman-value-fund/portfolio
mark-hillman-value-fund,PFE,PFIZER INC,2308230.0,"$2,308,230",https://valuesider.com/guru/mark-hillman-value-fund/portfolio
mark-hillman-value-fund,CRM,SALESFORCECOM INC,2384190.0,"$2,384,190",https://valuesider.com/guru/mark-hillman-value-fund/portfolio
mark-hillman-value-fund,TROW,T ROWE PRICE GROUP INC,2272836.0,"$2,272,836",https://valuesider.com/guru/mark-hillman-value-fund/portfolio
mark-hillman-value-fund,TSM,TAIWAN SEMICONDUCTOR-SP ADR,2461509.0,"$2,461,509",https://valuesider.com/guru/mark-hillman-value-fund/portfolio
mark-hillman-value-fund,UPS,UNITED PARCEL SERVICE-CL B,2658292.0,"$2,658,292",https://valuesider.com/guru/mark-hillman-value-fund/portfolio
mark-hillman-value-fund,UNH,UNITEDHEALTH GROUP INC,2442814.0,"$2,442,814",https://valuesider.com/guru/mark-hillman-value-fund/portfolio
mark-hillman-value-fund,USB,US BANCORP,2529264.0,"$2,529,264",https://valuesider.com/guru/mark-hillman-value-fund/portfolio
mark-hillman-value-fund,VZ,VERIZON COMMUNICATIONS INC,2321610.0,"$2,321,610",https://valuesider.com/guru/mark-hillman-value-fund/portfolio
mark-hillman-value-fund,DIS,WALT DISNEY CO/THE,2650841.0,"$2,650,841",https://valuesider.com/guru/mark-hillman-value-fund/portfolio
mark-hillman-value-fund,WBD,WARNER BROS DISCOVERY INC,2527514.0,"$2,527,514",https://valuesider.com/guru/mark-hillman-value-fund/portfolio
mark-hillman-value-fund,WST,WEST PHARMACEUTICAL SERVICES,2641344.0,"$2,641,344",https://valuesider.com/guru/mark-hillman-value-fund/portfolio
mark-hillman-value-fund,ZBH,ZIMMER BIOMET HOLDINGS INC,2319936.0,"$2,319,936",https://valuesider.com/guru/mark-hillman-value-fund/portfolio
li-lu-himalaya-capital-management,GOOGL,ALPHABET INC-CL A,796052900.0,"$796,052,900",https://valuesider.com/guru/li-lu-himalaya-capital-management/portfolio
li-lu-himalaya-capital-management,GOOG,ALPHABET INC-CL C,769217940.0,"$769,217,940",https://valuesider.com/guru/li-lu-himalaya-capital-management/portfolio
li-lu-himalaya-capital-management,AAPL,APPLE INC,30067716.0,"$30,067,716",https://valuesider.com/guru/li-lu-himalaya-capital-management/portfolio
li-lu-himalaya-capital-management,BAC,BANK OF AMERICA CORP,573726285.0,"$573,726,285",https://valuesider.com/guru/li-lu-himalaya-capital-management/portfolio
li-lu-himalaya-capital-management,BRK.B,BERKSHIRE HATHAWAY INC CL-B,451253535.0,"$451,253,535",https://valuesider.com/guru/li-lu-himalaya-capital-management/portfolio
li-lu-himalaya-capital-management,CROX,CROCS INC,53720158.0,"$53,720,158",https://valuesider.com/guru/li-lu-himalaya-capital-management/portfolio
li-lu-himalaya-capital-management,EWBC,EAST WEST BANCORP INC,312034089.0,"$312,034,089",https://valuesider.com/guru/li-lu-himalaya-capital-management/portfolio
li-lu-himalaya-capital-management,OXY,OCCIDENTAL PETROLEUM CORP,60302480.0,"$60,302,480",https://valuesider.com/guru/li-lu-himalaya-capital-management/portfolio
li-lu-himalaya-capital-management,PDD,PINDUODUO INC-ADR,522501120.0,"$522,501,120",https://valuesider.com/guru/li-lu-himalaya-capital-management/portfolio
chris-hohn-tci-fund-management,GOOG,ALPHABET INC-CL C,2383881802.0,"$2,383,881,802",https://valuesider.com/guru/chris-hohn-tci-fund-management/portfolio
chris-hohn-tci-fund-management,CNI,CANADIAN NATL RAILWAY CO,974114657.0,"$974,114,657",https://valuesider.com/guru/chris-hohn-tci-fund-management/portfolio
chris-hohn-tci-fund-management,CP,CANADIAN PACIFIC KANSAS CITY,3508630329.0,"$3,508,630,329",https://valuesider.com/guru/chris-hohn-tci-fund-management/portfolio
chris-hohn-tci-fund-management,FER,FERROVIAL SE,1348162940.0,"$1,348,162,940",https://valuesider.com/guru/chris-hohn-tci-fund-management/portfolio
chris-hohn-tci-fund-management,GE,GENERAL ELECTRIC CO,14634638061.0,"$14,634,638,061",https://valuesider.com/guru/chris-hohn-tci-fund-management/portfolio
chris-hohn-tci-fund-management,MSFT,MICROSOFT CORP,8116088110.0,"$8,116,088,110",https://valuesider.com/guru/chris-hohn-tci-fund-management/portfolio
chris-hohn-tci-fund-management,MCO,MOODY'S CORP,6798636497.0,"$6,798,636,497",https://valuesider.com/guru/chris-hohn-tci-fund-management/portfolio
chris-hohn-tci-fund-management,SPGI,S&P GLOBAL INC,6161498103.0,"$6,161,498,103",https://valuesider.com/guru/chris-hohn-tci-fund-management/portfolio
chris-hohn-tci-fund-management,V,VISA INC-CLASS A SHARES,9723165755.0,"$9,723,165,755",https://valuesider.com/guru/chris-hohn-tci-fund-management/portfolio
stephen-mandel-lone-pine-capital,AFRM,AFFIRM HOLDINGS INC,284111963.0,"$284,111,963",https://valuesider.com/guru/stephen-mandel-lone-pine-capital/portfolio
stephen-mandel-lone-pine-capital,AMZN,AMAZONCOM INC,557319506.0,"$557,319,506",https://valuesider.com/guru/stephen-mandel-lone-pine-capital/portfolio
stephen-mandel-lone-pine-capital,APH,AMPHENOL CORP-CL A,379712723.0,"$379,712,723",https://valuesider.com/guru/stephen-mandel-lone-pine-capital/portfolio
stephen-mandel-lone-pine-capital,APP,APPLOVIN CORP-CLASS A,525936725.0,"$525,936,725",https://valuesider.com/guru/stephen-mandel-lone-pine-capital/portfolio
stephen-mandel-lone-pine-capital,ASML,ASML HOLDING NV-NY REG SHS,647283488.0,"$647,283,488",https://valuesider.com/guru/stephen-mandel-lone-pine-capital/portfolio
stephen-mandel-lone-pine-capital,BKNG,BOOKING HOLDINGS INC,24795178.0,"$24,795,178",https://valuesider.com/guru/stephen-mandel-lone-pine-capital/portfolio
stephen-mandel-lone-pine-capital,BSX,BOSTON SCIENTIFIC CORP,19232381.0,"$19,232,381",https://valuesider.com/guru/stephen-mandel-lone-pine-capital/portfolio
stephen-mandel-lone-pine-capital,AVGO,BROADCOM INC,598827758.0,"$598,827,758",https://valuesider.com/guru/stephen-mandel-lone-pine-capital/portfolio
stephen-mandel-lone-pine-capital,BN,BROOKFIELD CORP,730722990.0,"$730,722,990",https://valuesider.com/guru/stephen-mandel-lone-pine-capital/portfolio
stephen-mandel-lone-pine-capital,COF,CAPITAL ONE FINANCIAL CORP,556189783.0,"$556,189,783",https://valuesider.com/guru/stephen-mandel-lone-pine-capital/portfolio
stephen-mandel-lone-pine-capital,CRS,CARPENTER TECHNOLOGY,413365400.0,"$413,365,400",https://valuesider.com/guru/stephen-mandel-lone-pine-capital/portfolio
stephen-mandel-lone-pine-capital,CVNA,CARVANA CO,750912003.0,"$750,912,003",https://valuesider.com/guru/stephen-mandel-lone-pine-capital/portfolio
stephen-mandel-lone-pine-capital,CLH,CLEAN HARBORS INC,323142750.0,"$323,142,750",https://valuesider.com/guru/stephen-mandel-lone-pine-capital/portfolio
stephen-mandel-lone-pine-capital,DASH,DOORDASH INC - A,572966996.0,"$572,966,996",https://valuesider.com/guru/stephen-mandel-lone-pine-capital/portfolio
stephen-mandel-lone-pine-capital,ENTG,ENTEGRIS INC,257318878.0,"$257,318,878",https://valuesider.com/guru/stephen-mandel-lone-pine-capital/portfolio
stephen-mandel-lone-pine-capital,HLT,HILTON WORLDWIDE HOLDINGS IN,16607933.0,"$16,607,933",https://valuesider.com/guru/stephen-mandel-lone-pine-capital/portfolio
stephen-mandel-lone-pine-capital,KKR,KKR & CO INC,637538316.0,"$637,538,316",https://valuesider.com/guru/stephen-mandel-lone-pine-capital/portfolio
stephen-mandel-lone-pine-capital,LPLA,LPL FINANCIAL HOLDINGS INC,741109177.0,"$741,109,177",https://valuesider.com/guru/stephen-mandel-lone-pine-capital/portfolio
stephen-mandel-lone-pine-capital,MA,MASTERCARD INC - A,54997437.0,"$54,997,437",https://valuesider.com/guru/stephen-mandel-lone-pine-capital/portfolio
stephen-mandel-lone-pine-capital,MDLN,MEDLINE INC-CL A,492101274.0,"$492,101,274",https://valuesider.com/guru/stephen-mandel-lone-pine-capital/portfolio
stephen-mandel-lone-pine-capital,MSFT,MICROSOFT CORP,596847533.0,"$596,847,533",https://valuesider.com/guru/stephen-mandel-lone-pine-capital/portfolio
stephen-mandel-lone-pine-capital,NU,NU HOLDINGS LTD/CAYMAN ISL-A,496010167.0,"$496,010,167",https://valuesider.com/guru/stephen-mandel-lone-pine-capital/portfolio
stephen-mandel-lone-pine-capital,PM,PHILIP MORRIS INTERNATIONAL,424030072.0,"$424,030,072",https://valuesider.com/guru/stephen-mandel-lone-pine-capital/portfolio
stephen-mandel-lone-pine-capital,SPOT,SPOTIFY TECHNOLOGY SA,10314571.0,"$10,314,571",https://valuesider.com/guru/stephen-mandel-lone-pine-capital/portfolio
stephen-mandel-lone-pine-capital,TSM,TAIWAN SEMICONDUCTOR-SP ADR,927593836.0,"$927,593,836",https://valuesider.com/guru/stephen-mandel-lone-pine-capital/portfolio
stephen-mandel-lone-pine-capital,TLN,TALEN ENERGY CORP,484486697.0,"$484,486,697",https://valuesider.com/guru/stephen-mandel-lone-pine-capital/portfolio
stephen-mandel-lone-pine-capital,THC,TENET HEALTHCARE CORP,355177423.0,"$355,177,423",https://valuesider.com/guru/stephen-mandel-lone-pine-capital/portfolio
stephen-mandel-lone-pine-capital,TDG,TRANSDIGM GROUP INC,25570356.0,"$25,570,356",https://valuesider.com/guru/stephen-mandel-lone-pine-capital/portfolio
stephen-mandel-lone-pine-capital,V,VISA INC-CLASS A SHARES,5336754.0,"$5,336,754",https://valuesider.com/guru/stephen-mandel-lone-pine-capital/portfolio
stephen-mandel-lone-pine-capital,VST,VISTRA CORP,840833407.0,"$840,833,407",https://valuesider.com/guru/stephen-mandel-lone-pine-capital/portfolio
stephen-mandel-lone-pine-capital,VMC,VULCAN MATERIALS CO,480291085.0,"$480,291,085",https://valuesider.com/guru/stephen-mandel-lone-pine-capital/portfolio
stephen-mandel-lone-pine-capital,WING,WINGSTOP INC,380453080.0,"$380,453,080",https://valuesider.com/guru/stephen-mandel-lone-pine-capital/portfolio
david-rolfe-wedgewood-partners,GOOGL,ALPHABET INC-CL A,51304869.0,"$51,304,869",https://valuesider.com/guru/david-rolfe-wedgewood-partners/portfolio
david-rolfe-wedgewood-partners,AMZN,AMAZONCOM INC,13448958.0,"$13,448,958",https://valuesider.com/guru/david-rolfe-wedgewood-partners/portfolio
david-rolfe-wedgewood-partners,AAPL,APPLE INC,38854173.0,"$38,854,173",https://valuesider.com/guru/david-rolfe-wedgewood-partners/portfolio
david-rolfe-wedgewood-partners,BKNG,BOOKING HOLDINGS INC,31153711.0,"$31,153,711",https://valuesider.com/guru/david-rolfe-wedgewood-partners/portfolio
david-rolfe-wedgewood-partners,CDW,CDW CORP/DE,20684818.0,"$20,684,818",https://valuesider.com/guru/david-rolfe-wedgewood-partners/portfolio
david-rolfe-wedgewood-partners,CB,CHUBB LTD,17642895.0,"$17,642,895",https://valuesider.com/guru/david-rolfe-wedgewood-partners/portfolio
david-rolfe-wedgewood-partners,CPRT,COPART INC,19030228.0,"$19,030,228",https://valuesider.com/guru/david-rolfe-wedgewood-partners/portfolio
david-rolfe-wedgewood-partners,EW,EDWARDS LIFESCIENCES CORP,15420191.0,"$15,420,191",https://valuesider.com/guru/david-rolfe-wedgewood-partners/portfolio
david-rolfe-wedgewood-partners,IWF,ISHARES RUSSELL 1000 GROWTH,5688621.0,"$5,688,621",https://valuesider.com/guru/david-rolfe-wedgewood-partners/portfolio
david-rolfe-wedgewood-partners,META,META PLATFORMS INC-CLASS A,45635319.0,"$45,635,319",https://valuesider.com/guru/david-rolfe-wedgewood-partners/portfolio
david-rolfe-wedgewood-partners,MSFT,MICROSOFT CORP,37478601.0,"$37,478,601",https://valuesider.com/guru/david-rolfe-wedgewood-partners/portfolio
david-rolfe-wedgewood-partners,MSI,MOTOROLA SOLUTIONS INC,27493065.0,"$27,493,065",https://valuesider.com/guru/david-rolfe-wedgewood-partners/portfolio
david-rolfe-wedgewood-partners,ORLY,O'REILLY AUTOMOTIVE INC,17213698.0,"$17,213,698",https://valuesider.com/guru/david-rolfe-wedgewood-partners/portfolio
david-rolfe-wedgewood-partners,ODFL,OLD DOMINION FREIGHT LINE,18824014.0,"$18,824,014",https://valuesider.com/guru/david-rolfe-wedgewood-partners/portfolio
david-rolfe-wedgewood-partners,PYPL,PAYPAL HOLDINGS INC,12604246.0,"$12,604,246",https://valuesider.com/guru/david-rolfe-wedgewood-partners/portfolio
david-rolfe-wedgewood-partners,SPGI,S&P GLOBAL INC,17644469.0,"$17,644,469",https://valuesider.com/guru/david-rolfe-wedgewood-partners/portfolio
david-rolfe-wedgewood-partners,TSM,TAIWAN SEMICONDUCTOR-SP ADR,56116508.0,"$56,116,508",https://valuesider.com/guru/david-rolfe-wedgewood-partners/portfolio
david-rolfe-wedgewood-partners,TSCO,TRACTOR SUPPLY COMPANY,24055944.0,"$24,055,944",https://valuesider.com/guru/david-rolfe-wedgewood-partners/portfolio
david-rolfe-wedgewood-partners,URI,UNITED RENTALS INC,21458648.0,"$21,458,648",https://valuesider.com/guru/david-rolfe-wedgewood-partners/portfolio
david-rolfe-wedgewood-partners,V,VISA INC-CLASS A SHARES,30564667.0,"$30,564,667",https://valuesider.com/guru/david-rolfe-wedgewood-partners/portfolio
david-rolfe-wedgewood-partners,ZTS,ZOETIS INC,13173480.0,"$13,173,480",https://valuesider.com/guru/david-rolfe-wedgewood-partners/portfolio
duan-yongping-h-h-international-investment,BABA,ALIBABA GROUP HOLDING-SP ADR,375318090.0,"$375,318,090",https://valuesider.com/guru/duan-yongping-h-h-international-investment/portfolio
duan-yongping-h-h-international-investment,GOOG,ALPHABET INC-CL C,582224520.0,"$582,224,520",https://valuesider.com/guru/duan-yongping-h-h-international-investment/portfolio
duan-yongping-h-h-international-investment,AAPL,APPLE INC,8796983713.0,"$8,796,983,713",https://valuesider.com/guru/duan-yongping-h-h-international-investment/portfolio
duan-yongping-h-h-international-investment,ASML,ASML HOLDING NV-NY REG SHS,10591614.0,"$10,591,614",https://valuesider.com/guru/duan-yongping-h-h-international-investment/portfolio
duan-yongping-h-h-international-investment,BRK.B,BERKSHIRE HATHAWAY INC CL-B,3607114919.0,"$3,607,114,919",https://valuesider.com/guru/duan-yongping-h-h-international-investment/portfolio
duan-yongping-h-h-international-investment,CRWV,COREWEAVE INC-CL A,21475839.0,"$21,475,839",https://valuesider.com/guru/duan-yongping-h-h-international-investment/portfolio
duan-yongping-h-h-international-investment,CRDO,CREDO TECHNOLOGY GROUP HOLDI,20331657.0,"$20,331,657",https://valuesider.com/guru/duan-yongping-h-h-international-investment/portfolio
duan-yongping-h-h-international-investment,MSFT,MICROSOFT CORP,415429580.0,"$415,429,580",https://valuesider.com/guru/duan-yongping-h-h-international-investment/portfolio
duan-yongping-h-h-international-investment,NVDA,NVIDIA CORP,1349719150.0,"$1,349,719,150",https://valuesider.com/guru/duan-yongping-h-h-international-investment/portfolio
duan-yongping-h-h-international-investment,OXY,OCCIDENTAL PETROLEUM CORP,541657312.0,"$541,657,312",https://valuesider.com/guru/duan-yongping-h-h-international-investment/portfolio
duan-yongping-h-h-international-investment,PDD,PINDUODUO INC-ADR,1308145733.0,"$1,308,145,733",https://valuesider.com/guru/duan-yongping-h-h-international-investment/portfolio
duan-yongping-h-h-international-investment,TSM,TAIWAN SEMICONDUCTOR-SP ADR,372078054.0,"$372,078,054",https://valuesider.com/guru/duan-yongping-h-h-international-investment/portfolio
duan-yongping-h-h-international-investment,TEM,TEMPUS AI INC,6495500.0,"$6,495,500",https://valuesider.com/guru/duan-yongping-h-h-international-investment/portfolio
duan-yongping-h-h-international-investment,DIS,WALT DISNEY CO/THE,81004240.0,"$81,004,240",https://valuesider.com/guru/duan-yongping-h-h-international-investment/portfolio
terry-smith-fundsmith,ADMA,ADMA BIOLOGICS INC,38341465.0,"$38,341,465",https://valuesider.com/guru/terry-smith-fundsmith/portfolio
terry-smith-fundsmith,GOOGL,ALPHABET INC-CL A,1095036447.0,"$1,095,036,447",https://valuesider.com/guru/terry-smith-fundsmith/portfolio
terry-smith-fundsmith,ADP,AUTOMATIC DATA PROCESSING,1074698966.0,"$1,074,698,966",https://valuesider.com/guru/terry-smith-fundsmith/portfolio
terry-smith-fundsmith,CPRX,CATALYST PHARMACEUTICALS INC,78511255.0,"$78,511,255",https://valuesider.com/guru/terry-smith-fundsmith/portfolio
terry-smith-fundsmith,CHD,CHURCH & DWIGHT CO INC,564176675.0,"$564,176,675",https://valuesider.com/guru/terry-smith-fundsmith/portfolio
terry-smith-fundsmith,CLX,CLOROX COMPANY,61858903.0,"$61,858,903",https://valuesider.com/guru/terry-smith-fundsmith/portfolio
terry-smith-fundsmith,DOCS,DOXIMITY INC-CLASS A,73062089.0,"$73,062,089",https://valuesider.com/guru/terry-smith-fundsmith/portfolio
terry-smith-fundsmith,FTNT,FORTINET INC,517436434.0,"$517,436,434",https://valuesider.com/guru/terry-smith-fundsmith/portfolio
terry-smith-fundsmith,GGG,GRACO INC,47461942.0,"$47,461,942",https://valuesider.com/guru/terry-smith-fundsmith/portfolio
terry-smith-fundsmith,HD,HOME DEPOT INC,27598885.0,"$27,598,885",https://valuesider.com/guru/terry-smith-fundsmith/portfolio
terry-smith-fundsmith,IDXX,IDEXX LABORATORIES INC,1269193959.0,"$1,269,193,959",https://valuesider.com/guru/terry-smith-fundsmith/portfolio
terry-smith-fundsmith,INTU,INTUIT INC,414422538.0,"$414,422,538",https://valuesider.com/guru/terry-smith-fundsmith/portfolio
terry-smith-fundsmith,MANH,MANHATTAN ASSOCIATES INC,49970819.0,"$49,970,819",https://valuesider.com/guru/terry-smith-fundsmith/portfolio
terry-smith-fundsmith,MAR,MARRIOTT INTERNATIONAL -CL A,1234732552.0,"$1,234,732,552",https://valuesider.com/guru/terry-smith-fundsmith/portfolio
terry-smith-fundsmith,MEDP,MEDPACE HOLDINGS INC,46373756.0,"$46,373,756",https://valuesider.com/guru/terry-smith-fundsmith/portfolio
terry-smith-fundsmith,META,META PLATFORMS INC-CLASS A,900058459.0,"$900,058,459",https://valuesider.com/guru/terry-smith-fundsmith/portfolio
terry-smith-fundsmith,MTD,METTLER-TOLEDO INTERNATIONAL,809337054.0,"$809,337,054",https://valuesider.com/guru/terry-smith-fundsmith/portfolio
terry-smith-fundsmith,MSFT,MICROSOFT CORP,1005915575.0,"$1,005,915,575",https://valuesider.com/guru/terry-smith-fundsmith/portfolio
terry-smith-fundsmith,MSCI,MSCI INC,95594319.0,"$95,594,319",https://valuesider.com/guru/terry-smith-fundsmith/portfolio
terry-smith-fundsmith,NSSC,NAPCO SECURITY TECHNOLOGIES,74220037.0,"$74,220,037",https://valuesider.com/guru/terry-smith-fundsmith/portfolio
terry-smith-fundsmith,NKE,NIKE INC -CL B,367618232.0,"$367,618,232",https://valuesider.com/guru/terry-smith-fundsmith/portfolio
terry-smith-fundsmith,NTNX,NUTANIX INC - A,71185297.0,"$71,185,297",https://valuesider.com/guru/terry-smith-fundsmith/portfolio
terry-smith-fundsmith,ODD,ODDITY TECH LTD-CL A,83340030.0,"$83,340,030",https://valuesider.com/guru/terry-smith-fundsmith/portfolio
terry-smith-fundsmith,OTIS,OTIS WORLDWIDE CORP,271866393.0,"$271,866,393",https://valuesider.com/guru/terry-smith-fundsmith/portfolio
terry-smith-fundsmith,PAYC,PAYCOM SOFTWARE INC,83414283.0,"$83,414,283",https://valuesider.com/guru/terry-smith-fundsmith/portfolio
terry-smith-fundsmith,PM,PHILIP MORRIS INTERNATIONAL,982385359.0,"$982,385,359",https://valuesider.com/guru/terry-smith-fundsmith/portfolio
terry-smith-fundsmith,PG,PROCTER & GAMBLE CO/THE,608787759.0,"$608,787,759",https://valuesider.com/guru/terry-smith-fundsmith/portfolio
terry-smith-fundsmith,QLYS,QUALYS INC,86093417.0,"$86,093,417",https://valuesider.com/guru/terry-smith-fundsmith/portfolio
terry-smith-fundsmith,ROL,ROLLINS INC,88747313.0,"$88,747,313",https://valuesider.com/guru/terry-smith-fundsmith/portfolio
terry-smith-fundsmith,SABR,SABRE CORP,29238769.0,"$29,238,769",https://valuesider.com/guru/terry-smith-fundsmith/portfolio
terry-smith-fundsmith,SYK,STRYKER CORP,1296049491.0,"$1,296,049,491",https://valuesider.com/guru/terry-smith-fundsmith/portfolio
terry-smith-fundsmith,TXN,TEXAS INSTRUMENTS INC,455160036.0,"$455,160,036",https://valuesider.com/guru/terry-smith-fundsmith/portfolio
terry-smith-fundsmith,VRSN,VERISIGN INC,65750530.0,"$65,750,530",https://valuesider.com/guru/terry-smith-fundsmith/portfolio
terry-smith-fundsmith,VRT,VERTIV HOLDINGS CO,66577037.0,"$66,577,037",https://valuesider.com/guru/terry-smith-fundsmith/portfolio
terry-smith-fundsmith,V,VISA INC-CLASS A SHARES,1239649026.0,"$1,239,649,026",https://valuesider.com/guru/terry-smith-fundsmith/portfolio
terry-smith-fundsmith,WAT,WATERS CORP,1351426784.0,"$1,351,426,784",https://valuesider.com/guru/terry-smith-fundsmith/portfolio
terry-smith-fundsmith,ZTS,ZOETIS INC,490799033.0,"$490,799,033",https://valuesider.com/guru/terry-smith-fundsmith/portfolio
ravenel-boykin-curry-eagle-capital-management,AER,AERCAP HOLDINGS NV,1462025066.0,"$1,462,025,066",https://valuesider.com/guru/ravenel-boykin-curry-eagle-capital-management/portfolio
ravenel-boykin-curry-eagle-capital-management,AA,ALCOA CORP,847550252.0,"$847,550,252",https://valuesider.com/guru/ravenel-boykin-curry-eagle-capital-management/portfolio
ravenel-boykin-curry-eagle-capital-management,GOOGL,ALPHABET INC-CL A,281375732.0,"$281,375,732",https://valuesider.com/guru/ravenel-boykin-curry-eagle-capital-management/portfolio
ravenel-boykin-curry-eagle-capital-management,GOOG,ALPHABET INC-CL C,1494626898.0,"$1,494,626,898",https://valuesider.com/guru/ravenel-boykin-curry-eagle-capital-management/portfolio
ravenel-boykin-curry-eagle-capital-management,AMZN,AMAZONCOM INC,2763816855.0,"$2,763,816,855",https://valuesider.com/guru/ravenel-boykin-curry-eagle-capital-management/portfolio
ravenel-boykin-curry-eagle-capital-management,ANTM,ANTHEM INC,527244987.0,"$527,244,987",https://valuesider.com/guru/ravenel-boykin-curry-eagle-capital-management/portfolio
ravenel-boykin-curry-eagle-capital-management,AON,AON PLC-CLASS A,800830660.0,"$800,830,660",https://valuesider.com/guru/ravenel-boykin-curry-eagle-capital-management/portfolio
ravenel-boykin-curry-eagle-capital-management,ASML,ASML HOLDING NV-NY REG SHS,893422427.0,"$893,422,427",https://valuesider.com/guru/ravenel-boykin-curry-eagle-capital-management/portfolio
ravenel-boykin-curry-eagle-capital-management,BRK.B,BERKSHIRE HATHAWAY INC CL-B,25544673.0,"$25,544,673",https://valuesider.com/guru/ravenel-boykin-curry-eagle-capital-management/portfolio
ravenel-boykin-curry-eagle-capital-management,COF,CAPITAL ONE FINANCIAL CORP,1627712369.0,"$1,627,712,369",https://valuesider.com/guru/ravenel-boykin-curry-eagle-capital-management/portfolio
ravenel-boykin-curry-eagle-capital-management,CHTR,CHARTER COMMUNICATIONS INC-A,34757292.0,"$34,757,292",https://valuesider.com/guru/ravenel-boykin-curry-eagle-capital-management/portfolio
ravenel-boykin-curry-eagle-capital-management,C,CITIGROUP INC COM NEW,4793158.0,"$4,793,158",https://valuesider.com/guru/ravenel-boykin-curry-eagle-capital-management/portfolio
ravenel-boykin-curry-eagle-capital-management,CMCSA,COMCAST CORP-CLASS A,1192918837.0,"$1,192,918,837",https://valuesider.com/guru/ravenel-boykin-curry-eagle-capital-management/portfolio
ravenel-boykin-curry-eagle-capital-management,COP,CONOCOPHILLIPS,1857262643.0,"$1,857,262,643",https://valuesider.com/guru/ravenel-boykin-curry-eagle-capital-management/portfolio
ravenel-boykin-curry-eagle-capital-management,DHR,DANAHER CORP,1410268805.0,"$1,410,268,805",https://valuesider.com/guru/ravenel-boykin-curry-eagle-capital-management/portfolio
ravenel-boykin-curry-eagle-capital-management,SATS,ECHOSTAR CORP-A,2705217.0,"$2,705,217",https://valuesider.com/guru/ravenel-boykin-curry-eagle-capital-management/portfolio
ravenel-boykin-curry-eagle-capital-management,ECL,ECOLAB INC,5899087.0,"$5,899,087",https://valuesider.com/guru/ravenel-boykin-curry-eagle-capital-management/portfolio
ravenel-boykin-curry-eagle-capital-management,EL,ESTEE LAUDER COMPANIES-CL A,914156913.0,"$914,156,913",https://valuesider.com/guru/ravenel-boykin-curry-eagle-capital-management/portfolio
ravenel-boykin-curry-eagle-capital-management,GEHCV,GE HEALTHCARE INC-W/I,988833.0,"$988,833",https://valuesider.com/guru/ravenel-boykin-curry-eagle-capital-management/portfolio
ravenel-boykin-curry-eagle-capital-management,GEV,GE VERNOVA INC,18245714.0,"$18,245,714",https://valuesider.com/guru/ravenel-boykin-curry-eagle-capital-management/portfolio
ravenel-boykin-curry-eagle-capital-management,GE,GENERAL ELECTRIC CO,12597811.0,"$12,597,811",https://valuesider.com/guru/ravenel-boykin-curry-eagle-capital-management/portfolio
ravenel-boykin-curry-eagle-capital-management,GS,GOLDMAN SACHS GROUP INC,6143331.0,"$6,143,331",https://valuesider.com/guru/ravenel-boykin-curry-eagle-capital-management/portfolio
ravenel-boykin-curry-eagle-capital-management,HLT,HILTON WORLDWIDE HOLDINGS IN,523708872.0,"$523,708,872",https://valuesider.com/guru/ravenel-boykin-curry-eagle-capital-management/portfolio
ravenel-boykin-curry-eagle-capital-management,HUM,HUMANA INC,833548871.0,"$833,548,871",https://valuesider.com/guru/ravenel-boykin-curry-eagle-capital-management/portfolio
ravenel-boykin-curry-eagle-capital-management,IBM,INTL BUSINESS MACHINES CORP,799767.0,"$799,767",https://valuesider.com/guru/ravenel-boykin-curry-eagle-capital-management/portfolio
ravenel-boykin-curry-eagle-capital-management,INTU,INTUIT INC,356963042.0,"$356,963,042",https://valuesider.com/guru/ravenel-boykin-curry-eagle-capital-management/portfolio
ravenel-boykin-curry-eagle-capital-management,IWD,ISHARES RUSSELL 1000 VALUE E,88271350.0,"$88,271,350",https://valuesider.com/guru/ravenel-boykin-curry-eagle-capital-management/portfolio
ravenel-boykin-curry-eagle-capital-management,JPM,JPMORGAN CHASE & CO,357342.0,"$357,342",https://valuesider.com/guru/ravenel-boykin-curry-eagle-capital-management/portfolio
ravenel-boykin-curry-eagle-capital-management,LEN,LENNAR CORP-A,1129382635.0,"$1,129,382,635",https://valuesider.com/guru/ravenel-boykin-curry-eagle-capital-management/portfolio
ravenel-boykin-curry-eagle-capital-management,LBRDA,LIBERTY BROADBAND-A,13213367.0,"$13,213,367",https://valuesider.com/guru/ravenel-boykin-curry-eagle-capital-management/portfolio
ravenel-boykin-curry-eagle-capital-management,LBRDK,LIBERTY BROADBAND-C,308886652.0,"$308,886,652",https://valuesider.com/guru/ravenel-boykin-curry-eagle-capital-management/portfolio
ravenel-boykin-curry-eagle-capital-management,MAR,MARRIOTT INTERNATIONAL -CL A,5835925.0,"$5,835,925",https://valuesider.com/guru/ravenel-boykin-curry-eagle-capital-management/portfolio
ravenel-boykin-curry-eagle-capital-management,MLM,MARTIN MARIETTA MATERIALS,199720483.0,"$199,720,483",https://valuesider.com/guru/ravenel-boykin-curry-eagle-capital-management/portfolio
ravenel-boykin-curry-eagle-capital-management,MELI,MERCADOLIBRE INC,828966606.0,"$828,966,606",https://valuesider.com/guru/ravenel-boykin-curry-eagle-capital-management/portfolio
ravenel-boykin-curry-eagle-capital-management,META,META PLATFORMS INC-CLASS A,798954418.0,"$798,954,418",https://valuesider.com/guru/ravenel-boykin-curry-eagle-capital-management/portfolio
ravenel-boykin-curry-eagle-capital-management,MSFT,MICROSOFT CORP,1882843413.0,"$1,882,843,413",https://valuesider.com/guru/ravenel-boykin-curry-eagle-capital-management/portfolio
ravenel-boykin-curry-eagle-capital-management,MS,MORGAN STANLEY,14129258.0,"$14,129,258",https://valuesider.com/guru/ravenel-boykin-curry-eagle-capital-management/portfolio
ravenel-boykin-curry-eagle-capital-management,NFLX,NETFLIX INC,5885690.0,"$5,885,690",https://valuesider.com/guru/ravenel-boykin-curry-eagle-capital-management/portfolio
ravenel-boykin-curry-eagle-capital-management,ORCL,ORACLE CORP,3898200.0,"$3,898,200",https://valuesider.com/guru/ravenel-boykin-curry-eagle-capital-management/portfolio
ravenel-boykin-curry-eagle-capital-management,PTC,PTC INC,430286100.0,"$430,286,100",https://valuesider.com/guru/ravenel-boykin-curry-eagle-capital-management/portfolio
ravenel-boykin-curry-eagle-capital-management,PHM,PULTEGROUP INC,15641077.0,"$15,641,077",https://valuesider.com/guru/ravenel-boykin-curry-eagle-capital-management/portfolio
ravenel-boykin-curry-eagle-capital-management,SAP,SAP SE-SPONSORED ADR,1006480646.0,"$1,006,480,646",https://valuesider.com/guru/ravenel-boykin-curry-eagle-capital-management/portfolio
ravenel-boykin-curry-eagle-capital-management,SHEL,SHELL PLC-ADR,571497649.0,"$571,497,649",https://valuesider.com/guru/ravenel-boykin-curry-eagle-capital-management/portfolio
ravenel-boykin-curry-eagle-capital-management,BIL,SPDR BLOOMBERG 1-3 MONTH T-B,80503717.0,"$80,503,717",https://valuesider.com/guru/ravenel-boykin-curry-eagle-capital-management/portfolio
ravenel-boykin-curry-eagle-capital-management,SPY,SPDR S&P 500 ETF TRUST,178853142.0,"$178,853,142",https://valuesider.com/guru/ravenel-boykin-curry-eagle-capital-management/portfolio
ravenel-boykin-curry-eagle-capital-management,TSM,TAIWAN SEMICONDUCTOR-SP ADR,1507387404.0,"$1,507,387,404",https://valuesider.com/guru/ravenel-boykin-curry-eagle-capital-management/portfolio
ravenel-boykin-curry-eagle-capital-management,TRV,TRAVELERS COS INC/THE,2001414.0,"$2,001,414",https://valuesider.com/guru/ravenel-boykin-curry-eagle-capital-management/portfolio
ravenel-boykin-curry-eagle-capital-management,UNH,UNITEDHEALTH GROUP INC,1881774257.0,"$1,881,774,257",https://valuesider.com/guru/ravenel-boykin-curry-eagle-capital-management/portfolio
ravenel-boykin-curry-eagle-capital-management,VOO,VANGUARD S&P 500 ETF,3684374.0,"$3,684,374",https://valuesider.com/guru/ravenel-boykin-curry-eagle-capital-management/portfolio
ravenel-boykin-curry-eagle-capital-management,VTI,VANGUARD TOTAL STOCK MKT ETF,100686945.0,"$100,686,945",https://valuesider.com/guru/ravenel-boykin-curry-eagle-capital-management/portfolio
ravenel-boykin-curry-eagle-capital-management,V,VISA INC-CLASS A SHARES,1324632.0,"$1,324,632",https://valuesider.com/guru/ravenel-boykin-curry-eagle-capital-management/portfolio
ravenel-boykin-curry-eagle-capital-management,VMC,VULCAN MATERIALS CO,201340885.0,"$201,340,885",https://valuesider.com/guru/ravenel-boykin-curry-eagle-capital-management/portfolio
ravenel-boykin-curry-eagle-capital-management,WFC,WELLS FARGO & CO,8973016.0,"$8,973,016",https://valuesider.com/guru/ravenel-boykin-curry-eagle-capital-management/portfolio
ravenel-boykin-curry-eagle-capital-management,WWD,WOODWARD INC,1303723398.0,"$1,303,723,398",https://valuesider.com/guru/ravenel-boykin-curry-eagle-capital-management/portfolio
ravenel-boykin-curry-eagle-capital-management,WDAY,WORKDAY INC-CLASS A,1627037542.0,"$1,627,037,542",https://valuesider.com/guru/ravenel-boykin-curry-eagle-capital-management/portfolio
ravenel-boykin-curry-eagle-capital-management,WRB,WR BERKLEY CORP,8663116.0,"$8,663,116",https://valuesider.com/guru/ravenel-boykin-curry-eagle-capital-management/portfolio
quincy-lee-ancient-art-teton-capital,ALLY,ALLY FINANCIAL INC,59257391.0,"$59,257,391",https://valuesider.com/guru/quincy-lee-ancient-art-teton-capital/portfolio
quincy-lee-ancient-art-teton-capital,TBBB,BBB FOODS INC-CLASS A,13076759.0,"$13,076,759",https://valuesider.com/guru/quincy-lee-ancient-art-teton-capital/portfolio
quincy-lee-ancient-art-teton-capital,VLRS,CONTROLADORA VUELA CIA-ADR,15568354.0,"$15,568,354",https://valuesider.com/guru/quincy-lee-ancient-art-teton-capital/portfolio
quincy-lee-ancient-art-teton-capital,SATS,ECHOSTAR CORP-A,61566484.0,"$61,566,484",https://valuesider.com/guru/quincy-lee-ancient-art-teton-capital/portfolio
quincy-lee-ancient-art-teton-capital,ULCC,FRONTIER GROUP HOLDINGS INC,16879712.0,"$16,879,712",https://valuesider.com/guru/quincy-lee-ancient-art-teton-capital/portfolio
quincy-lee-ancient-art-teton-capital,IBKR,INTERACTIVE BROKERS GRO-CL A,105702231.0,"$105,702,231",https://valuesider.com/guru/quincy-lee-ancient-art-teton-capital/portfolio
quincy-lee-ancient-art-teton-capital,LOMA,LOMA NEGRA CIA IND-SPON ADR,18593727.0,"$18,593,727",https://valuesider.com/guru/quincy-lee-ancient-art-teton-capital/portfolio
quincy-lee-ancient-art-teton-capital,STLA,STELLANTIS NV,38108597.0,"$38,108,597",https://valuesider.com/guru/quincy-lee-ancient-art-teton-capital/portfolio
quincy-lee-ancient-art-teton-capital,TBN,TAMBORAN RESOURCES CORP,11903377.0,"$11,903,377",https://valuesider.com/guru/quincy-lee-ancient-art-teton-capital/portfolio
quincy-lee-ancient-art-teton-capital,THRY,THRYV HOLDINGS INC,9443493.0,"$9,443,493",https://valuesider.com/guru/quincy-lee-ancient-art-teton-capital/portfolio
quincy-lee-ancient-art-teton-capital,UPWK,UPWORK INC,91980933.0,"$91,980,933",https://valuesider.com/guru/quincy-lee-ancient-art-teton-capital/portfolio
dev-kantesaria-valley-forge-capital-management,ASML,ASML HOLDING NV-NY REG SHS,135061266.0,"$135,061,266",https://valuesider.com/guru/dev-kantesaria-valley-forge-capital-management/portfolio
dev-kantesaria-valley-forge-capital-management,EFX,EQUIFAX INC,31755457.0,"$31,755,457",https://valuesider.com/guru/dev-kantesaria-valley-forge-capital-management/portfolio
dev-kantesaria-valley-forge-capital-management,FICO,FAIR ISAAC CORP,1300803603.0,"$1,300,803,603",https://valuesider.com/guru/dev-kantesaria-valley-forge-capital-management/portfolio
dev-kantesaria-valley-forge-capital-management,INTU,INTUIT INC,146551151.0,"$146,551,151",https://valuesider.com/guru/dev-kantesaria-valley-forge-capital-management/portfolio
dev-kantesaria-valley-forge-capital-management,MA,MASTERCARD INC - A,849132050.0,"$849,132,050",https://valuesider.com/guru/dev-kantesaria-valley-forge-capital-management/portfolio
dev-kantesaria-valley-forge-capital-management,MCO,MOODY'S CORP,672938618.0,"$672,938,618",https://valuesider.com/guru/dev-kantesaria-valley-forge-capital-management/portfolio
dev-kantesaria-valley-forge-capital-management,MSCI,MSCI INC,34865572.0,"$34,865,572",https://valuesider.com/guru/dev-kantesaria-valley-forge-capital-management/portfolio
dev-kantesaria-valley-forge-capital-management,SPGI,S&P GLOBAL INC,918806764.0,"$918,806,764",https://valuesider.com/guru/dev-kantesaria-valley-forge-capital-management/portfolio
dev-kantesaria-valley-forge-capital-management,V,VISA INC-CLASS A SHARES,321394151.0,"$321,394,151",https://valuesider.com/guru/dev-kantesaria-valley-forge-capital-management/portfolio
warren-buffett-berkshire-hathaway,ALLE,ALLEGION PLC,124212776.0,"$124,212,776",https://valuesider.com/guru/warren-buffett-berkshire-hathaway/portfolio
warren-buffett-berkshire-hathaway,ALLY,ALLY FINANCIAL INC,1313410001.0,"$1,313,410,001",https://valuesider.com/guru/warren-buffett-berkshire-hathaway/portfolio
warren-buffett-berkshire-hathaway,GOOGL,ALPHABET INC-CL A,5585842446.0,"$5,585,842,446",https://valuesider.com/guru/warren-buffett-berkshire-hathaway/portfolio
warren-buffett-berkshire-hathaway,AMZN,AMAZONCOM INC,525346320.0,"$525,346,320",https://valuesider.com/guru/warren-buffett-berkshire-hathaway/portfolio
warren-buffett-berkshire-hathaway,AXP,AMERICAN EXPRESS CO,56088378465.0,"$56,088,378,465",https://valuesider.com/guru/warren-buffett-berkshire-hathaway/portfolio
warren-buffett-berkshire-hathaway,AON,AON PLC-CLASS A,1271424876.0,"$1,271,424,876",https://valuesider.com/guru/warren-buffett-berkshire-hathaway/portfolio
warren-buffett-berkshire-hathaway,AAPL,APPLE INC,61961735283.0,"$61,961,735,283",https://valuesider.com/guru/warren-buffett-berkshire-hathaway/portfolio
warren-buffett-berkshire-hathaway,BATRK,ATLANTA BRAVES HOLDINGS IN-C,4553634.0,"$4,553,634",https://valuesider.com/guru/warren-buffett-berkshire-hathaway/portfolio
warren-buffett-berkshire-hathaway,BAC,BANK OF AMERICA CORP,28451276370.0,"$28,451,276,370",https://valuesider.com/guru/warren-buffett-berkshire-hathaway/portfolio
warren-buffett-berkshire-hathaway,COF,CAPITAL ONE FINANCIAL CORP,1732874000.0,"$1,732,874,000",https://valuesider.com/guru/warren-buffett-berkshire-hathaway/portfolio
warren-buffett-berkshire-hathaway,CHTR,CHARTER COMMUNICATIONS INC-A,221459118.0,"$221,459,118",https://valuesider.com/guru/warren-buffett-berkshire-hathaway/portfolio
warren-buffett-berkshire-hathaway,CVX,CHEVRON CORP,19837131131.0,"$19,837,131,131",https://valuesider.com/guru/warren-buffett-berkshire-hathaway/portfolio
warren-buffett-berkshire-hathaway,CB,CHUBB LTD,10689854998.0,"$10,689,854,998",https://valuesider.com/guru/warren-buffett-berkshire-hathaway/portfolio
warren-buffett-berkshire-hathaway,KO,COCA-COLA CO/THE,27964000000.0,"$27,964,000,000",https://valuesider.com/guru/warren-buffett-berkshire-hathaway/portfolio
warren-buffett-berkshire-hathaway,STZ,CONSTELLATION BRANDS INC-A,1793480000.0,"$1,793,480,000",https://valuesider.com/guru/warren-buffett-berkshire-hathaway/portfolio
warren-buffett-berkshire-hathaway,DVA,DAVITA INC,3608147375.0,"$3,608,147,375",https://valuesider.com/guru/warren-buffett-berkshire-hathaway/portfolio
warren-buffett-berkshire-hathaway,DEO,DIAGEO PLC-SPONSORED ADR,19647993.0,"$19,647,993",https://valuesider.com/guru/warren-buffett-berkshire-hathaway/portfolio
warren-buffett-berkshire-hathaway,DPZ,DOMINO'S PIZZA INC,1396347000.0,"$1,396,347,000",https://valuesider.com/guru/warren-buffett-berkshire-hathaway/portfolio
warren-buffett-berkshire-hathaway,HEI.A,HEICO CORP INC CL A,326798907.0,"$326,798,907",https://valuesider.com/guru/warren-buffett-berkshire-hathaway/portfolio
warren-buffett-berkshire-hathaway,JEF,JEFFERIES FINANCIAL GROUP IN,26867589.0,"$26,867,589",https://valuesider.com/guru/warren-buffett-berkshire-hathaway/portfolio
warren-buffett-berkshire-hathaway,KHC,KRAFT HEINZ CO/THE,7896644337.0,"$7,896,644,337",https://valuesider.com/guru/warren-buffett-berkshire-hathaway/portfolio
warren-buffett-berkshire-hathaway,KR,KROGER CO,3124000000.0,"$3,124,000,000",https://valuesider.com/guru/warren-buffett-berkshire-hathaway/portfolio
warren-buffett-berkshire-hathaway,LAMR,LAMAR ADVERTISING CO-A NEW,152201058.0,"$152,201,058",https://valuesider.com/guru/warren-buffett-berkshire-hathaway/portfolio
warren-buffett-berkshire-hathaway,LEN.B,LENNAR CORP - B SHS,17214818.0,"$17,214,818",https://valuesider.com/guru/warren-buffett-berkshire-hathaway/portfolio
warren-buffett-berkshire-hathaway,LEN,LENNAR CORP-A,724837660.0,"$724,837,660",https://valuesider.com/guru/warren-buffett-berkshire-hathaway/portfolio
warren-buffett-berkshire-hathaway,LILA,LIBERTY LATIN AMERIC-CL A,17711354.0,"$17,711,354",https://valuesider.com/guru/warren-buffett-berkshire-hathaway/portfolio
warren-buffett-berkshire-hathaway,LILAK,LIBERTY LATIN AMERIC-CL C,9578789.0,"$9,578,789",https://valuesider.com/guru/warren-buffett-berkshire-hathaway/portfolio
warren-buffett-berkshire-hathaway,LLYVA,LIBERTY LIVE HOLDINGS-A,406406923.0,"$406,406,923",https://valuesider.com/guru/warren-buffett-berkshire-hathaway/portfolio
warren-buffett-berkshire-hathaway,LLYVK,LIBERTY LIVE HOLDINGS-C,907912688.0,"$907,912,688",https://valuesider.com/guru/warren-buffett-berkshire-hathaway/portfolio
warren-buffett-berkshire-hathaway,FWONK,LIBERTY MEDIA CORP-LIB-NEW-C,297357853.0,"$297,357,853",https://valuesider.com/guru/warren-buffett-berkshire-hathaway/portfolio
warren-buffett-berkshire-hathaway,LPX,LOUISIANA-PACIFIC CORP,457488683.0,"$457,488,683",https://valuesider.com/guru/warren-buffett-berkshire-hathaway/portfolio
warren-buffett-berkshire-hathaway,MA,MASTERCARD INC - A,2275897610.0,"$2,275,897,610",https://valuesider.com/guru/warren-buffett-berkshire-hathaway/portfolio
warren-buffett-berkshire-hathaway,MCO,MOODY'S CORP,12602556092.0,"$12,602,556,092",https://valuesider.com/guru/warren-buffett-berkshire-hathaway/portfolio
warren-buffett-berkshire-hathaway,NYT,NEW YORK TIMES CO-A,351663948.0,"$351,663,948",https://valuesider.com/guru/warren-buffett-berkshire-hathaway/portfolio
warren-buffett-berkshire-hathaway,NUE,NUCOR CORP,1045167939.0,"$1,045,167,939",https://valuesider.com/guru/warren-buffett-berkshire-hathaway/portfolio
warren-buffett-berkshire-hathaway,NVR,NVR INC,81037260.0,"$81,037,260",https://valuesider.com/guru/warren-buffett-berkshire-hathaway/portfolio
warren-buffett-berkshire-hathaway,OXY,OCCIDENTAL PETROLEUM CORP,10894391643.0,"$10,894,391,643",https://valuesider.com/guru/warren-buffett-berkshire-hathaway/portfolio
warren-buffett-berkshire-hathaway,POOL,POOL CORP,702007444.0,"$702,007,444",https://valuesider.com/guru/warren-buffett-berkshire-hathaway/portfolio
warren-buffett-berkshire-hathaway,SIRI,SIRIUS XM HOLDINGS INC,2495518305.0,"$2,495,518,305",https://valuesider.com/guru/warren-buffett-berkshire-hathaway/portfolio
warren-buffett-berkshire-hathaway,UNH,UNITEDHEALTH GROUP INC,1663610472.0,"$1,663,610,472",https://valuesider.com/guru/warren-buffett-berkshire-hathaway/portfolio
warren-buffett-berkshire-hathaway,VRSN,VERISIGN INC,2184091346.0,"$2,184,091,346",https://valuesider.com/guru/warren-buffett-berkshire-hathaway/portfolio
warren-buffett-berkshire-hathaway,V,VISA INC-CLASS A SHARES,2910002197.0,"$2,910,002,197",https://valuesider.com/guru/warren-buffett-berkshire-hathaway/portfolio
david-tepper-appaloosa-management,AMD,ADVANCED MICRO DEVICES,69602000.0,"$69,602,000",https://valuesider.com/guru/david-tepper-appaloosa-management/portfolio
david-tepper-appaloosa-management,BABA,ALIBABA GROUP HOLDING-SP ADR,753117926.0,"$753,117,926",https://valuesider.com/guru/david-tepper-appaloosa-management/portfolio
david-tepper-appaloosa-management,GOOG,ALPHABET INC-CL C,560738948.0,"$560,738,948",https://valuesider.com/guru/david-tepper-appaloosa-management/portfolio
david-tepper-appaloosa-management,AMZN,AMAZONCOM INC,503047031.0,"$503,047,031",https://valuesider.com/guru/david-tepper-appaloosa-management/portfolio
david-tepper-appaloosa-management,AAL,AMERICAN AIRLINES GROUP INC,216919500.0,"$216,919,500",https://valuesider.com/guru/david-tepper-appaloosa-management/portfolio
david-tepper-appaloosa-management,ASML,ASML HOLDING NV-NY REG SHS,66866250.0,"$66,866,250",https://valuesider.com/guru/david-tepper-appaloosa-management/portfolio
david-tepper-appaloosa-management,BIDU,BAIDU INC - SPON ADR,75129500.0,"$75,129,500",https://valuesider.com/guru/david-tepper-appaloosa-management/portfolio
david-tepper-appaloosa-management,BLL,BALL CORP,63564000.0,"$63,564,000",https://valuesider.com/guru/david-tepper-appaloosa-management/portfolio
david-tepper-appaloosa-management,GLW,CORNING INC,137486712.0,"$137,486,712",https://valuesider.com/guru/david-tepper-appaloosa-management/portfolio
david-tepper-appaloosa-management,DAL,DELTA AIR LINES INC,32965000.0,"$32,965,000",https://valuesider.com/guru/david-tepper-appaloosa-management/portfolio
david-tepper-appaloosa-management,DB,DEUTSCHE BANK AG-REGISTERED,121464000.0,"$121,464,000",https://valuesider.com/guru/david-tepper-appaloosa-management/portfolio
david-tepper-appaloosa-management,ET,ENERGY TRANSFER LP,36133713.0,"$36,133,713",https://valuesider.com/guru/david-tepper-appaloosa-management/portfolio
david-tepper-appaloosa-management,GT,GOODYEAR TIRE & RUBBER CO,21900000.0,"$21,900,000",https://valuesider.com/guru/david-tepper-appaloosa-management/portfolio
david-tepper-appaloosa-management,IQV,IQVIA HOLDINGS INC,63114800.0,"$63,114,800",https://valuesider.com/guru/david-tepper-appaloosa-management/portfolio
david-tepper-appaloosa-management,FXI,ISHARES CHINA LARGE-CAP ETF,41640375.0,"$41,640,375",https://valuesider.com/guru/david-tepper-appaloosa-management/portfolio
david-tepper-appaloosa-management,EWY,ISHARES MSCI SOUTH KOREA ETF,182287500.0,"$182,287,500",https://valuesider.com/guru/david-tepper-appaloosa-management/portfolio
david-tepper-appaloosa-management,JD,JDCOM INC-ADR,119307220.0,"$119,307,220",https://valuesider.com/guru/david-tepper-appaloosa-management/portfolio
david-tepper-appaloosa-management,KWEB,KRANESHARES CSI CHINA INTERN,161737500.0,"$161,737,500",https://valuesider.com/guru/david-tepper-appaloosa-management/portfolio
david-tepper-appaloosa-management,LHX,L3HARRIS TECHNOLOGIES INC,86603150.0,"$86,603,150",https://valuesider.com/guru/david-tepper-appaloosa-management/portfolio
david-tepper-appaloosa-management,LRCX,LAM RESEARCH CORP,72751500.0,"$72,751,500",https://valuesider.com/guru/david-tepper-appaloosa-management/portfolio
david-tepper-appaloosa-management,LYFT,LYFT INC-A,73606000.0,"$73,606,000",https://valuesider.com/guru/david-tepper-appaloosa-management/portfolio
david-tepper-appaloosa-management,META,META PLATFORMS INC-CLASS A,396054000.0,"$396,054,000",https://valuesider.com/guru/david-tepper-appaloosa-management/portfolio
david-tepper-appaloosa-management,MU,MICRON TECHNOLOGY INC,428115000.0,"$428,115,000",https://valuesider.com/guru/david-tepper-appaloosa-management/portfolio
david-tepper-appaloosa-management,MSFT,MICROSOFT CORP,241810000.0,"$241,810,000",https://valuesider.com/guru/david-tepper-appaloosa-management/portfolio
david-tepper-appaloosa-management,MHK,MOHAWK INDUSTRIES INC,73777500.0,"$73,777,500",https://valuesider.com/guru/david-tepper-appaloosa-management/portfolio
david-tepper-appaloosa-management,MPLX,MPLX LP,33489675.0,"$33,489,675",https://valuesider.com/guru/david-tepper-appaloosa-management/portfolio
david-tepper-appaloosa-management,NRG,NRG ENERGY INC,261153600.0,"$261,153,600",https://valuesider.com/guru/david-tepper-appaloosa-management/portfolio
david-tepper-appaloosa-management,NVDA,NVIDIA CORP,317050000.0,"$317,050,000",https://valuesider.com/guru/david-tepper-appaloosa-management/portfolio
david-tepper-appaloosa-management,OC,OWENS CORNING,106314500.0,"$106,314,500",https://valuesider.com/guru/david-tepper-appaloosa-management/portfolio
david-tepper-appaloosa-management,PDD,PINDUODUO INC-ADR,201267250.0,"$201,267,250",https://valuesider.com/guru/david-tepper-appaloosa-management/portfolio
david-tepper-appaloosa-management,QCOM,QUALCOMM INC,195852250.0,"$195,852,250",https://valuesider.com/guru/david-tepper-appaloosa-management/portfolio
david-tepper-appaloosa-management,RTX,RAYTHEON TECHNOLOGIES CORP,91700000.0,"$91,700,000",https://valuesider.com/guru/david-tepper-appaloosa-management/portfolio
david-tepper-appaloosa-management,TSM,TAIWAN SEMICONDUCTOR-SP ADR,343395700.0,"$343,395,700",https://valuesider.com/guru/david-tepper-appaloosa-management/portfolio
david-tepper-appaloosa-management,UBER,UBER TECHNOLOGIES INC,151163500.0,"$151,163,500",https://valuesider.com/guru/david-tepper-appaloosa-management/portfolio
david-tepper-appaloosa-management,UAL,UNITED AIRLINES HOLDINGS INC,51996300.0,"$51,996,300",https://valuesider.com/guru/david-tepper-appaloosa-management/portfolio
david-tepper-appaloosa-management,UNH,UNITEDHEALTH GROUP INC,66022000.0,"$66,022,000",https://valuesider.com/guru/david-tepper-appaloosa-management/portfolio
david-tepper-appaloosa-management,VST,VISTRA CORP,152456850.0,"$152,456,850",https://valuesider.com/guru/david-tepper-appaloosa-management/portfolio
david-tepper-appaloosa-management,WHR,WHIRLPOOL CORP,282067400.0,"$282,067,400",https://valuesider.com/guru/david-tepper-appaloosa-management/portfolio
chase-coleman-tiger-global-management,ARX,ACCELERANT HOLDINGS-CL A,1226250.0,"$1,226,250",https://valuesider.com/guru/chase-coleman-tiger-global-management/portfolio
chase-coleman-tiger-global-management,RERE,AIHUISHOU INTERNATIONAL -ADR,52105455.0,"$52,105,455",https://valuesider.com/guru/chase-coleman-tiger-global-management/portfolio
chase-coleman-tiger-global-management,GOOGL,ALPHABET INC-CL A,3327628826.0,"$3,327,628,826",https://valuesider.com/guru/chase-coleman-tiger-global-management/portfolio
chase-coleman-tiger-global-management,AMZN,AMAZONCOM INC,2310826501.0,"$2,310,826,501",https://valuesider.com/guru/chase-coleman-tiger-global-management/portfolio
chase-coleman-tiger-global-management,APO,APOLLO GLOBAL MANAGEMENT INC,898886641.0,"$898,886,641",https://valuesider.com/guru/chase-coleman-tiger-global-management/portfolio
chase-coleman-tiger-global-management,AMAT,APPLIED MATERIALS INC,230057448.0,"$230,057,448",https://valuesider.com/guru/chase-coleman-tiger-global-management/portfolio
chase-coleman-tiger-global-management,APP,APPLOVIN CORP-CLASS A,871238479.0,"$871,238,479",https://valuesider.com/guru/chase-coleman-tiger-global-management/portfolio
chase-coleman-tiger-global-management,AVGO,BROADCOM INC,995250005.0,"$995,250,005",https://valuesider.com/guru/chase-coleman-tiger-global-management/portfolio
chase-coleman-tiger-global-management,BLSH,BULLISH,3787000.0,"$3,787,000",https://valuesider.com/guru/chase-coleman-tiger-global-management/portfolio
chase-coleman-tiger-global-management,CHYM,CHIME FINANCIAL INC-CL A,357225199.0,"$357,225,199",https://valuesider.com/guru/chase-coleman-tiger-global-management/portfolio
chase-coleman-tiger-global-management,CRCL,CIRCLE INTERNET GROUP INC,39650000.0,"$39,650,000",https://valuesider.com/guru/chase-coleman-tiger-global-management/portfolio
chase-coleman-tiger-global-management,CPAY,CORPAY INC,527273296.0,"$527,273,296",https://valuesider.com/guru/chase-coleman-tiger-global-management/portfolio
chase-coleman-tiger-global-management,CSGP,COSTAR GROUP INC,151902489.0,"$151,902,489",https://valuesider.com/guru/chase-coleman-tiger-global-management/portfolio
chase-coleman-tiger-global-management,CPNG,COUPANG INC,619644640.0,"$619,644,640",https://valuesider.com/guru/chase-coleman-tiger-global-management/portfolio
chase-coleman-tiger-global-management,DASH,DOORDASH INC - A,5738324.0,"$5,738,324",https://valuesider.com/guru/chase-coleman-tiger-global-management/portfolio
chase-coleman-tiger-global-management,ESTC,ELASTIC NV,127546408.0,"$127,546,408",https://valuesider.com/guru/chase-coleman-tiger-global-management/portfolio
chase-coleman-tiger-global-management,ETOR,ETORO GROUP LTD-A,2810400.0,"$2,810,400",https://valuesider.com/guru/chase-coleman-tiger-global-management/portfolio
chase-coleman-tiger-global-management,FIG,FIGMA INC-CL A,2242200.0,"$2,242,200",https://valuesider.com/guru/chase-coleman-tiger-global-management/portfolio
chase-coleman-tiger-global-management,FIGR,FIGURE TECHNOLOGY SOLUT-CL A,8168000.0,"$8,168,000",https://valuesider.com/guru/chase-coleman-tiger-global-management/portfolio
chase-coleman-tiger-global-management,FLUT,FLUTTER ENTERTAINMENT PLC-DI,860921672.0,"$860,921,672",https://valuesider.com/guru/chase-coleman-tiger-global-management/portfolio
chase-coleman-tiger-global-management,GEV,GE VERNOVA INC,635919689.0,"$635,919,689",https://valuesider.com/guru/chase-coleman-tiger-global-management/portfolio
chase-coleman-tiger-global-management,GEMI,GEMINI SPACE STATION INC-A,694400.0,"$694,400",https://valuesider.com/guru/chase-coleman-tiger-global-management/portfolio
chase-coleman-tiger-global-management,GRAB,GRAB HOLDINGS LTD - CL A,463689702.0,"$463,689,702",https://valuesider.com/guru/chase-coleman-tiger-global-management/portfolio
chase-coleman-tiger-global-management,HNGE,HINGE HEALTH INC-A,83877134.0,"$83,877,134",https://valuesider.com/guru/chase-coleman-tiger-global-management/portfolio
chase-coleman-tiger-global-management,JD,JDCOM INC-ADR,9881668.0,"$9,881,668",https://valuesider.com/guru/chase-coleman-tiger-global-management/portfolio
chase-coleman-tiger-global-management,KLAR,KLARNA GROUP PLC,5059250.0,"$5,059,250",https://valuesider.com/guru/chase-coleman-tiger-global-management/portfolio
chase-coleman-tiger-global-management,LRCX,LAM RESEARCH CORP,667677148.0,"$667,677,148",https://valuesider.com/guru/chase-coleman-tiger-global-management/portfolio
chase-coleman-tiger-global-management,FWONK,LIBERTY MEDIA CORP-LIB-NEW-C,264203820.0,"$264,203,820",https://valuesider.com/guru/chase-coleman-tiger-global-management/portfolio
chase-coleman-tiger-global-management,META,META PLATFORMS INC-CLASS A,1815653455.0,"$1,815,653,455",https://valuesider.com/guru/chase-coleman-tiger-global-management/portfolio
chase-coleman-tiger-global-management,MSFT,MICROSOFT CORP,2649148004.0,"$2,649,148,004",https://valuesider.com/guru/chase-coleman-tiger-global-management/portfolio
chase-coleman-tiger-global-management,MNTN,MNTN INC-A,238800.0,"$238,800",https://valuesider.com/guru/chase-coleman-tiger-global-management/portfolio
chase-coleman-tiger-global-management,NFLX,NETFLIX INC,228680640.0,"$228,680,640",https://valuesider.com/guru/chase-coleman-tiger-global-management/portfolio
chase-coleman-tiger-global-management,NTSK,NETSKOPE INC-CL A,8770000.0,"$8,770,000",https://valuesider.com/guru/chase-coleman-tiger-global-management/portfolio
chase-coleman-tiger-global-management,NU,NU HOLDINGS LTD/CAYMAN ISL-A,184684970.0,"$184,684,970",https://valuesider.com/guru/chase-coleman-tiger-global-management/portfolio
chase-coleman-tiger-global-management,NVDA,NVIDIA CORP,2053691748.0,"$2,053,691,748",https://valuesider.com/guru/chase-coleman-tiger-global-management/portfolio
chase-coleman-tiger-global-management,PONY,PONY AI INC,42050000.0,"$42,050,000",https://valuesider.com/guru/chase-coleman-tiger-global-management/portfolio
chase-coleman-tiger-global-management,PCOR,PROCORE TECHNOLOGIES INC,170175230.0,"$170,175,230",https://valuesider.com/guru/chase-coleman-tiger-global-management/portfolio
chase-coleman-tiger-global-management,RDDT,REDDIT INC-CL A,883600741.0,"$883,600,741",https://valuesider.com/guru/chase-coleman-tiger-global-management/portfolio
chase-coleman-tiger-global-management,SE,SEA LTD-ADR,1966598071.0,"$1,966,598,071",https://valuesider.com/guru/chase-coleman-tiger-global-management/portfolio
chase-coleman-tiger-global-management,NOW,SERVICENOW INC,325818279.0,"$325,818,279",https://valuesider.com/guru/chase-coleman-tiger-global-management/portfolio
chase-coleman-tiger-global-management,SHW,SHERWIN-WILLIAMS CO/THE,83302604.0,"$83,302,604",https://valuesider.com/guru/chase-coleman-tiger-global-management/portfolio
chase-coleman-tiger-global-management,SPOT,SPOTIFY TECHNOLOGY SA,732543017.0,"$732,543,017",https://valuesider.com/guru/chase-coleman-tiger-global-management/portfolio
chase-coleman-tiger-global-management,SQ,SQUARE INC - A,414287436.0,"$414,287,436",https://valuesider.com/guru/chase-coleman-tiger-global-management/portfolio
chase-coleman-tiger-global-management,TSM,TAIWAN SEMICONDUCTOR-SP ADR,1132134294.0,"$1,132,134,294",https://valuesider.com/guru/chase-coleman-tiger-global-management/portfolio
chase-coleman-tiger-global-management,TTWO,TAKE-TWO INTERACTIVE SOFTWRE,1495024714.0,"$1,495,024,714",https://valuesider.com/guru/chase-coleman-tiger-global-management/portfolio
chase-coleman-tiger-global-management,UBER,UBER TECHNOLOGIES INC,12352754.0,"$12,352,754",https://valuesider.com/guru/chase-coleman-tiger-global-management/portfolio
chase-coleman-tiger-global-management,UNH,UNITEDHEALTH GROUP INC,138713873.0,"$138,713,873",https://valuesider.com/guru/chase-coleman-tiger-global-management/portfolio
chase-coleman-tiger-global-management,VEEV,VEEVA SYSTEMS INC-CLASS A,540328215.0,"$540,328,215",https://valuesider.com/guru/chase-coleman-tiger-global-management/portfolio
chase-coleman-tiger-global-management,WLTH,WEALTHFRONT CORP,205981958.0,"$205,981,958",https://valuesider.com/guru/chase-coleman-tiger-global-management/portfolio
chase-coleman-tiger-global-management,BULL,WEBULL CORP,52246544.0,"$52,246,544",https://valuesider.com/guru/chase-coleman-tiger-global-management/portfolio
chase-coleman-tiger-global-management,WDAY,WORKDAY INC-CLASS A,214780000.0,"$214,780,000",https://valuesider.com/guru/chase-coleman-tiger-global-management/portfolio
chase-coleman-tiger-global-management,ZG,ZILLOW GROUP INC - A,69849303.0,"$69,849,303",https://valuesider.com/guru/chase-coleman-tiger-global-management/portfolio
chase-coleman-tiger-global-management,Z,ZILLOW GROUP INC - C,413205607.0,"$413,205,607",https://valuesider.com/guru/chase-coleman-tiger-global-management/portfolio
chase-coleman-tiger-global-management,ZS,ZSCALER INC,355320969.0,"$355,320,969",https://valuesider.com/guru/chase-coleman-tiger-global-management/portfolio
henry-ellenbogen-durable-capital-partners,AYI,ACUITY BRANDS INC,293548533.0,"$293,548,533",https://valuesider.com/guru/henry-ellenbogen-durable-capital-partners/portfolio
henry-ellenbogen-durable-capital-partners,AFRM,AFFIRM HOLDINGS INC,273989706.0,"$273,989,706",https://valuesider.com/guru/henry-ellenbogen-durable-capital-partners/portfolio
henry-ellenbogen-durable-capital-partners,ANDG,ANDERSEN GROUP INC - A,43315676.0,"$43,315,676",https://valuesider.com/guru/henry-ellenbogen-durable-capital-partners/portfolio
henry-ellenbogen-durable-capital-partners,APG,API GROUP CORP,574564882.0,"$574,564,882",https://valuesider.com/guru/henry-ellenbogen-durable-capital-partners/portfolio
henry-ellenbogen-durable-capital-partners,APP,APPLOVIN CORP-CLASS A,110105557.0,"$110,105,557",https://valuesider.com/guru/henry-ellenbogen-durable-capital-partners/portfolio
henry-ellenbogen-durable-capital-partners,AUR,AURORA INNOVATION INC,25991366.0,"$25,991,366",https://valuesider.com/guru/henry-ellenbogen-durable-capital-partners/portfolio
henry-ellenbogen-durable-capital-partners,TECH,BIO-TECHNE CORP,122847680.0,"$122,847,680",https://valuesider.com/guru/henry-ellenbogen-durable-capital-partners/portfolio
henry-ellenbogen-durable-capital-partners,BKNG,BOOKING HOLDINGS INC,97863300.0,"$97,863,300",https://valuesider.com/guru/henry-ellenbogen-durable-capital-partners/portfolio
henry-ellenbogen-durable-capital-partners,CVNA,CARVANA CO,390387491.0,"$390,387,491",https://valuesider.com/guru/henry-ellenbogen-durable-capital-partners/portfolio
henry-ellenbogen-durable-capital-partners,CBZ,CBIZ INC,82332836.0,"$82,332,836",https://valuesider.com/guru/henry-ellenbogen-durable-capital-partners/portfolio
henry-ellenbogen-durable-capital-partners,CLH,CLEAN HARBORS INC,195735228.0,"$195,735,228",https://valuesider.com/guru/henry-ellenbogen-durable-capital-partners/portfolio
henry-ellenbogen-durable-capital-partners,YOU,CLEAR SECURE INC -CLASS A,121431139.0,"$121,431,139",https://valuesider.com/guru/henry-ellenbogen-durable-capital-partners/portfolio
henry-ellenbogen-durable-capital-partners,CIGI,COLLIERS INTERNATIONAL GROUP,495388418.0,"$495,388,418",https://valuesider.com/guru/henry-ellenbogen-durable-capital-partners/portfolio
henry-ellenbogen-durable-capital-partners,CPNG,COUPANG INC,576845916.0,"$576,845,916",https://valuesider.com/guru/henry-ellenbogen-durable-capital-partners/portfolio
henry-ellenbogen-durable-capital-partners,DSGX,DESCARTES SYSTEMS GRP/THE,149916307.0,"$149,916,307",https://valuesider.com/guru/henry-ellenbogen-durable-capital-partners/portfolio
henry-ellenbogen-durable-capital-partners,DASH,DOORDASH INC - A,810514168.0,"$810,514,168",https://valuesider.com/guru/henry-ellenbogen-durable-capital-partners/portfolio
henry-ellenbogen-durable-capital-partners,DUOL,DUOLINGO,20916266.0,"$20,916,266",https://valuesider.com/guru/henry-ellenbogen-durable-capital-partners/portfolio
henry-ellenbogen-durable-capital-partners,FERG,FERGUSON ENTERPRISES INC,347601569.0,"$347,601,569",https://valuesider.com/guru/henry-ellenbogen-durable-capital-partners/portfolio
henry-ellenbogen-durable-capital-partners,FIG,FIGMA INC-CL A,64547818.0,"$64,547,818",https://valuesider.com/guru/henry-ellenbogen-durable-capital-partners/portfolio
henry-ellenbogen-durable-capital-partners,FSV,FIRSTSERVICE CORP,67904087.0,"$67,904,087",https://valuesider.com/guru/henry-ellenbogen-durable-capital-partners/portfolio
henry-ellenbogen-durable-capital-partners,GSHD,GOOSEHEAD INSURANCE INC -A,115112667.0,"$115,112,667",https://valuesider.com/guru/henry-ellenbogen-durable-capital-partners/portfolio
henry-ellenbogen-durable-capital-partners,IWM,ISHARES RUSSELL 2000 ETF,23822380.0,"$23,822,380",https://valuesider.com/guru/henry-ellenbogen-durable-capital-partners/portfolio
henry-ellenbogen-durable-capital-partners,MDLN,MEDLINE INC-CL A,289800000.0,"$289,800,000",https://valuesider.com/guru/henry-ellenbogen-durable-capital-partners/portfolio
henry-ellenbogen-durable-capital-partners,MELI,MERCADOLIBRE INC,620255110.0,"$620,255,110",https://valuesider.com/guru/henry-ellenbogen-durable-capital-partners/portfolio
henry-ellenbogen-durable-capital-partners,OPCH,OPTION CARE HEALTH INC,286461352.0,"$286,461,352",https://valuesider.com/guru/henry-ellenbogen-durable-capital-partners/portfolio
henry-ellenbogen-durable-capital-partners,PRVA,PRIVIA HEALTH GROUP INC,286602758.0,"$286,602,758",https://valuesider.com/guru/henry-ellenbogen-durable-capital-partners/portfolio
henry-ellenbogen-durable-capital-partners,Q,QNITY ELECTRONICS INC,228690301.0,"$228,690,301",https://valuesider.com/guru/henry-ellenbogen-durable-capital-partners/portfolio
henry-ellenbogen-durable-capital-partners,RBC,RBC BEARINGS INC,1051528440.0,"$1,051,528,440",https://valuesider.com/guru/henry-ellenbogen-durable-capital-partners/portfolio
henry-ellenbogen-durable-capital-partners,RBLX,ROBLOX CORP -CLASS A,94216012.0,"$94,216,012",https://valuesider.com/guru/henry-ellenbogen-durable-capital-partners/portfolio
henry-ellenbogen-durable-capital-partners,RKT,ROCKET COS INC-CLASS A,338223014.0,"$338,223,014",https://valuesider.com/guru/henry-ellenbogen-durable-capital-partners/portfolio
henry-ellenbogen-durable-capital-partners,FOUR,SHIFT4 PAYMENTS INC-CLASS A,416040838.0,"$416,040,838",https://valuesider.com/guru/henry-ellenbogen-durable-capital-partners/portfolio
henry-ellenbogen-durable-capital-partners,SHOP,SHOPIFY INC - CLASS A,328896962.0,"$328,896,962",https://valuesider.com/guru/henry-ellenbogen-durable-capital-partners/portfolio
henry-ellenbogen-durable-capital-partners,SRAD,SPORTRADAR GROUP AG-A,141581988.0,"$141,581,988",https://valuesider.com/guru/henry-ellenbogen-durable-capital-partners/portfolio
henry-ellenbogen-durable-capital-partners,TOST,TOAST INC-CLASS A,81638307.0,"$81,638,307",https://valuesider.com/guru/henry-ellenbogen-durable-capital-partners/portfolio
henry-ellenbogen-durable-capital-partners,TWLO,TWILIO INC - A,136847539.0,"$136,847,539",https://valuesider.com/guru/henry-ellenbogen-durable-capital-partners/portfolio
henry-ellenbogen-durable-capital-partners,ULS,UL SOLUTIONS INC - CLASS A,202159424.0,"$202,159,424",https://valuesider.com/guru/henry-ellenbogen-durable-capital-partners/portfolio
henry-ellenbogen-durable-capital-partners,VEEV,VEEVA SYSTEMS INC-CLASS A,212491744.0,"$212,491,744",https://valuesider.com/guru/henry-ellenbogen-durable-capital-partners/portfolio
henry-ellenbogen-durable-capital-partners,VSEC,VSE CORP,151904222.0,"$151,904,222",https://valuesider.com/guru/henry-ellenbogen-durable-capital-partners/portfolio
henry-ellenbogen-durable-capital-partners,WRBY,WARBY PARKER INC-CLASS A,159298083.0,"$159,298,083",https://valuesider.com/guru/henry-ellenbogen-durable-capital-partners/portfolio
henry-ellenbogen-durable-capital-partners,XPO,XPO LOGISTICS INC,536722181.0,"$536,722,181",https://valuesider.com/guru/henry-ellenbogen-durable-capital-partners/portfolio
william-von-mueffling-cantillon-capital-management,ADBE,ADOBE INC,405021378.0,"$405,021,378",https://valuesider.com/guru/william-von-mueffling-cantillon-capital-management/portfolio
william-von-mueffling-cantillon-capital-management,A,AGILENT TECHNOLOGIES INC,423944862.0,"$423,944,862",https://valuesider.com/guru/william-von-mueffling-cantillon-capital-management/portfolio
william-von-mueffling-cantillon-capital-management,ALC,ALCON INC,224223986.0,"$224,223,986",https://valuesider.com/guru/william-von-mueffling-cantillon-capital-management/portfolio
william-von-mueffling-cantillon-capital-management,GOOGL,ALPHABET INC-CL A,1319368242.0,"$1,319,368,242",https://valuesider.com/guru/william-von-mueffling-cantillon-capital-management/portfolio
william-von-mueffling-cantillon-capital-management,AMT,AMERICAN TOWER CORP,321385274.0,"$321,385,274",https://valuesider.com/guru/william-von-mueffling-cantillon-capital-management/portfolio
william-von-mueffling-cantillon-capital-management,ADI,ANALOG DEVICES INC,588176391.0,"$588,176,391",https://valuesider.com/guru/william-von-mueffling-cantillon-capital-management/portfolio
william-von-mueffling-cantillon-capital-management,AON,AON PLC-CLASS A,438636192.0,"$438,636,192",https://valuesider.com/guru/william-von-mueffling-cantillon-capital-management/portfolio
william-von-mueffling-cantillon-capital-management,AMAT,APPLIED MATERIALS INC,764201140.0,"$764,201,140",https://valuesider.com/guru/william-von-mueffling-cantillon-capital-management/portfolio
william-von-mueffling-cantillon-capital-management,BLK,BLACKROCK INC,550424485.0,"$550,424,485",https://valuesider.com/guru/william-von-mueffling-cantillon-capital-management/portfolio
william-von-mueffling-cantillon-capital-management,AVGO,BROADCOM INC,1593548576.0,"$1,593,548,576",https://valuesider.com/guru/william-von-mueffling-cantillon-capital-management/portfolio
william-von-mueffling-cantillon-capital-management,CP,CANADIAN PACIFIC KANSAS CITY,309824585.0,"$309,824,585",https://valuesider.com/guru/william-von-mueffling-cantillon-capital-management/portfolio
william-von-mueffling-cantillon-capital-management,CBRE,CBRE GROUP INC - A,717217622.0,"$717,217,622",https://valuesider.com/guru/william-von-mueffling-cantillon-capital-management/portfolio
william-von-mueffling-cantillon-capital-management,CME,CME GROUP INC,429559482.0,"$429,559,482",https://valuesider.com/guru/william-von-mueffling-cantillon-capital-management/portfolio
william-von-mueffling-cantillon-capital-management,ENTG,ENTEGRIS INC,207183641.0,"$207,183,641",https://valuesider.com/guru/william-von-mueffling-cantillon-capital-management/portfolio
william-von-mueffling-cantillon-capital-management,EFX,EQUIFAX INC,374073086.0,"$374,073,086",https://valuesider.com/guru/william-von-mueffling-cantillon-capital-management/portfolio
william-von-mueffling-cantillon-capital-management,FAST,FASTENAL CO,371880216.0,"$371,880,216",https://valuesider.com/guru/william-von-mueffling-cantillon-capital-management/portfolio
william-von-mueffling-cantillon-capital-management,FERG,FERGUSON ENTERPRISES INC,441888046.0,"$441,888,046",https://valuesider.com/guru/william-von-mueffling-cantillon-capital-management/portfolio
william-von-mueffling-cantillon-capital-management,FLUT,FLUTTER ENTERTAINMENT PLC-DI,486855936.0,"$486,855,936",https://valuesider.com/guru/william-von-mueffling-cantillon-capital-management/portfolio
william-von-mueffling-cantillon-capital-management,IBKR,INTERACTIVE BROKERS GRO-CL A,820589426.0,"$820,589,426",https://valuesider.com/guru/william-von-mueffling-cantillon-capital-management/portfolio
william-von-mueffling-cantillon-capital-management,ICE,INTERCONTINENTAL EXCHANGE IN,540619565.0,"$540,619,565",https://valuesider.com/guru/william-von-mueffling-cantillon-capital-management/portfolio
william-von-mueffling-cantillon-capital-management,IQV,IQVIA HOLDINGS INC,437553269.0,"$437,553,269",https://valuesider.com/guru/william-von-mueffling-cantillon-capital-management/portfolio
william-von-mueffling-cantillon-capital-management,FWONK,LIBERTY MEDIA CORP-LIB-NEW-C,168146621.0,"$168,146,621",https://valuesider.com/guru/william-von-mueffling-cantillon-capital-management/portfolio
william-von-mueffling-cantillon-capital-management,LYV,LIVE NATION ENTERTAINMENT IN,398601713.0,"$398,601,713",https://valuesider.com/guru/william-von-mueffling-cantillon-capital-management/portfolio
william-von-mueffling-cantillon-capital-management,LPLA,LPL FINANCIAL HOLDINGS INC,131820017.0,"$131,820,017",https://valuesider.com/guru/william-von-mueffling-cantillon-capital-management/portfolio
william-von-mueffling-cantillon-capital-management,MSFT,MICROSOFT CORP,610337629.0,"$610,337,629",https://valuesider.com/guru/william-von-mueffling-cantillon-capital-management/portfolio
william-von-mueffling-cantillon-capital-management,MCO,MOODY'S CORP,227532590.0,"$227,532,590",https://valuesider.com/guru/william-von-mueffling-cantillon-capital-management/portfolio
william-von-mueffling-cantillon-capital-management,ORCL,ORACLE CORP,167754554.0,"$167,754,554",https://valuesider.com/guru/william-von-mueffling-cantillon-capital-management/portfolio
william-von-mueffling-cantillon-capital-management,SPGI,S&P GLOBAL INC,917471546.0,"$917,471,546",https://valuesider.com/guru/william-von-mueffling-cantillon-capital-management/portfolio
william-von-mueffling-cantillon-capital-management,SSNC,SS&C TECHNOLOGIES HOLDINGS,372277458.0,"$372,277,458",https://valuesider.com/guru/william-von-mueffling-cantillon-capital-management/portfolio
william-von-mueffling-cantillon-capital-management,TSM,TAIWAN SEMICONDUCTOR-SP ADR,859789292.0,"$859,789,292",https://valuesider.com/guru/william-von-mueffling-cantillon-capital-management/portfolio
william-von-mueffling-cantillon-capital-management,TME,TENCENT MUSIC ENTERTAINM-ADR,327960040.0,"$327,960,040",https://valuesider.com/guru/william-von-mueffling-cantillon-capital-management/portfolio
william-von-mueffling-cantillon-capital-management,TMO,THERMO FISHER SCIENTIFIC INC,506046433.0,"$506,046,433",https://valuesider.com/guru/william-von-mueffling-cantillon-capital-management/portfolio
william-von-mueffling-cantillon-capital-management,TW,TRADEWEB MARKETS INC-CLASS A,289093867.0,"$289,093,867",https://valuesider.com/guru/william-von-mueffling-cantillon-capital-management/portfolio
william-von-mueffling-cantillon-capital-management,TCOM,TRIPCOM GROUP LTD-ADR,335803736.0,"$335,803,736",https://valuesider.com/guru/william-von-mueffling-cantillon-capital-management/portfolio
william-von-mueffling-cantillon-capital-management,UBER,UBER TECHNOLOGIES INC,420043574.0,"$420,043,574",https://valuesider.com/guru/william-von-mueffling-cantillon-capital-management/portfolio
william-von-mueffling-cantillon-capital-management,V,VISA INC-CLASS A SHARES,683704937.0,"$683,704,937",https://valuesider.com/guru/william-von-mueffling-cantillon-capital-management/portfolio
william-von-mueffling-cantillon-capital-management,YUM,YUM! BRANDS INC,311013980.0,"$311,013,980",https://valuesider.com/guru/william-von-mueffling-cantillon-capital-management/portfolio
christopher-bloomstran-semper-augustus-investments-group,SIVR,ABRDN PHYSICAL SILVER SHARES,287132.0,"$287,132",https://valuesider.com/guru/christopher-bloomstran-semper-augustus-investments-group/portfolio
christopher-bloomstran-semper-augustus-investments-group,ALK,ALASKA AIR GROUP INC,20586885.0,"$20,586,885",https://valuesider.com/guru/christopher-bloomstran-semper-augustus-investments-group/portfolio
christopher-bloomstran-semper-augustus-investments-group,GOOGL,ALPHABET INC-CL A,219100.0,"$219,100",https://valuesider.com/guru/christopher-bloomstran-semper-augustus-investments-group/portfolio
christopher-bloomstran-semper-augustus-investments-group,AXP,AMERICAN EXPRESS CO,1272998.0,"$1,272,998",https://valuesider.com/guru/christopher-bloomstran-semper-augustus-investments-group/portfolio
christopher-bloomstran-semper-augustus-investments-group,AAPL,APPLE INC,1125500.0,"$1,125,500",https://valuesider.com/guru/christopher-bloomstran-semper-augustus-investments-group/portfolio
christopher-bloomstran-semper-augustus-investments-group,BRK.A,BERKSHIRE HATHAWAY INC CL-A,87556800.0,"$87,556,800",https://valuesider.com/guru/christopher-bloomstran-semper-augustus-investments-group/portfolio
christopher-bloomstran-semper-augustus-investments-group,BRK.B,BERKSHIRE HATHAWAY INC CL-B,125265909.0,"$125,265,909",https://valuesider.com/guru/christopher-bloomstran-semper-augustus-investments-group/portfolio
christopher-bloomstran-semper-augustus-investments-group,CVX,CHEVRON CORP,973747.0,"$973,747",https://valuesider.com/guru/christopher-bloomstran-semper-augustus-investments-group/portfolio
christopher-bloomstran-semper-augustus-investments-group,KO,COCA-COLA CO/THE,1071580.0,"$1,071,580",https://valuesider.com/guru/christopher-bloomstran-semper-augustus-investments-group/portfolio
christopher-bloomstran-semper-augustus-investments-group,COST,COSTCO WHOLESALE CORP,2972486.0,"$2,972,486",https://valuesider.com/guru/christopher-bloomstran-semper-augustus-investments-group/portfolio
christopher-bloomstran-semper-augustus-investments-group,CMI,CUMMINS INC,20302638.0,"$20,302,638",https://valuesider.com/guru/christopher-bloomstran-semper-augustus-investments-group/portfolio
christopher-bloomstran-semper-augustus-investments-group,DECK,DECKERS OUTDOOR CORP,66317492.0,"$66,317,492",https://valuesider.com/guru/christopher-bloomstran-semper-augustus-investments-group/portfolio
christopher-bloomstran-semper-augustus-investments-group,DG,DOLLAR GENERAL CORP,122939033.0,"$122,939,033",https://valuesider.com/guru/christopher-bloomstran-semper-augustus-investments-group/portfolio
christopher-bloomstran-semper-augustus-investments-group,DLTR,DOLLAR TREE INC,63062307.0,"$63,062,307",https://valuesider.com/guru/christopher-bloomstran-semper-augustus-investments-group/portfolio
christopher-bloomstran-semper-augustus-investments-group,EQNR,EQUINOR ASA-SPON ADR,14139838.0,"$14,139,838",https://valuesider.com/guru/christopher-bloomstran-semper-augustus-investments-group/portfolio
christopher-bloomstran-semper-augustus-investments-group,XOM,EXXON MOBIL CORP,6926289.0,"$6,926,289",https://valuesider.com/guru/christopher-bloomstran-semper-augustus-investments-group/portfolio
christopher-bloomstran-semper-augustus-investments-group,FIVE,FIVE BELOW,49959476.0,"$49,959,476",https://valuesider.com/guru/christopher-bloomstran-semper-augustus-investments-group/portfolio
christopher-bloomstran-semper-augustus-investments-group,FLEX,FLEX LTD,270984.0,"$270,984",https://valuesider.com/guru/christopher-bloomstran-semper-augustus-investments-group/portfolio
christopher-bloomstran-semper-augustus-investments-group,GEHCV,GE HEALTHCARE INC-W/I,375734.0,"$375,734",https://valuesider.com/guru/christopher-bloomstran-semper-augustus-investments-group/portfolio
christopher-bloomstran-semper-augustus-investments-group,GEV,GE VERNOVA INC,1303219.0,"$1,303,219",https://valuesider.com/guru/christopher-bloomstran-semper-augustus-investments-group/portfolio
christopher-bloomstran-semper-augustus-investments-group,GE,GENERAL ELECTRIC CO,2880697.0,"$2,880,697",https://valuesider.com/guru/christopher-bloomstran-semper-augustus-investments-group/portfolio
christopher-bloomstran-semper-augustus-investments-group,DINO,HF SINCLAIR CORP,16520923.0,"$16,520,923",https://valuesider.com/guru/christopher-bloomstran-semper-augustus-investments-group/portfolio
christopher-bloomstran-semper-augustus-investments-group,SGOV,ISHARES 0-3 MONTH TREASURY B,355446.0,"$355,446",https://valuesider.com/guru/christopher-bloomstran-semper-augustus-investments-group/portfolio
christopher-bloomstran-semper-augustus-investments-group,KGC,KINROSS GOLD CORP,59500193.0,"$59,500,193",https://valuesider.com/guru/christopher-bloomstran-semper-augustus-investments-group/portfolio
christopher-bloomstran-semper-augustus-investments-group,MRK,MERCK & CO INC,4678070.0,"$4,678,070",https://valuesider.com/guru/christopher-bloomstran-semper-augustus-investments-group/portfolio
christopher-bloomstran-semper-augustus-investments-group,NEM,NEWMONT CORP,66224452.0,"$66,224,452",https://valuesider.com/guru/christopher-bloomstran-semper-augustus-investments-group/portfolio
christopher-bloomstran-semper-augustus-investments-group,NXPI,NXP SEMICONDUCTORS NV,2886464.0,"$2,886,464",https://valuesider.com/guru/christopher-bloomstran-semper-augustus-investments-group/portfolio
christopher-bloomstran-semper-augustus-investments-group,OLN,OLIN CORP,40481853.0,"$40,481,853",https://valuesider.com/guru/christopher-bloomstran-semper-augustus-investments-group/portfolio
christopher-bloomstran-semper-augustus-investments-group,OVV,OVINTIV INC,646126.0,"$646,126",https://valuesider.com/guru/christopher-bloomstran-semper-augustus-investments-group/portfolio
christopher-bloomstran-semper-augustus-investments-group,PSKY,PARAMOUNT SKYDANCE CL B,8831420.0,"$8,831,420",https://valuesider.com/guru/christopher-bloomstran-semper-augustus-investments-group/portfolio
christopher-bloomstran-semper-augustus-investments-group,SMHI,SEACOR MARINE HOLDINGS INC,1253214.0,"$1,253,214",https://valuesider.com/guru/christopher-bloomstran-semper-augustus-investments-group/portfolio
christopher-bloomstran-semper-augustus-investments-group,SHEL,SHELL PLC-ADR,365049.0,"$365,049",https://valuesider.com/guru/christopher-bloomstran-semper-augustus-investments-group/portfolio
christopher-bloomstran-semper-augustus-investments-group,GLDM,SPDR GOLD MINISHARES TRUST,2047087.0,"$2,047,087",https://valuesider.com/guru/christopher-bloomstran-semper-augustus-investments-group/portfolio
christopher-bloomstran-semper-augustus-investments-group,PHYS,SPROTT PHYSICAL GOLD TRUST,788154.0,"$788,154",https://valuesider.com/guru/christopher-bloomstran-semper-augustus-investments-group/portfolio
christopher-bloomstran-semper-augustus-investments-group,SBUX,STARBUCKS CORP,20334201.0,"$20,334,201",https://valuesider.com/guru/christopher-bloomstran-semper-augustus-investments-group/portfolio
christopher-bloomstran-semper-augustus-investments-group,SYF,SYNCHRONY FINANCIAL,370179.0,"$370,179",https://valuesider.com/guru/christopher-bloomstran-semper-augustus-investments-group/portfolio
christopher-bloomstran-semper-augustus-investments-group,TRV,TRAVELERS COS INC/THE,5540146.0,"$5,540,146",https://valuesider.com/guru/christopher-bloomstran-semper-augustus-investments-group/portfolio
christopher-bloomstran-semper-augustus-investments-group,VLO,VALERO ENERGY CORP,32339530.0,"$32,339,530",https://valuesider.com/guru/christopher-bloomstran-semper-augustus-investments-group/portfolio
christopher-bloomstran-semper-augustus-investments-group,DIS,WALT DISNEY CO/THE,16585563.0,"$16,585,563",https://valuesider.com/guru/christopher-bloomstran-semper-augustus-investments-group/portfolio
pat-dorsey-dorsey-asset-management,AER,AERCAP HOLDINGS NV,174676882.0,"$174,676,882",https://valuesider.com/guru/pat-dorsey-dorsey-asset-management/portfolio
pat-dorsey-dorsey-asset-management,GOOG,ALPHABET INC-CL C,68065103.0,"$68,065,103",https://valuesider.com/guru/pat-dorsey-dorsey-asset-management/portfolio
pat-dorsey-dorsey-asset-management,ASML,ASML HOLDING NV-NY REG SHS,205780082.0,"$205,780,082",https://valuesider.com/guru/pat-dorsey-dorsey-asset-management/portfolio
pat-dorsey-dorsey-asset-management,AZO,AUTOZONE INC,85197872.0,"$85,197,872",https://valuesider.com/guru/pat-dorsey-dorsey-asset-management/portfolio
pat-dorsey-dorsey-asset-management,BKNG,BOOKING HOLDINGS INC,87382920.0,"$87,382,920",https://valuesider.com/guru/pat-dorsey-dorsey-asset-management/portfolio
pat-dorsey-dorsey-asset-management,DHR,DANAHER CORP,189435878.0,"$189,435,878",https://valuesider.com/guru/pat-dorsey-dorsey-asset-management/portfolio
pat-dorsey-dorsey-asset-management,ENOV,ENOVIS CORP,60717888.0,"$60,717,888",https://valuesider.com/guru/pat-dorsey-dorsey-asset-management/portfolio
pat-dorsey-dorsey-asset-management,LYV,LIVE NATION ENTERTAINMENT IN,85923653.0,"$85,923,653",https://valuesider.com/guru/pat-dorsey-dorsey-asset-management/portfolio
pat-dorsey-dorsey-asset-management,META,META PLATFORMS INC-CLASS A,105911441.0,"$105,911,441",https://valuesider.com/guru/pat-dorsey-dorsey-asset-management/portfolio
pat-dorsey-dorsey-asset-management,RPRX,ROYALTY PHARMA PLC- CL A,87305882.0,"$87,305,882",https://valuesider.com/guru/pat-dorsey-dorsey-asset-management/portfolio
fred-martin-disciplined-growth-investors,AKAM,AKAMAI TECHNOLOGIES INC,154858542.0,"$154,858,542",https://valuesider.com/guru/fred-martin-disciplined-growth-investors/portfolio
fred-martin-disciplined-growth-investors,ALRM,ALARMCOM HOLDINGS INC,174361717.0,"$174,361,717",https://valuesider.com/guru/fred-martin-disciplined-growth-investors/portfolio
fred-martin-disciplined-growth-investors,ALGN,ALIGN TECHNOLOGY INC,128189000.0,"$128,189,000",https://valuesider.com/guru/fred-martin-disciplined-growth-investors/portfolio
fred-martin-disciplined-growth-investors,AAPL,APPLE INC,417305.0,"$417,305",https://valuesider.com/guru/fred-martin-disciplined-growth-investors/portfolio
fred-martin-disciplined-growth-investors,ANET,ARISTA NETWORKS INC,255354409.0,"$255,354,409",https://valuesider.com/guru/fred-martin-disciplined-growth-investors/portfolio
fred-martin-disciplined-growth-investors,ADSK,AUTODESK INC,95305452.0,"$95,305,452",https://valuesider.com/guru/fred-martin-disciplined-growth-investors/portfolio
fred-martin-disciplined-growth-investors,AXGN,AXOGEN INC,6607401.0,"$6,607,401",https://valuesider.com/guru/fred-martin-disciplined-growth-investors/portfolio
fred-martin-disciplined-growth-investors,AVGO,BROADCOM INC,309067.0,"$309,067",https://valuesider.com/guru/fred-martin-disciplined-growth-investors/portfolio
fred-martin-disciplined-growth-investors,COG,CABOT OIL & GAS CORP,178384748.0,"$178,384,748",https://valuesider.com/guru/fred-martin-disciplined-growth-investors/portfolio
fred-martin-disciplined-growth-investors,CELH,CELSIUS HOLDINGS INC,69760224.0,"$69,760,224",https://valuesider.com/guru/fred-martin-disciplined-growth-investors/portfolio
fred-martin-disciplined-growth-investors,CEVA,CEVA INC,13078737.0,"$13,078,737",https://valuesider.com/guru/fred-martin-disciplined-growth-investors/portfolio
fred-martin-disciplined-growth-investors,CHK,CHESAPEAKE ENERGY CORP,281404646.0,"$281,404,646",https://valuesider.com/guru/fred-martin-disciplined-growth-investors/portfolio
fred-martin-disciplined-growth-investors,CGNX,COGNEX CORP,167499781.0,"$167,499,781",https://valuesider.com/guru/fred-martin-disciplined-growth-investors/portfolio
fred-martin-disciplined-growth-investors,CLB,CORE LABORATORIES INC,82825631.0,"$82,825,631",https://valuesider.com/guru/fred-martin-disciplined-growth-investors/portfolio
fred-martin-disciplined-growth-investors,DLB,DOLBY LABORATORIES INC-CL A,86214836.0,"$86,214,836",https://valuesider.com/guru/fred-martin-disciplined-growth-investors/portfolio
fred-martin-disciplined-growth-investors,DV,DOUBLEVERIFY HOLDINGS INC,42767216.0,"$42,767,216",https://valuesider.com/guru/fred-martin-disciplined-growth-investors/portfolio
fred-martin-disciplined-growth-investors,EGAN,EGAIN CORP,9623928.0,"$9,623,928",https://valuesider.com/guru/fred-martin-disciplined-growth-investors/portfolio
fred-martin-disciplined-growth-investors,FND,FLOOR & DECOR HOLDINGS INC-A,69824877.0,"$69,824,877",https://valuesider.com/guru/fred-martin-disciplined-growth-investors/portfolio
fred-martin-disciplined-growth-investors,GRMN,GARMIN LTD,283891618.0,"$283,891,618",https://valuesider.com/guru/fred-martin-disciplined-growth-investors/portfolio
fred-martin-disciplined-growth-investors,IT,GARTNER INC,90104325.0,"$90,104,325",https://valuesider.com/guru/fred-martin-disciplined-growth-investors/portfolio
fred-martin-disciplined-growth-investors,GNRC,GENERAC HOLDINGS INC,85609813.0,"$85,609,813",https://valuesider.com/guru/fred-martin-disciplined-growth-investors/portfolio
fred-martin-disciplined-growth-investors,GNTX,GENTEX CORP,111770999.0,"$111,770,999",https://valuesider.com/guru/fred-martin-disciplined-growth-investors/portfolio
fred-martin-disciplined-growth-investors,GEOS,GEOSPACE TECHNOLOGIES CORP,19134815.0,"$19,134,815",https://valuesider.com/guru/fred-martin-disciplined-growth-investors/portfolio
fred-martin-disciplined-growth-investors,GLOB,GLOBANT SA,5497290.0,"$5,497,290",https://valuesider.com/guru/fred-martin-disciplined-growth-investors/portfolio
fred-martin-disciplined-growth-investors,GGG,GRACO INC,29379032.0,"$29,379,032",https://valuesider.com/guru/fred-martin-disciplined-growth-investors/portfolio
fred-martin-disciplined-growth-investors,MLHR,HERMAN MILLER INC,9432370.0,"$9,432,370",https://valuesider.com/guru/fred-martin-disciplined-growth-investors/portfolio
fred-martin-disciplined-growth-investors,INMD,INMODE LTD,4155346.0,"$4,155,346",https://valuesider.com/guru/fred-martin-disciplined-growth-investors/portfolio
fred-martin-disciplined-growth-investors,IDCC,INTERDIGITAL INC,193942132.0,"$193,942,132",https://valuesider.com/guru/fred-martin-disciplined-growth-investors/portfolio
fred-martin-disciplined-growth-investors,INTU,INTUIT INC,59482004.0,"$59,482,004",https://valuesider.com/guru/fred-martin-disciplined-growth-investors/portfolio
fred-martin-disciplined-growth-investors,ISRG,INTUITIVE SURGICAL INC,62540869.0,"$62,540,869",https://valuesider.com/guru/fred-martin-disciplined-growth-investors/portfolio
fred-martin-disciplined-growth-investors,IPGP,IPG PHOTONICS CORP,40578154.0,"$40,578,154",https://valuesider.com/guru/fred-martin-disciplined-growth-investors/portfolio
fred-martin-disciplined-growth-investors,KRNT,KORNIT DIGITAL LTD,43637419.0,"$43,637,419",https://valuesider.com/guru/fred-martin-disciplined-growth-investors/portfolio
fred-martin-disciplined-growth-investors,LGIH,LGI HOMES INC,30553753.0,"$30,553,753",https://valuesider.com/guru/fred-martin-disciplined-growth-investors/portfolio
fred-martin-disciplined-growth-investors,MTLS,MATERIALISE NV-ADR,6514845.0,"$6,514,845",https://valuesider.com/guru/fred-martin-disciplined-growth-investors/portfolio
fred-martin-disciplined-growth-investors,MCHP,MICROCHIP TECHNOLOGY INC,113762821.0,"$113,762,821",https://valuesider.com/guru/fred-martin-disciplined-growth-investors/portfolio
fred-martin-disciplined-growth-investors,MSFT,MICROSOFT CORP,324993.0,"$324,993",https://valuesider.com/guru/fred-martin-disciplined-growth-investors/portfolio
fred-martin-disciplined-growth-investors,MDXG,MIMEDX GROUP INC,10039192.0,"$10,039,192",https://valuesider.com/guru/fred-martin-disciplined-growth-investors/portfolio
fred-martin-disciplined-growth-investors,MNDY,MONDAYCOM LTD,10764354.0,"$10,764,354",https://valuesider.com/guru/fred-martin-disciplined-growth-investors/portfolio
fred-martin-disciplined-growth-investors,PAYX,PAYCHEX INC,17202915.0,"$17,202,915",https://valuesider.com/guru/fred-martin-disciplined-growth-investors/portfolio
fred-martin-disciplined-growth-investors,PLXS,PLEXUS CORP,233853480.0,"$233,853,480",https://valuesider.com/guru/fred-martin-disciplined-growth-investors/portfolio
fred-martin-disciplined-growth-investors,POWI,POWER INTEGRATIONS INC,71140347.0,"$71,140,347",https://valuesider.com/guru/fred-martin-disciplined-growth-investors/portfolio
fred-martin-disciplined-growth-investors,PWFL,POWERFLEET INC,42128729.0,"$42,128,729",https://valuesider.com/guru/fred-martin-disciplined-growth-investors/portfolio
fred-martin-disciplined-growth-investors,PGNY,PROGYNY INC,15984079.0,"$15,984,079",https://valuesider.com/guru/fred-martin-disciplined-growth-investors/portfolio
fred-martin-disciplined-growth-investors,PRLB,PROTO LABS INC,135263950.0,"$135,263,950",https://valuesider.com/guru/fred-martin-disciplined-growth-investors/portfolio
fred-martin-disciplined-growth-investors,PSTG,PURE STORAGE INC - CLASS A,328175176.0,"$328,175,176",https://valuesider.com/guru/fred-martin-disciplined-growth-investors/portfolio
fred-martin-disciplined-growth-investors,SMTC,SEMTECH CORP,206427134.0,"$206,427,134",https://valuesider.com/guru/fred-martin-disciplined-growth-investors/portfolio
fred-martin-disciplined-growth-investors,SN,SHARKNINJA INC,50981304.0,"$50,981,304",https://valuesider.com/guru/fred-martin-disciplined-growth-investors/portfolio
fred-martin-disciplined-growth-investors,SSD,SIMPSON MANUFACTURING CO INC,42019338.0,"$42,019,338",https://valuesider.com/guru/fred-martin-disciplined-growth-investors/portfolio
fred-martin-disciplined-growth-investors,SNA,SNAP-ON INC,112944028.0,"$112,944,028",https://valuesider.com/guru/fred-martin-disciplined-growth-investors/portfolio
fred-martin-disciplined-growth-investors,SSTI,SOUNDTHINKING INC,1573406.0,"$1,573,406",https://valuesider.com/guru/fred-martin-disciplined-growth-investors/portfolio
fred-martin-disciplined-growth-investors,SPSC,SPS COMMERCE INC,75280357.0,"$75,280,357",https://valuesider.com/guru/fred-martin-disciplined-growth-investors/portfolio
fred-martin-disciplined-growth-investors,SFIX,STITCH FIX INC-CLASS A,102257878.0,"$102,257,878",https://valuesider.com/guru/fred-martin-disciplined-growth-investors/portfolio
fred-martin-disciplined-growth-investors,SRI,STONERIDGE INC,1181270.0,"$1,181,270",https://valuesider.com/guru/fred-martin-disciplined-growth-investors/portfolio
fred-martin-disciplined-growth-investors,SMCI,SUPER MICRO COMPUTER INC,282089391.0,"$282,089,391",https://valuesider.com/guru/fred-martin-disciplined-growth-investors/portfolio
fred-martin-disciplined-growth-investors,TTWO,TAKE-TWO INTERACTIVE SOFTWRE,78584568.0,"$78,584,568",https://valuesider.com/guru/fred-martin-disciplined-growth-investors/portfolio
fred-martin-disciplined-growth-investors,TREX,TREX COMPANY INC,35333839.0,"$35,333,839",https://valuesider.com/guru/fred-martin-disciplined-growth-investors/portfolio
fred-martin-disciplined-growth-investors,VSAT,VIASAT INC,204202034.0,"$204,202,034",https://valuesider.com/guru/fred-martin-disciplined-growth-investors/portfolio
fred-martin-disciplined-growth-investors,WEAV,WEAVE COMMUNICATIONS INC,17543093.0,"$17,543,093",https://valuesider.com/guru/fred-martin-disciplined-growth-investors/portfolio
fred-martin-disciplined-growth-investors,YETI,YETI HOLDINGS INC,5861226.0,"$5,861,226",https://valuesider.com/guru/fred-martin-disciplined-growth-investors/portfolio
fred-martin-disciplined-growth-investors,ZETA,ZETA GLOBAL HOLDINGS CORP-A,111933303.0,"$111,933,303",https://valuesider.com/guru/fred-martin-disciplined-growth-investors/portfolio
fred-martin-disciplined-growth-investors,ZIP,ZIPRECRUITER INC-A,24847442.0,"$24,847,442",https://valuesider.com/guru/fred-martin-disciplined-growth-investors/portfolio
daniel-loeb-third-point,BABA,ALIBABA GROUP HOLDING-SP ADR,120928500.0,"$120,928,500",https://valuesider.com/guru/daniel-loeb-third-point/portfolio
daniel-loeb-third-point,AMZN,AMAZONCOM INC,499725300.0,"$499,725,300",https://valuesider.com/guru/daniel-loeb-third-point/portfolio
daniel-loeb-third-point,APG,API GROUP CORP,114780000.0,"$114,780,000",https://valuesider.com/guru/daniel-loeb-third-point/portfolio
daniel-loeb-third-point,SPRY,ARS PHARMACEUTICALS INC,6480161.0,"$6,480,161",https://valuesider.com/guru/daniel-loeb-third-point/portfolio
daniel-loeb-third-point,AUR,AURORA INNOVATION INC,3964658.0,"$3,964,658",https://valuesider.com/guru/daniel-loeb-third-point/portfolio
daniel-loeb-third-point,AUROW,AURORA INNOVATION INC -CW28,413059.0,"$413,059",https://valuesider.com/guru/daniel-loeb-third-point/portfolio
daniel-loeb-third-point,BHC,BAUSCH HEALTH COS INC,2432500.0,"$2,432,500",https://valuesider.com/guru/daniel-loeb-third-point/portfolio
daniel-loeb-third-point,BN,BROOKFIELD CORP,284518000.0,"$284,518,000",https://valuesider.com/guru/daniel-loeb-third-point/portfolio
daniel-loeb-third-point,COF,CAPITAL ONE FINANCIAL CORP,266596000.0,"$266,596,000",https://valuesider.com/guru/daniel-loeb-third-point/portfolio
daniel-loeb-third-point,CRS,CARPENTER TECHNOLOGY,247149400.0,"$247,149,400",https://valuesider.com/guru/daniel-loeb-third-point/portfolio
daniel-loeb-third-point,CASY,CASEY'S GENERAL STORES INC,251483050.0,"$251,483,050",https://valuesider.com/guru/daniel-loeb-third-point/portfolio
daniel-loeb-third-point,CMG,CHIPOTLE MEXICAN GRILL INC,174825000.0,"$174,825,000",https://valuesider.com/guru/daniel-loeb-third-point/portfolio
daniel-loeb-third-point,CTEV,CLARITEV CORP,6198750.0,"$6,198,750",https://valuesider.com/guru/daniel-loeb-third-point/portfolio
daniel-loeb-third-point,FIX,COMFORT SYSTEMS USA INC,97995450.0,"$97,995,450",https://valuesider.com/guru/daniel-loeb-third-point/portfolio
daniel-loeb-third-point,CEG,CONSTELLATION ENERGY,167803250.0,"$167,803,250",https://valuesider.com/guru/daniel-loeb-third-point/portfolio
daniel-loeb-third-point,CSGP,COSTAR GROUP INC,212814600.0,"$212,814,600",https://valuesider.com/guru/daniel-loeb-third-point/portfolio
daniel-loeb-third-point,CRH,CRH PLC,324480000.0,"$324,480,000",https://valuesider.com/guru/daniel-loeb-third-point/portfolio
daniel-loeb-third-point,CSX,CSX CORP,18125000.0,"$18,125,000",https://valuesider.com/guru/daniel-loeb-third-point/portfolio
daniel-loeb-third-point,DHR,DANAHER CORP,137352000.0,"$137,352,000",https://valuesider.com/guru/daniel-loeb-third-point/portfolio
daniel-loeb-third-point,FLYX.WS,EG ACQUISITION CORP-A -CW28,104664.0,"$104,664",https://valuesider.com/guru/daniel-loeb-third-point/portfolio
daniel-loeb-third-point,FLYX,FLYEXCLUSIVE INC,4200420.0,"$4,200,420",https://valuesider.com/guru/daniel-loeb-third-point/portfolio
daniel-loeb-third-point,HTZWW,HERTZ GLOBAL HLDGS INC -CW51,10639600.0,"$10,639,600",https://valuesider.com/guru/daniel-loeb-third-point/portfolio
daniel-loeb-third-point,KVUE,KENVUE INC,56062500.0,"$56,062,500",https://valuesider.com/guru/daniel-loeb-third-point/portfolio
daniel-loeb-third-point,LYV,LIVE NATION ENTERTAINMENT IN,245812500.0,"$245,812,500",https://valuesider.com/guru/daniel-loeb-third-point/portfolio
daniel-loeb-third-point,LPLA,LPL FINANCIAL HOLDINGS INC,182156700.0,"$182,156,700",https://valuesider.com/guru/daniel-loeb-third-point/portfolio
daniel-loeb-third-point,MTZ,MASTEC INC,201067250.0,"$201,067,250",https://valuesider.com/guru/daniel-loeb-third-point/portfolio
daniel-loeb-third-point,MSFT,MICROSOFT CORP,447348500.0,"$447,348,500",https://valuesider.com/guru/daniel-loeb-third-point/portfolio
daniel-loeb-third-point,NSC,NORFOLK SOUTHERN CORP,281502000.0,"$281,502,000",https://valuesider.com/guru/daniel-loeb-third-point/portfolio
daniel-loeb-third-point,NVDA,NVIDIA CORP,550175000.0,"$550,175,000",https://valuesider.com/guru/daniel-loeb-third-point/portfolio
daniel-loeb-third-point,PCG,P G & E CORP,551201000.0,"$551,201,000",https://valuesider.com/guru/daniel-loeb-third-point/portfolio
daniel-loeb-third-point,PCG (Pfd),PG&E CORP,5740000.0,"$5,740,000",https://valuesider.com/guru/daniel-loeb-third-point/portfolio
daniel-loeb-third-point,PGR,PROGRESSIVE CORP,50098400.0,"$50,098,400",https://valuesider.com/guru/daniel-loeb-third-point/portfolio
daniel-loeb-third-point,RKT,ROCKET COS INC-CLASS A,184210400.0,"$184,210,400",https://valuesider.com/guru/daniel-loeb-third-point/portfolio
daniel-loeb-third-point,SN,SHARKNINJA INC,134280000.0,"$134,280,000",https://valuesider.com/guru/daniel-loeb-third-point/portfolio
daniel-loeb-third-point,SPOT,SPOTIFY TECHNOLOGY SA,58071000.0,"$58,071,000",https://valuesider.com/guru/daniel-loeb-third-point/portfolio
daniel-loeb-third-point,SRTA,STRATA CRITICAL MEDICAL INC,24050000.0,"$24,050,000",https://valuesider.com/guru/daniel-loeb-third-point/portfolio
daniel-loeb-third-point,TSM,TAIWAN SEMICONDUCTOR-SP ADR,129153250.0,"$129,153,250",https://valuesider.com/guru/daniel-loeb-third-point/portfolio
daniel-loeb-third-point,TDS,TELEPHONE AND DATA SYSTEMS,273675000.0,"$273,675,000",https://valuesider.com/guru/daniel-loeb-third-point/portfolio
daniel-loeb-third-point,TPX,TEMPUR SEALY INTERNATIONAL I,303552000.0,"$303,552,000",https://valuesider.com/guru/daniel-loeb-third-point/portfolio
daniel-loeb-third-point,TMO,THERMO FISHER SCIENTIFIC INC,28972500.0,"$28,972,500",https://valuesider.com/guru/daniel-loeb-third-point/portfolio
daniel-loeb-third-point,UNP,UNION PACIFIC CORP,418689200.0,"$418,689,200",https://valuesider.com/guru/daniel-loeb-third-point/portfolio
daniel-loeb-third-point,VST,VISTRA CORP,162136650.0,"$162,136,650",https://valuesider.com/guru/daniel-loeb-third-point/portfolio
daniel-loeb-third-point,WIX,WIXCOM LTD,23375250.0,"$23,375,250",https://valuesider.com/guru/daniel-loeb-third-point/portfolio
david-einhorn-greenlight-capital,ACHC,ACADIA HEALTHCARE CO INC,58479870.0,"$58,479,870",https://valuesider.com/guru/david-einhorn-greenlight-capital/portfolio
david-einhorn-greenlight-capital,AR,ANTERO RESOURCES CORP,34944852.0,"$34,944,852",https://valuesider.com/guru/david-einhorn-greenlight-capital/portfolio
david-einhorn-greenlight-capital,BKV,BKV CORPORATION,34967652.0,"$34,967,652",https://valuesider.com/guru/david-einhorn-greenlight-capital/portfolio
david-einhorn-greenlight-capital,BHF,BRIGHTHOUSE FINANCIAL INC,180900159.0,"$180,900,159",https://valuesider.com/guru/david-einhorn-greenlight-capital/portfolio
david-einhorn-greenlight-capital,CPRI,CAPRI HOLDINGS LTD,116339371.0,"$116,339,371",https://valuesider.com/guru/david-einhorn-greenlight-capital/portfolio
david-einhorn-greenlight-capital,CNC,CENTENE CORP,108612134.0,"$108,612,134",https://valuesider.com/guru/david-einhorn-greenlight-capital/portfolio
david-einhorn-greenlight-capital,CI,CIGNA CORP,25802813.0,"$25,802,813",https://valuesider.com/guru/david-einhorn-greenlight-capital/portfolio
david-einhorn-greenlight-capital,CNHI,CNH INDUSTRIAL NV,53176719.0,"$53,176,719",https://valuesider.com/guru/david-einhorn-greenlight-capital/portfolio
david-einhorn-greenlight-capital,CNR,CORE NATURAL RESOURCES INC,185913485.0,"$185,913,485",https://valuesider.com/guru/david-einhorn-greenlight-capital/portfolio
david-einhorn-greenlight-capital,COYA,COYA THERAPEUTICS INC,11750452.0,"$11,750,452",https://valuesider.com/guru/david-einhorn-greenlight-capital/portfolio
david-einhorn-greenlight-capital,DECK,DECKERS OUTDOOR CORP,30974315.0,"$30,974,315",https://valuesider.com/guru/david-einhorn-greenlight-capital/portfolio
david-einhorn-greenlight-capital,DHT,DHT HOLDINGS INC,89946967.0,"$89,946,967",https://valuesider.com/guru/david-einhorn-greenlight-capital/portfolio
david-einhorn-greenlight-capital,FLR,FLUOR CORP,220180318.0,"$220,180,318",https://valuesider.com/guru/david-einhorn-greenlight-capital/portfolio
david-einhorn-greenlight-capital,GANX,GAIN THERAPEUTICS INC,1822939.0,"$1,822,939",https://valuesider.com/guru/david-einhorn-greenlight-capital/portfolio
david-einhorn-greenlight-capital,GLPG,GALAPAGOS NV-SPON ADR,15785794.0,"$15,785,794",https://valuesider.com/guru/david-einhorn-greenlight-capital/portfolio
david-einhorn-greenlight-capital,GPN,GLOBAL PAYMENTS INC,35041302.0,"$35,041,302",https://valuesider.com/guru/david-einhorn-greenlight-capital/portfolio
david-einhorn-greenlight-capital,GPRO,GOPRO INC-CLASS A,2388343.0,"$2,388,343",https://valuesider.com/guru/david-einhorn-greenlight-capital/portfolio
david-einhorn-greenlight-capital,GPK,GRAPHIC PACKAGING HOLDING CO,126731557.0,"$126,731,557",https://valuesider.com/guru/david-einhorn-greenlight-capital/portfolio
david-einhorn-greenlight-capital,GRBK,GREEN BRICK PARTNERS INC,593226219.0,"$593,226,219",https://valuesider.com/guru/david-einhorn-greenlight-capital/portfolio
david-einhorn-greenlight-capital,HSIC,HENRY SCHEIN INC,35465915.0,"$35,465,915",https://valuesider.com/guru/david-einhorn-greenlight-capital/portfolio
david-einhorn-greenlight-capital,KPLTW,KATAPULT HOLDINGS INC -CW26,944.0,$944,https://valuesider.com/guru/david-einhorn-greenlight-capital/portfolio
david-einhorn-greenlight-capital,KWEB,KRANESHARES CSI CHINA INTERN,4477916.0,"$4,477,916",https://valuesider.com/guru/david-einhorn-greenlight-capital/portfolio
david-einhorn-greenlight-capital,KD,KYNDRYL HOLDINGS INC,101362336.0,"$101,362,336",https://valuesider.com/guru/david-einhorn-greenlight-capital/portfolio
david-einhorn-greenlight-capital,LBTYA,LIBERTY GLOBAL LTD-A,55749372.0,"$55,749,372",https://valuesider.com/guru/david-einhorn-greenlight-capital/portfolio
david-einhorn-greenlight-capital,NUVB,NUVATION BIO INC,313555.0,"$313,555",https://valuesider.com/guru/david-einhorn-greenlight-capital/portfolio
david-einhorn-greenlight-capital,NUVB.WS,NUVATION BIO INC -CW27,33000.0,"$33,000",https://valuesider.com/guru/david-einhorn-greenlight-capital/portfolio
david-einhorn-greenlight-capital,PCG,P G & E CORP,125090536.0,"$125,090,536",https://valuesider.com/guru/david-einhorn-greenlight-capital/portfolio
david-einhorn-greenlight-capital,PTON,PELOTON INTERACTIVE INC-A,1518194.0,"$1,518,194",https://valuesider.com/guru/david-einhorn-greenlight-capital/portfolio
david-einhorn-greenlight-capital,PENN,PENN NATIONAL GAMING INC,89155490.0,"$89,155,490",https://valuesider.com/guru/david-einhorn-greenlight-capital/portfolio
david-einhorn-greenlight-capital,ROIV,ROIVANT SCIENCES LTD,44904005.0,"$44,904,005",https://valuesider.com/guru/david-einhorn-greenlight-capital/portfolio
david-einhorn-greenlight-capital,SEAS,SEAWORLD ENTERTAINMENT INC,20858706.0,"$20,858,706",https://valuesider.com/guru/david-einhorn-greenlight-capital/portfolio
david-einhorn-greenlight-capital,SLDE,SLIDE INSURANCE HOLDINGS INC,22399663.0,"$22,399,663",https://valuesider.com/guru/david-einhorn-greenlight-capital/portfolio
david-einhorn-greenlight-capital,SHC,SOTERA HEALTH CO,8136803.0,"$8,136,803",https://valuesider.com/guru/david-einhorn-greenlight-capital/portfolio
david-einhorn-greenlight-capital,GLD,SPDR GOLD SHARES,67595030.0,"$67,595,030",https://valuesider.com/guru/david-einhorn-greenlight-capital/portfolio
david-einhorn-greenlight-capital,SPB,SPECTRUM BRANDS HOLDINGS INC,39222622.0,"$39,222,622",https://valuesider.com/guru/david-einhorn-greenlight-capital/portfolio
david-einhorn-greenlight-capital,SNX,SYNNEX CORP,8486493.0,"$8,486,493",https://valuesider.com/guru/david-einhorn-greenlight-capital/portfolio
david-einhorn-greenlight-capital,TEVA,TEVA PHARMACEUTICAL-SP ADR,95463088.0,"$95,463,088",https://valuesider.com/guru/david-einhorn-greenlight-capital/portfolio
david-einhorn-greenlight-capital,GDX,VANECK GOLD MINERS ETF,5571619.0,"$5,571,619",https://valuesider.com/guru/david-einhorn-greenlight-capital/portfolio
david-einhorn-greenlight-capital,VSCO,VICTORIA'S SECRET & CO,94140364.0,"$94,140,364",https://valuesider.com/guru/david-einhorn-greenlight-capital/portfolio
david-einhorn-greenlight-capital,WBD,WARNER BROS DISCOVERY INC,44183365.0,"$44,183,365",https://valuesider.com/guru/david-einhorn-greenlight-capital/portfolio
david-einhorn-greenlight-capital,WFRD,WEATHERFORD INTERNATIONAL PL,58195702.0,"$58,195,702",https://valuesider.com/guru/david-einhorn-greenlight-capital/portfolio
nicolai-tangen-ako-capital,ALC,ALCON INC,609351000.0,"$609,351,000",https://valuesider.com/guru/nicolai-tangen-ako-capital/portfolio
nicolai-tangen-ako-capital,AMZN,AMAZONCOM INC,401074000.0,"$401,074,000",https://valuesider.com/guru/nicolai-tangen-ako-capital/portfolio
nicolai-tangen-ako-capital,ADI,ANALOG DEVICES INC,338460000.0,"$338,460,000",https://valuesider.com/guru/nicolai-tangen-ako-capital/portfolio
nicolai-tangen-ako-capital,BKNG,BOOKING HOLDINGS INC,229213000.0,"$229,213,000",https://valuesider.com/guru/nicolai-tangen-ako-capital/portfolio
nicolai-tangen-ako-capital,CP,CANADIAN PACIFIC KANSAS CITY,217750000.0,"$217,750,000",https://valuesider.com/guru/nicolai-tangen-ako-capital/portfolio
nicolai-tangen-ako-capital,CSCO,CISCO SYSTEMS INC,239849000.0,"$239,849,000",https://valuesider.com/guru/nicolai-tangen-ako-capital/portfolio
nicolai-tangen-ako-capital,CPRT,COPART INC,235297000.0,"$235,297,000",https://valuesider.com/guru/nicolai-tangen-ako-capital/portfolio
nicolai-tangen-ako-capital,EFX,EQUIFAX INC,166197000.0,"$166,197,000",https://valuesider.com/guru/nicolai-tangen-ako-capital/portfolio
nicolai-tangen-ako-capital,FICO,FAIR ISAAC CORP,190677000.0,"$190,677,000",https://valuesider.com/guru/nicolai-tangen-ako-capital/portfolio
nicolai-tangen-ako-capital,RACE,FERRARI NV,351539000.0,"$351,539,000",https://valuesider.com/guru/nicolai-tangen-ako-capital/portfolio
nicolai-tangen-ako-capital,FLUT,FLUTTER ENTERTAINMENT PLC-DI,669888000.0,"$669,888,000",https://valuesider.com/guru/nicolai-tangen-ako-capital/portfolio
nicolai-tangen-ako-capital,GE,GENERAL ELECTRIC CO,341725000.0,"$341,725,000",https://valuesider.com/guru/nicolai-tangen-ako-capital/portfolio
nicolai-tangen-ako-capital,ICE,INTERCONTINENTAL EXCHANGE IN,337555000.0,"$337,555,000",https://valuesider.com/guru/nicolai-tangen-ako-capital/portfolio
nicolai-tangen-ako-capital,INTU,INTUIT INC,158236000.0,"$158,236,000",https://valuesider.com/guru/nicolai-tangen-ako-capital/portfolio
nicolai-tangen-ako-capital,LIN,LINDE PLC,5746000.0,"$5,746,000",https://valuesider.com/guru/nicolai-tangen-ako-capital/portfolio
nicolai-tangen-ako-capital,MMC,MARSH & MCLENNAN COS,275471000.0,"$275,471,000",https://valuesider.com/guru/nicolai-tangen-ako-capital/portfolio
nicolai-tangen-ako-capital,MA,MASTERCARD INC - A,57150000.0,"$57,150,000",https://valuesider.com/guru/nicolai-tangen-ako-capital/portfolio
nicolai-tangen-ako-capital,MSFT,MICROSOFT CORP,493638000.0,"$493,638,000",https://valuesider.com/guru/nicolai-tangen-ako-capital/portfolio
nicolai-tangen-ako-capital,MCO,MOODY'S CORP,376276000.0,"$376,276,000",https://valuesider.com/guru/nicolai-tangen-ako-capital/portfolio
nicolai-tangen-ako-capital,CRM,SALESFORCECOM INC,82813000.0,"$82,813,000",https://valuesider.com/guru/nicolai-tangen-ako-capital/portfolio
nicolai-tangen-ako-capital,V,VISA INC-CLASS A SHARES,504309000.0,"$504,309,000",https://valuesider.com/guru/nicolai-tangen-ako-capital/portfolio
nicolai-tangen-ako-capital,WAT,WATERS CORP,286185000.0,"$286,185,000",https://valuesider.com/guru/nicolai-tangen-ako-capital/portfolio
bill-miller-miller-value-partners,ADS,ALLIANCE DATA SYSTEMS CORP,14910752.0,"$14,910,752",https://valuesider.com/guru/bill-miller-miller-value-partners/portfolio
bill-miller-miller-value-partners,ARLP,ALLIANCE RESOURCE PARTNERS,3066360.0,"$3,066,360",https://valuesider.com/guru/bill-miller-miller-value-partners/portfolio
bill-miller-miller-value-partners,AXL,AMERICAN AXLE & MFG HOLDINGS,11119940.0,"$11,119,940",https://valuesider.com/guru/bill-miller-miller-value-partners/portfolio
bill-miller-miller-value-partners,BCC,BOISE CASCADE CO,2723200.0,"$2,723,200",https://valuesider.com/guru/bill-miller-miller-value-partners/portfolio
bill-miller-miller-value-partners,BMY,BRISTOL-MYERS SQUIBB CO,5825520.0,"$5,825,520",https://valuesider.com/guru/bill-miller-miller-value-partners/portfolio
bill-miller-miller-value-partners,BBW,BUILD-A-BEAR WORKSHOP INC,4779060.0,"$4,779,060",https://valuesider.com/guru/bill-miller-miller-value-partners/portfolio
bill-miller-miller-value-partners,CALM,CAL-MAINE FOODS INC,4933340.0,"$4,933,340",https://valuesider.com/guru/bill-miller-miller-value-partners/portfolio
bill-miller-miller-value-partners,CG,CARLYLE GROUP INC/THE,2364400.0,"$2,364,400",https://valuesider.com/guru/bill-miller-miller-value-partners/portfolio
bill-miller-miller-value-partners,CNDT,CONDUENT INC,10720099.0,"$10,720,099",https://valuesider.com/guru/bill-miller-miller-value-partners/portfolio
bill-miller-miller-value-partners,CTO,CTO REALTY GROWTH INC,7992609.0,"$7,992,609",https://valuesider.com/guru/bill-miller-miller-value-partners/portfolio
bill-miller-miller-value-partners,FOSL,FOSSIL GROUP INC,11973400.0,"$11,973,400",https://valuesider.com/guru/bill-miller-miller-value-partners/portfolio
bill-miller-miller-value-partners,GCI,GANNETT CO INC COM NEW,17527227.0,"$17,527,227",https://valuesider.com/guru/bill-miller-miller-value-partners/portfolio
bill-miller-miller-value-partners,GTN,GRAY TELEVISION INC,19304316.0,"$19,304,316",https://valuesider.com/guru/bill-miller-miller-value-partners/portfolio
bill-miller-miller-value-partners,ITRN,ITURAN LOCATION AND CONTROL,9247150.0,"$9,247,150",https://valuesider.com/guru/bill-miller-miller-value-partners/portfolio
bill-miller-miller-value-partners,JXN,JACKSON FINANCIAL INC-A,9187897.0,"$9,187,897",https://valuesider.com/guru/bill-miller-miller-value-partners/portfolio
bill-miller-miller-value-partners,JELD,JELD-WEN HOLDING INC,10170157.0,"$10,170,157",https://valuesider.com/guru/bill-miller-miller-value-partners/portfolio
bill-miller-miller-value-partners,LNC,LINCOLN NATIONAL CORP,22477007.0,"$22,477,007",https://valuesider.com/guru/bill-miller-miller-value-partners/portfolio
bill-miller-miller-value-partners,LYB,LYONDELLBASELL INDU-CL A,1645400.0,"$1,645,400",https://valuesider.com/guru/bill-miller-miller-value-partners/portfolio
bill-miller-miller-value-partners,MSTR,MICROSTRATEGY INC-CL A,3836737.0,"$3,836,737",https://valuesider.com/guru/bill-miller-miller-value-partners/portfolio
bill-miller-miller-value-partners,MRP,MILLROSE PROPERTIES,2473236.0,"$2,473,236",https://valuesider.com/guru/bill-miller-miller-value-partners/portfolio
bill-miller-miller-value-partners,NBR,NABORS INDUSTRIES LTD,32728619.0,"$32,728,619",https://valuesider.com/guru/bill-miller-miller-value-partners/portfolio
bill-miller-miller-value-partners,OAS,OASIS PETROLEUM INC,5354908.0,"$5,354,908",https://valuesider.com/guru/bill-miller-miller-value-partners/portfolio
bill-miller-miller-value-partners,OMF,ONEMAIN HOLDINGS INC,5602665.0,"$5,602,665",https://valuesider.com/guru/bill-miller-miller-value-partners/portfolio
bill-miller-miller-value-partners,QUAD,QUAD GRAPHICS INC,17166570.0,"$17,166,570",https://valuesider.com/guru/bill-miller-miller-value-partners/portfolio
bill-miller-miller-value-partners,RCII,RENT-A-CENTER INC,1229200.0,"$1,229,200",https://valuesider.com/guru/bill-miller-miller-value-partners/portfolio
bill-miller-miller-value-partners,STLA,STELLANTIS NV,4671810.0,"$4,671,810",https://valuesider.com/guru/bill-miller-miller-value-partners/portfolio
bill-miller-miller-value-partners,FTI,TECHNIPFMC PLC,334646.0,"$334,646",https://valuesider.com/guru/bill-miller-miller-value-partners/portfolio
bill-miller-miller-value-partners,TPC,TUTOR PERINI CORP,456741.0,"$456,741",https://valuesider.com/guru/bill-miller-miller-value-partners/portfolio
bill-miller-miller-value-partners,UGI,UGI CORP,9806660.0,"$9,806,660",https://valuesider.com/guru/bill-miller-miller-value-partners/portfolio
bill-miller-miller-value-partners,UNFI,UNITED NATURAL FOODS INC,425084.0,"$425,084",https://valuesider.com/guru/bill-miller-miller-value-partners/portfolio
bill-miller-miller-value-partners,UPS,UNITED PARCEL SERVICE-CL B,8589854.0,"$8,589,854",https://valuesider.com/guru/bill-miller-miller-value-partners/portfolio
bill-miller-miller-value-partners,VZ,VERIZON COMMUNICATIONS INC,8064540.0,"$8,064,540",https://valuesider.com/guru/bill-miller-miller-value-partners/portfolio
bill-miller-miller-value-partners,VTRSV,VIATRIS INC-W/I,7706550.0,"$7,706,550",https://valuesider.com/guru/bill-miller-miller-value-partners/portfolio
bill-miller-miller-value-partners,WAL,WESTERN ALLIANCE BANCORP,5418732.0,"$5,418,732",https://valuesider.com/guru/bill-miller-miller-value-partners/portfolio
andreas-halvorsen-viking-global-investors,TIC,ACUREN CORPORATION,347379600.0,"$347,379,600",https://valuesider.com/guru/andreas-halvorsen-viking-global-investors/portfolio
andreas-halvorsen-viking-global-investors,ADPT,ADAPTIVE BIOTECHNOLOGIES,487097818.0,"$487,097,818",https://valuesider.com/guru/andreas-halvorsen-viking-global-investors/portfolio
andreas-halvorsen-viking-global-investors,AMD,ADVANCED MICRO DEVICES,801427625.0,"$801,427,625",https://valuesider.com/guru/andreas-halvorsen-viking-global-investors/portfolio
andreas-halvorsen-viking-global-investors,APD,AIR PRODUCTS & CHEMICALS INC,1181381549.0,"$1,181,381,549",https://valuesider.com/guru/andreas-halvorsen-viking-global-investors/portfolio
andreas-halvorsen-viking-global-investors,GOOGL,ALPHABET INC-CL A,834543136.0,"$834,543,136",https://valuesider.com/guru/andreas-halvorsen-viking-global-investors/portfolio
andreas-halvorsen-viking-global-investors,AMZN,AMAZONCOM INC,721731669.0,"$721,731,669",https://valuesider.com/guru/andreas-halvorsen-viking-global-investors/portfolio
andreas-halvorsen-viking-global-investors,AS,AMER SPORTS INC,179813732.0,"$179,813,732",https://valuesider.com/guru/andreas-halvorsen-viking-global-investors/portfolio
andreas-halvorsen-viking-global-investors,AON,AON PLC-CLASS A,276534412.0,"$276,534,412",https://valuesider.com/guru/andreas-halvorsen-viking-global-investors/portfolio
andreas-halvorsen-viking-global-investors,APG,API GROUP CORP,441425439.0,"$441,425,439",https://valuesider.com/guru/andreas-halvorsen-viking-global-investors/portfolio
andreas-halvorsen-viking-global-investors,AJG,ARTHUR J GALLAGHER & CO,269394438.0,"$269,394,438",https://valuesider.com/guru/andreas-halvorsen-viking-global-investors/portfolio
andreas-halvorsen-viking-global-investors,BAC,BANK OF AMERICA CORP,247204595.0,"$247,204,595",https://valuesider.com/guru/andreas-halvorsen-viking-global-investors/portfolio
andreas-halvorsen-viking-global-investors,BMRN,BIOMARIN PHARMACEUTICAL INC,358775106.0,"$358,775,106",https://valuesider.com/guru/andreas-halvorsen-viking-global-investors/portfolio
andreas-halvorsen-viking-global-investors,BA,BOEING CO/THE,858294249.0,"$858,294,249",https://valuesider.com/guru/andreas-halvorsen-viking-global-investors/portfolio
andreas-halvorsen-viking-global-investors,BSX,BOSTON SCIENTIFIC CORP,239310193.0,"$239,310,193",https://valuesider.com/guru/andreas-halvorsen-viking-global-investors/portfolio
andreas-halvorsen-viking-global-investors,BBIO,BRIDGEBIO PHARMA INC,1100992012.0,"$1,100,992,012",https://valuesider.com/guru/andreas-halvorsen-viking-global-investors/portfolio
andreas-halvorsen-viking-global-investors,CPT,CAMDEN PROPERTY TRUST,524475610.0,"$524,475,610",https://valuesider.com/guru/andreas-halvorsen-viking-global-investors/portfolio
andreas-halvorsen-viking-global-investors,COF,CAPITAL ONE FINANCIAL CORP,715523548.0,"$715,523,548",https://valuesider.com/guru/andreas-halvorsen-viking-global-investors/portfolio
andreas-halvorsen-viking-global-investors,CCL,CARNIVAL CORP,429448197.0,"$429,448,197",https://valuesider.com/guru/andreas-halvorsen-viking-global-investors/portfolio
andreas-halvorsen-viking-global-investors,CVNA,CARVANA CO,447988157.0,"$447,988,157",https://valuesider.com/guru/andreas-halvorsen-viking-global-investors/portfolio
andreas-halvorsen-viking-global-investors,CLS,CELESTICA INC,502311154.0,"$502,311,154",https://valuesider.com/guru/andreas-halvorsen-viking-global-investors/portfolio
andreas-halvorsen-viking-global-investors,CHWY,CHEWY INC - CLASS A,447386117.0,"$447,386,117",https://valuesider.com/guru/andreas-halvorsen-viking-global-investors/portfolio
andreas-halvorsen-viking-global-investors,CB,CHUBB LTD,316439429.0,"$316,439,429",https://valuesider.com/guru/andreas-halvorsen-viking-global-investors/portfolio
andreas-halvorsen-viking-global-investors,CSGP,COSTAR GROUP INC,96999214.0,"$96,999,214",https://valuesider.com/guru/andreas-halvorsen-viking-global-investors/portfolio
andreas-halvorsen-viking-global-investors,CSX,CSX CORP,500885789.0,"$500,885,789",https://valuesider.com/guru/andreas-halvorsen-viking-global-investors/portfolio
andreas-halvorsen-viking-global-investors,DKS,DICK'S SPORTING GOODS INC,509370673.0,"$509,370,673",https://valuesider.com/guru/andreas-halvorsen-viking-global-investors/portfolio
andreas-halvorsen-viking-global-investors,DLR,DIGITAL REALTY TRUST INC,233300823.0,"$233,300,823",https://valuesider.com/guru/andreas-halvorsen-viking-global-investors/portfolio
andreas-halvorsen-viking-global-investors,DKNG,DRAFTKINGS INC-CL A,658872168.0,"$658,872,168",https://valuesider.com/guru/andreas-halvorsen-viking-global-investors/portfolio
andreas-halvorsen-viking-global-investors,FIG,FIGMA INC-CL A,214966740.0,"$214,966,740",https://valuesider.com/guru/andreas-halvorsen-viking-global-investors/portfolio
andreas-halvorsen-viking-global-investors,FTV,FORTIVE CORP,1061592511.0,"$1,061,592,511",https://valuesider.com/guru/andreas-halvorsen-viking-global-investors/portfolio
andreas-halvorsen-viking-global-investors,GM,GENERAL MOTORS CO,553471645.0,"$553,471,645",https://valuesider.com/guru/andreas-halvorsen-viking-global-investors/portfolio
andreas-halvorsen-viking-global-investors,DNA,GINKGO BIOWORKS HOLDINGS INC,29725934.0,"$29,725,934",https://valuesider.com/guru/andreas-halvorsen-viking-global-investors/portfolio
andreas-halvorsen-viking-global-investors,HCA,HCA HEALTHCARE INC,466477175.0,"$466,477,175",https://valuesider.com/guru/andreas-halvorsen-viking-global-investors/portfolio
andreas-halvorsen-viking-global-investors,INBX,INHIBRX BIOSCIENCES INC,113578695.0,"$113,578,695",https://valuesider.com/guru/andreas-halvorsen-viking-global-investors/portfolio
andreas-halvorsen-viking-global-investors,ICE,INTERCONTINENTAL EXCHANGE IN,777925786.0,"$777,925,786",https://valuesider.com/guru/andreas-halvorsen-viking-global-investors/portfolio
andreas-halvorsen-viking-global-investors,IQV,IQVIA HOLDINGS INC,139581987.0,"$139,581,987",https://valuesider.com/guru/andreas-halvorsen-viking-global-investors/portfolio
andreas-halvorsen-viking-global-investors,ITUB,ITAU UNIBANCO H-SPON PRF ADR,203319262.0,"$203,319,262",https://valuesider.com/guru/andreas-halvorsen-viking-global-investors/portfolio
andreas-halvorsen-viking-global-investors,JCI,JOHNSON CONTROLS INTERNATION,708765163.0,"$708,765,163",https://valuesider.com/guru/andreas-halvorsen-viking-global-investors/portfolio
andreas-halvorsen-viking-global-investors,JPM,JPMORGAN CHASE & CO,614145520.0,"$614,145,520",https://valuesider.com/guru/andreas-halvorsen-viking-global-investors/portfolio
andreas-halvorsen-viking-global-investors,LII,LENNOX INTERNATIONAL INC,301696195.0,"$301,696,195",https://valuesider.com/guru/andreas-halvorsen-viking-global-investors/portfolio
andreas-halvorsen-viking-global-investors,LOW,LOWE'S COS INC,219947566.0,"$219,947,566",https://valuesider.com/guru/andreas-halvorsen-viking-global-investors/portfolio
andreas-halvorsen-viking-global-investors,MASI,MASIMO CORP,66895060.0,"$66,895,060",https://valuesider.com/guru/andreas-halvorsen-viking-global-investors/portfolio
andreas-halvorsen-viking-global-investors,MCD,MCDONALD'S CORP,1106140680.0,"$1,106,140,680",https://valuesider.com/guru/andreas-halvorsen-viking-global-investors/portfolio
andreas-halvorsen-viking-global-investors,MDLN,MEDLINE INC-CL A,292284594.0,"$292,284,594",https://valuesider.com/guru/andreas-halvorsen-viking-global-investors/portfolio
andreas-halvorsen-viking-global-investors,MSFT,MICROSOFT CORP,1556116024.0,"$1,556,116,024",https://valuesider.com/guru/andreas-halvorsen-viking-global-investors/portfolio
andreas-halvorsen-viking-global-investors,MAA,MID-AMERICA APARTMENT COMM,538977468.0,"$538,977,468",https://valuesider.com/guru/andreas-halvorsen-viking-global-investors/portfolio
andreas-halvorsen-viking-global-investors,NAMS,NEWAMSTERDAM PHARMA CO NV,147461130.0,"$147,461,130",https://valuesider.com/guru/andreas-halvorsen-viking-global-investors/portfolio
andreas-halvorsen-viking-global-investors,ORIC,ORIC PHARMACEUTICALS INC,53764612.0,"$53,764,612",https://valuesider.com/guru/andreas-halvorsen-viking-global-investors/portfolio
andreas-halvorsen-viking-global-investors,ORKA,ORUKA THERAPEUTICS INC,80827374.0,"$80,827,374",https://valuesider.com/guru/andreas-halvorsen-viking-global-investors/portfolio
andreas-halvorsen-viking-global-investors,PEPG,PEPGEN INC,22670645.0,"$22,670,645",https://valuesider.com/guru/andreas-halvorsen-viking-global-investors/portfolio
andreas-halvorsen-viking-global-investors,PHVS,PHARVARIS NV,101379353.0,"$101,379,353",https://valuesider.com/guru/andreas-halvorsen-viking-global-investors/portfolio
andreas-halvorsen-viking-global-investors,PNC,PNC FINANCIAL SERVICES GROUP,1521029704.0,"$1,521,029,704",https://valuesider.com/guru/andreas-halvorsen-viking-global-investors/portfolio
andreas-halvorsen-viking-global-investors,PGR,PROGRESSIVE CORP,303217833.0,"$303,217,833",https://valuesider.com/guru/andreas-halvorsen-viking-global-investors/portfolio
andreas-halvorsen-viking-global-investors,RAL,RALLIANT CORP,161009493.0,"$161,009,493",https://valuesider.com/guru/andreas-halvorsen-viking-global-investors/portfolio
andreas-halvorsen-viking-global-investors,RLYB,RALLYBIO CORP,2878037.0,"$2,878,037",https://valuesider.com/guru/andreas-halvorsen-viking-global-investors/portfolio
andreas-halvorsen-viking-global-investors,RBC,REGAL BELOIT CORP,452383261.0,"$452,383,261",https://valuesider.com/guru/andreas-halvorsen-viking-global-investors/portfolio
andreas-halvorsen-viking-global-investors,RIOT,RIOT PLATFORMS INC,157474087.0,"$157,474,087",https://valuesider.com/guru/andreas-halvorsen-viking-global-investors/portfolio
andreas-halvorsen-viking-global-investors,ROIV,ROIVANT SCIENCES LTD,139817245.0,"$139,817,245",https://valuesider.com/guru/andreas-halvorsen-viking-global-investors/portfolio
andreas-halvorsen-viking-global-investors,ROST,ROSS STORES INC,570589667.0,"$570,589,667",https://valuesider.com/guru/andreas-halvorsen-viking-global-investors/portfolio
andreas-halvorsen-viking-global-investors,SAIA,SAIA INC,355443795.0,"$355,443,795",https://valuesider.com/guru/andreas-halvorsen-viking-global-investors/portfolio
andreas-halvorsen-viking-global-investors,SCHW,SCHWAB (CHARLES) CORP,1386041939.0,"$1,386,041,939",https://valuesider.com/guru/andreas-halvorsen-viking-global-investors/portfolio
andreas-halvorsen-viking-global-investors,SE,SEA LTD-ADR,468378996.0,"$468,378,996",https://valuesider.com/guru/andreas-halvorsen-viking-global-investors/portfolio
andreas-halvorsen-viking-global-investors,SHW,SHERWIN-WILLIAMS CO/THE,1027922961.0,"$1,027,922,961",https://valuesider.com/guru/andreas-halvorsen-viking-global-investors/portfolio
andreas-halvorsen-viking-global-investors,SION,SIONNA THERAPEUTICS INC,131449746.0,"$131,449,746",https://valuesider.com/guru/andreas-halvorsen-viking-global-investors/portfolio
andreas-halvorsen-viking-global-investors,LAB,STANDARD BIOTOOLS INC,75073498.0,"$75,073,498",https://valuesider.com/guru/andreas-halvorsen-viking-global-investors/portfolio
andreas-halvorsen-viking-global-investors,STLA,STELLANTIS NV,434319598.0,"$434,319,598",https://valuesider.com/guru/andreas-halvorsen-viking-global-investors/portfolio
andreas-halvorsen-viking-global-investors,TMUS,T-MOBILE US INC,762256423.0,"$762,256,423",https://valuesider.com/guru/andreas-halvorsen-viking-global-investors/portfolio
andreas-halvorsen-viking-global-investors,TSM,TAIWAN SEMICONDUCTOR-SP ADR,1493587745.0,"$1,493,587,745",https://valuesider.com/guru/andreas-halvorsen-viking-global-investors/portfolio
andreas-halvorsen-viking-global-investors,TSLA,TESLA INC,764407523.0,"$764,407,523",https://valuesider.com/guru/andreas-halvorsen-viking-global-investors/portfolio
andreas-halvorsen-viking-global-investors,TMO,THERMO FISHER SCIENTIFIC INC,459612207.0,"$459,612,207",https://valuesider.com/guru/andreas-halvorsen-viking-global-investors/portfolio
andreas-halvorsen-viking-global-investors,TW,TRADEWEB MARKETS INC-CLASS A,297741589.0,"$297,741,589",https://valuesider.com/guru/andreas-halvorsen-viking-global-investors/portfolio
andreas-halvorsen-viking-global-investors,TRVI,TREVI THERAPEUTICS INC,40047023.0,"$40,047,023",https://valuesider.com/guru/andreas-halvorsen-viking-global-investors/portfolio
andreas-halvorsen-viking-global-investors,UBS,UBS GROUP AG-REG,425957677.0,"$425,957,677",https://valuesider.com/guru/andreas-halvorsen-viking-global-investors/portfolio
andreas-halvorsen-viking-global-investors,UNH,UNITEDHEALTH GROUP INC,395231790.0,"$395,231,790",https://valuesider.com/guru/andreas-halvorsen-viking-global-investors/portfolio
andreas-halvorsen-viking-global-investors,V,VISA INC-CLASS A SHARES,1397300536.0,"$1,397,300,536",https://valuesider.com/guru/andreas-halvorsen-viking-global-investors/portfolio
andreas-halvorsen-viking-global-investors,DIS,WALT DISNEY CO/THE,1273484950.0,"$1,273,484,950",https://valuesider.com/guru/andreas-halvorsen-viking-global-investors/portfolio
andreas-halvorsen-viking-global-investors,WST,WEST PHARMACEUTICAL SERVICES,81174004.0,"$81,174,004",https://valuesider.com/guru/andreas-halvorsen-viking-global-investors/portfolio
bill-gates-bill--melinda-gates-foundation-trust,BUD,ANHEUSER-BUSCH INBEV-SPN ADR,109060120.0,"$109,060,120",https://valuesider.com/guru/bill-gates-bill--melinda-gates-foundation-trust/portfolio
bill-gates-bill--melinda-gates-foundation-trust,BRK.B,BERKSHIRE HATHAWAY INC CL-B,9754809925.0,"$9,754,809,925",https://valuesider.com/guru/bill-gates-bill--melinda-gates-foundation-trust/portfolio
bill-gates-bill--melinda-gates-foundation-trust,CNI,CANADIAN NATL RAILWAY CO,5123077796.0,"$5,123,077,796",https://valuesider.com/guru/bill-gates-bill--melinda-gates-foundation-trust/portfolio
bill-gates-bill--melinda-gates-foundation-trust,CAT,CATERPILLAR INC,3639794852.0,"$3,639,794,852",https://valuesider.com/guru/bill-gates-bill--melinda-gates-foundation-trust/portfolio
bill-gates-bill--melinda-gates-foundation-trust,KOF,COCA-COLA FEMSA SAB-SP ADR,588596036.0,"$588,596,036",https://valuesider.com/guru/bill-gates-bill--melinda-gates-foundation-trust/portfolio
bill-gates-bill--melinda-gates-foundation-trust,CPNG,COUPANG INC,218161382.0,"$218,161,382",https://valuesider.com/guru/bill-gates-bill--melinda-gates-foundation-trust/portfolio
bill-gates-bill--melinda-gates-foundation-trust,DHR,DANAHER CORP,85387160.0,"$85,387,160",https://valuesider.com/guru/bill-gates-bill--melinda-gates-foundation-trust/portfolio
bill-gates-bill--melinda-gates-foundation-trust,DE,DEERE & CO,1656208475.0,"$1,656,208,475",https://valuesider.com/guru/bill-gates-bill--melinda-gates-foundation-trust/portfolio
bill-gates-bill--melinda-gates-foundation-trust,ECL,ECOLAB INC,1369840911.0,"$1,369,840,911",https://valuesider.com/guru/bill-gates-bill--melinda-gates-foundation-trust/portfolio
bill-gates-bill--melinda-gates-foundation-trust,FDX,FEDEX CORP,688746807.0,"$688,746,807",https://valuesider.com/guru/bill-gates-bill--melinda-gates-foundation-trust/portfolio
bill-gates-bill--melinda-gates-foundation-trust,HRL,HORMEL FOODS CORP,49421373.0,"$49,421,373",https://valuesider.com/guru/bill-gates-bill--melinda-gates-foundation-trust/portfolio
bill-gates-bill--melinda-gates-foundation-trust,KHC,KRAFT HEINZ CO/THE,59960550.0,"$59,960,550",https://valuesider.com/guru/bill-gates-bill--melinda-gates-foundation-trust/portfolio
bill-gates-bill--melinda-gates-foundation-trust,MSGS,MADISON SQUARE GARDEN SPORTS,153225812.0,"$153,225,812",https://valuesider.com/guru/bill-gates-bill--melinda-gates-foundation-trust/portfolio
bill-gates-bill--melinda-gates-foundation-trust,MCD,MCDONALD'S CORP,102355487.0,"$102,355,487",https://valuesider.com/guru/bill-gates-bill--melinda-gates-foundation-trust/portfolio
bill-gates-bill--melinda-gates-foundation-trust,MSFT,MICROSOFT CORP,3719621529.0,"$3,719,621,529",https://valuesider.com/guru/bill-gates-bill--melinda-gates-foundation-trust/portfolio
bill-gates-bill--melinda-gates-foundation-trust,ONON,ON HOLDING AG-CLASS A,23240000.0,"$23,240,000",https://valuesider.com/guru/bill-gates-bill--melinda-gates-foundation-trust/portfolio
bill-gates-bill--melinda-gates-foundation-trust,PCAR,PACCAR INC,109510000.0,"$109,510,000",https://valuesider.com/guru/bill-gates-bill--melinda-gates-foundation-trust/portfolio
bill-gates-bill--melinda-gates-foundation-trust,SDGR,SCHRODINGER INC,124832152.0,"$124,832,152",https://valuesider.com/guru/bill-gates-bill--melinda-gates-foundation-trust/portfolio
bill-gates-bill--melinda-gates-foundation-trust,VLTO,VERALTO CORP,12405947.0,"$12,405,947",https://valuesider.com/guru/bill-gates-bill--melinda-gates-foundation-trust/portfolio
bill-gates-bill--melinda-gates-foundation-trust,WMT,WALMART INC,934783043.0,"$934,783,043",https://valuesider.com/guru/bill-gates-bill--melinda-gates-foundation-trust/portfolio
bill-gates-bill--melinda-gates-foundation-trust,WCN,WASTE CONNECTIONS INC,357589728.0,"$357,589,728",https://valuesider.com/guru/bill-gates-bill--melinda-gates-foundation-trust/portfolio
bill-gates-bill--melinda-gates-foundation-trust,WM,WASTE MANAGEMENT INC,6357164720.0,"$6,357,164,720",https://valuesider.com/guru/bill-gates-bill--melinda-gates-foundation-trust/portfolio
bill-gates-bill--melinda-gates-foundation-trust,WST,WEST PHARMACEUTICAL SERVICES,122299730.0,"$122,299,730",https://valuesider.com/guru/bill-gates-bill--melinda-gates-foundation-trust/portfolio
howard-marks-oaktree-capital-management,ATUS,ALTICE USA INC- A,12375000.0,"$12,375,000",https://valuesider.com/guru/howard-marks-oaktree-capital-management/portfolio
howard-marks-oaktree-capital-management,ALVO,ALVOTECH SA,2023114.0,"$2,023,114",https://valuesider.com/guru/howard-marks-oaktree-capital-management/portfolio
howard-marks-oaktree-capital-management,ALVOW,ALVOTECH SA -27,3032866.0,"$3,032,866",https://valuesider.com/guru/howard-marks-oaktree-capital-management/portfolio
howard-marks-oaktree-capital-management,AU,ANGLOGOLD ASHANTI PLC,328156672.0,"$328,156,672",https://valuesider.com/guru/howard-marks-oaktree-capital-management/portfolio
howard-marks-oaktree-capital-management,B,BARRICK MINING CORP,129566388.0,"$129,566,388",https://valuesider.com/guru/howard-marks-oaktree-capital-management/portfolio
howard-marks-oaktree-capital-management,BATL,BATTALION OIL CORP,3401200.0,"$3,401,200",https://valuesider.com/guru/howard-marks-oaktree-capital-management/portfolio
howard-marks-oaktree-capital-management,BLCO,BAUSCH + LOMB CORP,57777182.0,"$57,777,182",https://valuesider.com/guru/howard-marks-oaktree-capital-management/portfolio
howard-marks-oaktree-capital-management,BHC,BAUSCH HEALTH COS INC,8826500.0,"$8,826,500",https://valuesider.com/guru/howard-marks-oaktree-capital-management/portfolio
howard-marks-oaktree-capital-management,BTAI,BIOXCEL THERAPEUTICS INC,385902.0,"$385,902",https://valuesider.com/guru/howard-marks-oaktree-capital-management/portfolio
howard-marks-oaktree-capital-management,CRC,CALIFORNIA RESOURCES CORP,31051184.0,"$31,051,184",https://valuesider.com/guru/howard-marks-oaktree-capital-management/portfolio
howard-marks-oaktree-capital-management,CBL,CBL & ASSOCIATES PROPERTIES,93150348.0,"$93,150,348",https://valuesider.com/guru/howard-marks-oaktree-capital-management/portfolio
howard-marks-oaktree-capital-management,CX,CEMEX SAB-SPONS ADR PART CER,66059732.0,"$66,059,732",https://valuesider.com/guru/howard-marks-oaktree-capital-management/portfolio
howard-marks-oaktree-capital-management,CHK,CHESAPEAKE ENERGY CORP,558682380.0,"$558,682,380",https://valuesider.com/guru/howard-marks-oaktree-capital-management/portfolio
howard-marks-oaktree-capital-management,CHKEL,CHESAPEAKE ENERGY CORP -CW26,9496047.0,"$9,496,047",https://valuesider.com/guru/howard-marks-oaktree-capital-management/portfolio
howard-marks-oaktree-capital-management,CORZ,CORE SCIENTIFIC INC,121586308.0,"$121,586,308",https://valuesider.com/guru/howard-marks-oaktree-capital-management/portfolio
howard-marks-oaktree-capital-management,ECVT,ECOVYST INC,41396314.0,"$41,396,314",https://valuesider.com/guru/howard-marks-oaktree-capital-management/portfolio
howard-marks-oaktree-capital-management,FCX,FREEPORT-MCMORAN INC,70600791.0,"$70,600,791",https://valuesider.com/guru/howard-marks-oaktree-capital-management/portfolio
howard-marks-oaktree-capital-management,FTAI,FTAI AVIATION LTD,101836016.0,"$101,836,016",https://valuesider.com/guru/howard-marks-oaktree-capital-management/portfolio
howard-marks-oaktree-capital-management,YMM,FULL TRUCK ALLIANCE -SPN ADR,37767067.0,"$37,767,067",https://valuesider.com/guru/howard-marks-oaktree-capital-management/portfolio
howard-marks-oaktree-capital-management,GTX,GARRETT MOTION INC,297962642.0,"$297,962,642",https://valuesider.com/guru/howard-marks-oaktree-capital-management/portfolio
howard-marks-oaktree-capital-management,GRAB,GRAB HOLDINGS LTD - CL A,55926418.0,"$55,926,418",https://valuesider.com/guru/howard-marks-oaktree-capital-management/portfolio
howard-marks-oaktree-capital-management,AERO,GRUPO AEROMEXICO SAB DE CV,82942612.0,"$82,942,612",https://valuesider.com/guru/howard-marks-oaktree-capital-management/portfolio
howard-marks-oaktree-capital-management,HDB,HDFC BANK LTD-ADR,4766314.0,"$4,766,314",https://valuesider.com/guru/howard-marks-oaktree-capital-management/portfolio
howard-marks-oaktree-capital-management,INDV,INDIVIOR PLC,255058964.0,"$255,058,964",https://valuesider.com/guru/howard-marks-oaktree-capital-management/portfolio
howard-marks-oaktree-capital-management,INFY,INFOSYS LTD-SP ADR,19508480.0,"$19,508,480",https://valuesider.com/guru/howard-marks-oaktree-capital-management/portfolio
howard-marks-oaktree-capital-management,ITUB,ITAU UNIBANCO H-SPON PRF ADR,98970875.0,"$98,970,875",https://valuesider.com/guru/howard-marks-oaktree-capital-management/portfolio
howard-marks-oaktree-capital-management,BZ,KANZHUN LTD,31043447.0,"$31,043,447",https://valuesider.com/guru/howard-marks-oaktree-capital-management/portfolio
howard-marks-oaktree-capital-management,KRC,KILROY REALTY CORP,69134911.0,"$69,134,911",https://valuesider.com/guru/howard-marks-oaktree-capital-management/portfolio
howard-marks-oaktree-capital-management,LBTYA,LIBERTY GLOBAL LTD-A,95260267.0,"$95,260,267",https://valuesider.com/guru/howard-marks-oaktree-capital-management/portfolio
howard-marks-oaktree-capital-management,LILA,LIBERTY LATIN AMERIC-CL A,6200357.0,"$6,200,357",https://valuesider.com/guru/howard-marks-oaktree-capital-management/portfolio
howard-marks-oaktree-capital-management,LILAK,LIBERTY LATIN AMERIC-CL C,42885898.0,"$42,885,898",https://valuesider.com/guru/howard-marks-oaktree-capital-management/portfolio
howard-marks-oaktree-capital-management,MX,MAGNACHIP SEMICONDUCTOR CORP,7267137.0,"$7,267,137",https://valuesider.com/guru/howard-marks-oaktree-capital-management/portfolio
howard-marks-oaktree-capital-management,NOK,NOKIA CORP-SPON ADR,121326921.0,"$121,326,921",https://valuesider.com/guru/howard-marks-oaktree-capital-management/portfolio
howard-marks-oaktree-capital-management,NU,NU HOLDINGS LTD/CAYMAN ISL-A,74981389.0,"$74,981,389",https://valuesider.com/guru/howard-marks-oaktree-capital-management/portfolio
howard-marks-oaktree-capital-management,OCSL,OAKTREE SPECIALTY LENDING CO,23600289.0,"$23,600,289",https://valuesider.com/guru/howard-marks-oaktree-capital-management/portfolio
howard-marks-oaktree-capital-management,OCN,OCWEN FINANCIAL CORP COM NEW,17896380.0,"$17,896,380",https://valuesider.com/guru/howard-marks-oaktree-capital-management/portfolio
howard-marks-oaktree-capital-management,KRSP.WS,RICE ACQUISITION CORP 3,319999.0,"$319,999",https://valuesider.com/guru/howard-marks-oaktree-capital-management/portfolio
howard-marks-oaktree-capital-management,KRSP,RICE ACQUISITION CORP 3-A,24660000.0,"$24,660,000",https://valuesider.com/guru/howard-marks-oaktree-capital-management/portfolio
howard-marks-oaktree-capital-management,RWAY,RUNWAY GROWTH FINANCE CORP,62774936.0,"$62,774,936",https://valuesider.com/guru/howard-marks-oaktree-capital-management/portfolio
howard-marks-oaktree-capital-management,SMRT,SMARTRENT INC,15160695.0,"$15,160,695",https://valuesider.com/guru/howard-marks-oaktree-capital-management/portfolio
howard-marks-oaktree-capital-management,SBLK,STAR BULK CARRIERS CORP,37726784.0,"$37,726,784",https://valuesider.com/guru/howard-marks-oaktree-capital-management/portfolio
howard-marks-oaktree-capital-management,STKL,SUNOPTA INC,78883383.0,"$78,883,383",https://valuesider.com/guru/howard-marks-oaktree-capital-management/portfolio
howard-marks-oaktree-capital-management,TLN,TALEN ENERGY CORP,124115896.0,"$124,115,896",https://valuesider.com/guru/howard-marks-oaktree-capital-management/portfolio
howard-marks-oaktree-capital-management,TEO,TELECOM ARGENTINA SA-SP ADR,27254567.0,"$27,254,567",https://valuesider.com/guru/howard-marks-oaktree-capital-management/portfolio
howard-marks-oaktree-capital-management,TDS,TELEPHONE AND DATA SYSTEMS,151223826.0,"$151,223,826",https://valuesider.com/guru/howard-marks-oaktree-capital-management/portfolio
howard-marks-oaktree-capital-management,TX,TERNIUM SA-SPONSORED ADR,25150597.0,"$25,150,597",https://valuesider.com/guru/howard-marks-oaktree-capital-management/portfolio
howard-marks-oaktree-capital-management,TRMD,TORM PLC-A,527287877.0,"$527,287,877",https://valuesider.com/guru/howard-marks-oaktree-capital-management/portfolio
howard-marks-oaktree-capital-management,TAC,TRANSALTA CORP,81246611.0,"$81,246,611",https://valuesider.com/guru/howard-marks-oaktree-capital-management/portfolio
howard-marks-oaktree-capital-management,USM,US CELLULAR CORP,38844687.0,"$38,844,687",https://valuesider.com/guru/howard-marks-oaktree-capital-management/portfolio
howard-marks-oaktree-capital-management,VALE,VALE SA-SP ADR,26368889.0,"$26,368,889",https://valuesider.com/guru/howard-marks-oaktree-capital-management/portfolio
howard-marks-oaktree-capital-management,VNOM,VIPER ENERGY INC-CL A,242791949.0,"$242,791,949",https://valuesider.com/guru/howard-marks-oaktree-capital-management/portfolio
howard-marks-oaktree-capital-management,VIST,VISTA OIL & GAS SAB DE CV,38064285.0,"$38,064,285",https://valuesider.com/guru/howard-marks-oaktree-capital-management/portfolio
howard-marks-oaktree-capital-management,XP,XP INC - CLASS A,54351002.0,"$54,351,002",https://valuesider.com/guru/howard-marks-oaktree-capital-management/portfolio
alex-roepers-atlantic-investment-management,ABM,ABM INDUSTRIES INC,8460000.0,"$8,460,000",https://valuesider.com/guru/alex-roepers-atlantic-investment-management/portfolio
alex-roepers-atlantic-investment-management,AXL,AMERICAN AXLE & MFG HOLDINGS,12070030.0,"$12,070,030",https://valuesider.com/guru/alex-roepers-atlantic-investment-management/portfolio
alex-roepers-atlantic-investment-management,APTV,APTIV PLC,20998633.0,"$20,998,633",https://valuesider.com/guru/alex-roepers-atlantic-investment-management/portfolio
alex-roepers-atlantic-investment-management,ASH,ASHLAND GLOBAL HOLDINGS INC,12495361.0,"$12,495,361",https://valuesider.com/guru/alex-roepers-atlantic-investment-management/portfolio
alex-roepers-atlantic-investment-management,AXTA,AXALTA COATING SYSTEMS LTD,33085440.0,"$33,085,440",https://valuesider.com/guru/alex-roepers-atlantic-investment-management/portfolio
alex-roepers-atlantic-investment-management,FLS,FLOWSERVE CORP,21785320.0,"$21,785,320",https://valuesider.com/guru/alex-roepers-atlantic-investment-management/portfolio
alex-roepers-atlantic-investment-management,KEX,KIRBY CORP,24570140.0,"$24,570,140",https://valuesider.com/guru/alex-roepers-atlantic-investment-management/portfolio
alex-roepers-atlantic-investment-management,NOMD,NOMAD FOODS LTD,6740038.0,"$6,740,038",https://valuesider.com/guru/alex-roepers-atlantic-investment-management/portfolio
alex-roepers-atlantic-investment-management,OSK,OSHKOSH CORP,19422398.0,"$19,422,398",https://valuesider.com/guru/alex-roepers-atlantic-investment-management/portfolio
alex-roepers-atlantic-investment-management,WFRD,WEATHERFORD INTERNATIONAL PL,17998861.0,"$17,998,861",https://valuesider.com/guru/alex-roepers-atlantic-investment-management/portfolio
nelson-peltz-trian-fund-management,FERG,FERGUSON PLC,241855659.0,"$241,855,659",https://valuesider.com/guru/nelson-peltz-trian-fund-management/portfolio
nelson-peltz-trian-fund-management,GEHCV,GE HEALTHCARE INC-W/I,331689.0,"$331,689",https://valuesider.com/guru/nelson-peltz-trian-fund-management/portfolio
nelson-peltz-trian-fund-management,GE,GENERAL ELECTRIC CO,1241596543.0,"$1,241,596,543",https://valuesider.com/guru/nelson-peltz-trian-fund-management/portfolio
nelson-peltz-trian-fund-management,IVZ,INVESCO LTD,78046699.0,"$78,046,699",https://valuesider.com/guru/nelson-peltz-trian-fund-management/portfolio
nelson-peltz-trian-fund-management,JHG,JANUS HENDERSON GROUP PLC,1515951246.0,"$1,515,951,246",https://valuesider.com/guru/nelson-peltz-trian-fund-management/portfolio
nelson-peltz-trian-fund-management,SOLV,SOLVENTUM CORP,652680308.0,"$652,680,308",https://valuesider.com/guru/nelson-peltz-trian-fund-management/portfolio
nelson-peltz-trian-fund-management,WEN,WENDY'S CO/THE,253567849.0,"$253,567,849",https://valuesider.com/guru/nelson-peltz-trian-fund-management/portfolio
prem-watsa-fairfax-financial-holdings,ATS,ATS CORP,68282019.0,"$68,282,019",https://valuesider.com/guru/prem-watsa-fairfax-financial-holdings/portfolio
prem-watsa-fairfax-financial-holdings,BNS,BANK OF NOVA SCOTIA,26488048.0,"$26,488,048",https://valuesider.com/guru/prem-watsa-fairfax-financial-holdings/portfolio
prem-watsa-fairfax-financial-holdings,BRK.A,BERKSHIRE HATHAWAY INC CL-A,753250.0,"$753,250",https://valuesider.com/guru/prem-watsa-fairfax-financial-holdings/portfolio
prem-watsa-fairfax-financial-holdings,BB,BLACKBERRY LTD,132225232.0,"$132,225,232",https://valuesider.com/guru/prem-watsa-fairfax-financial-holdings/portfolio
prem-watsa-fairfax-financial-holdings,CNI,CANADIAN NATL RAILWAY CO,1960139.0,"$1,960,139",https://valuesider.com/guru/prem-watsa-fairfax-financial-holdings/portfolio
prem-watsa-fairfax-financial-holdings,CPRI,CAPRI HOLDINGS LTD,1905640.0,"$1,905,640",https://valuesider.com/guru/prem-watsa-fairfax-financial-holdings/portfolio
prem-watsa-fairfax-financial-holdings,CLF,CLEVELAND-CLIFFS INC,197713353.0,"$197,713,353",https://valuesider.com/guru/prem-watsa-fairfax-financial-holdings/portfolio
prem-watsa-fairfax-financial-holdings,CIGI,COLLIERS INTERNATIONAL GROUP,3191465.0,"$3,191,465",https://valuesider.com/guru/prem-watsa-fairfax-financial-holdings/portfolio
prem-watsa-fairfax-financial-holdings,CVS,CVS HEALTH CORP,215197200.0,"$215,197,200",https://valuesider.com/guru/prem-watsa-fairfax-financial-holdings/portfolio
prem-watsa-fairfax-financial-holdings,GTX,GARRETT MOTION INC,4539818.0,"$4,539,818",https://valuesider.com/guru/prem-watsa-fairfax-financial-holdings/portfolio
prem-watsa-fairfax-financial-holdings,GM,GENERAL MOTORS CO,30577233.0,"$30,577,233",https://valuesider.com/guru/prem-watsa-fairfax-financial-holdings/portfolio
prem-watsa-fairfax-financial-holdings,HP,HELMERICH & PAYNE,33661590.0,"$33,661,590",https://valuesider.com/guru/prem-watsa-fairfax-financial-holdings/portfolio
prem-watsa-fairfax-financial-holdings,IGT,INTERNATIONAL GAME TECHNOLOG,566713.0,"$566,713",https://valuesider.com/guru/prem-watsa-fairfax-financial-holdings/portfolio
prem-watsa-fairfax-financial-holdings,JNJ,JOHNSON & JOHNSON,15190130.0,"$15,190,130",https://valuesider.com/guru/prem-watsa-fairfax-financial-holdings/portfolio
prem-watsa-fairfax-financial-holdings,KW,KENNEDY-WILSON HOLDINGS INC,128823827.0,"$128,823,827",https://valuesider.com/guru/prem-watsa-fairfax-financial-holdings/portfolio
prem-watsa-fairfax-financial-holdings,KHC,KRAFT HEINZ CO/THE,124084560.0,"$124,084,560",https://valuesider.com/guru/prem-watsa-fairfax-financial-holdings/portfolio
prem-watsa-fairfax-financial-holdings,LULU,LULULEMON ATHLETICA INC,2596625.0,"$2,596,625",https://valuesider.com/guru/prem-watsa-fairfax-financial-holdings/portfolio
prem-watsa-fairfax-financial-holdings,MX,MAGNACHIP SEMICONDUCTOR CORP,316250.0,"$316,250",https://valuesider.com/guru/prem-watsa-fairfax-financial-holdings/portfolio
prem-watsa-fairfax-financial-holdings,MRK,MERCK & CO INC,18201183.0,"$18,201,183",https://valuesider.com/guru/prem-watsa-fairfax-financial-holdings/portfolio
prem-watsa-fairfax-financial-holdings,TAP,MOLSON COORS BEVERAGE CO - B,62494565.0,"$62,494,565",https://valuesider.com/guru/prem-watsa-fairfax-financial-holdings/portfolio
prem-watsa-fairfax-financial-holdings,OXY,OCCIDENTAL PETROLEUM CORP,248732684.0,"$248,732,684",https://valuesider.com/guru/prem-watsa-fairfax-financial-holdings/portfolio
prem-watsa-fairfax-financial-holdings,ORLA,ORLA MINING LTD,423610745.0,"$423,610,745",https://valuesider.com/guru/prem-watsa-fairfax-financial-holdings/portfolio
prem-watsa-fairfax-financial-holdings,PENN,PENN NATIONAL GAMING INC,809226.0,"$809,226",https://valuesider.com/guru/prem-watsa-fairfax-financial-holdings/portfolio
prem-watsa-fairfax-financial-holdings,PFE,PFIZER INC,22183410.0,"$22,183,410",https://valuesider.com/guru/prem-watsa-fairfax-financial-holdings/portfolio
prem-watsa-fairfax-financial-holdings,PRTH,PRIORITY TECHNOLOGY HOLDINGS,383520.0,"$383,520",https://valuesider.com/guru/prem-watsa-fairfax-financial-holdings/portfolio
prem-watsa-fairfax-financial-holdings,TSM,TAIWAN SEMICONDUCTOR-SP ADR,28465123.0,"$28,465,123",https://valuesider.com/guru/prem-watsa-fairfax-financial-holdings/portfolio
prem-watsa-fairfax-financial-holdings,UAA,UNDER ARMOUR INC-CLASS A,208535847.0,"$208,535,847",https://valuesider.com/guru/prem-watsa-fairfax-financial-holdings/portfolio
prem-watsa-fairfax-financial-holdings,UA,UNDER ARMOUR INC-CLASS C,45395304.0,"$45,395,304",https://valuesider.com/guru/prem-watsa-fairfax-financial-holdings/portfolio
prem-watsa-fairfax-financial-holdings,VOO,VANGUARD S&P 500 ETF,36524408.0,"$36,524,408",https://valuesider.com/guru/prem-watsa-fairfax-financial-holdings/portfolio
josh-tarasoff-greenlea-lane-capital-management,GOOGL,ALPHABET INC-CL A,31661515.0,"$31,661,515",https://valuesider.com/guru/josh-tarasoff-greenlea-lane-capital-management/portfolio
josh-tarasoff-greenlea-lane-capital-management,AMZN,AMAZONCOM INC,73004904.0,"$73,004,904",https://valuesider.com/guru/josh-tarasoff-greenlea-lane-capital-management/portfolio
josh-tarasoff-greenlea-lane-capital-management,BRK.A,BERKSHIRE HATHAWAY INC CL-A,50571600.0,"$50,571,600",https://valuesider.com/guru/josh-tarasoff-greenlea-lane-capital-management/portfolio
josh-tarasoff-greenlea-lane-capital-management,BN,BROOKFIELD CORP,64863771.0,"$64,863,771",https://valuesider.com/guru/josh-tarasoff-greenlea-lane-capital-management/portfolio
josh-tarasoff-greenlea-lane-capital-management,BUR,BURFORD CAPITAL LTD,16368842.0,"$16,368,842",https://valuesider.com/guru/josh-tarasoff-greenlea-lane-capital-management/portfolio
josh-tarasoff-greenlea-lane-capital-management,MKL,MARKEL CORP,49237733.0,"$49,237,733",https://valuesider.com/guru/josh-tarasoff-greenlea-lane-capital-management/portfolio
josh-tarasoff-greenlea-lane-capital-management,TSLA,TESLA INC,27927701.0,"$27,927,701",https://valuesider.com/guru/josh-tarasoff-greenlea-lane-capital-management/portfolio
josh-tarasoff-greenlea-lane-capital-management,TRUP,TRUPANION INC,29017431.0,"$29,017,431",https://valuesider.com/guru/josh-tarasoff-greenlea-lane-capital-management/portfolio
glenn-welling-engaged-capital,BL,BLACKLINE INC,59913295.0,"$59,913,295",https://valuesider.com/guru/glenn-welling-engaged-capital/portfolio
glenn-welling-engaged-capital,BRCC,BRC INC-A,15468472.0,"$15,468,472",https://valuesider.com/guru/glenn-welling-engaged-capital/portfolio
glenn-welling-engaged-capital,CGNX,COGNEX CORP,33569340.0,"$33,569,340",https://valuesider.com/guru/glenn-welling-engaged-capital/portfolio
glenn-welling-engaged-capital,EVH,EVOLENT HEALTH INC - A,22255648.0,"$22,255,648",https://valuesider.com/guru/glenn-welling-engaged-capital/portfolio
glenn-welling-engaged-capital,FRPT,FRESHPET INC,24440851.0,"$24,440,851",https://valuesider.com/guru/glenn-welling-engaged-capital/portfolio
glenn-welling-engaged-capital,GXO,GXO LOGISTICS INC,43679040.0,"$43,679,040",https://valuesider.com/guru/glenn-welling-engaged-capital/portfolio
glenn-welling-engaged-capital,PTLO,PORTILLO'S INC-CL A,6968855.0,"$6,968,855",https://valuesider.com/guru/glenn-welling-engaged-capital/portfolio
glenn-welling-engaged-capital,VFC,VF CORP,95942388.0,"$95,942,388",https://valuesider.com/guru/glenn-welling-engaged-capital/portfolio
glenn-welling-engaged-capital,YETI,YETI HOLDINGS INC,89784138.0,"$89,784,138",https://valuesider.com/guru/glenn-welling-engaged-capital/portfolio
jeffrey-ubben-valueact-holdings,AMZN,AMAZONCOM INC,783472326.0,"$783,472,326",https://valuesider.com/guru/jeffrey-ubben-valueact-holdings/portfolio
jeffrey-ubben-valueact-holdings,BLK,BLACKROCK INC,743886300.0,"$743,886,300",https://valuesider.com/guru/jeffrey-ubben-valueact-holdings/portfolio
jeffrey-ubben-valueact-holdings,CBRE,CBRE GROUP INC - A,37719887.0,"$37,719,887",https://valuesider.com/guru/jeffrey-ubben-valueact-holdings/portfolio
jeffrey-ubben-valueact-holdings,NSIT,INSIGHT ENTERPRISES INC,99115750.0,"$99,115,750",https://valuesider.com/guru/jeffrey-ubben-valueact-holdings/portfolio
jeffrey-ubben-valueact-holdings,LLYVA,LIBERTY LIVE HOLDINGS-A,146644499.0,"$146,644,499",https://valuesider.com/guru/jeffrey-ubben-valueact-holdings/portfolio
jeffrey-ubben-valueact-holdings,LLYVK,LIBERTY LIVE HOLDINGS-C,299707642.0,"$299,707,642",https://valuesider.com/guru/jeffrey-ubben-valueact-holdings/portfolio
jeffrey-ubben-valueact-holdings,LYV,LIVE NATION ENTERTAINMENT IN,117286905.0,"$117,286,905",https://valuesider.com/guru/jeffrey-ubben-valueact-holdings/portfolio
jeffrey-ubben-valueact-holdings,META,META PLATFORMS INC-CLASS A,691757158.0,"$691,757,158",https://valuesider.com/guru/jeffrey-ubben-valueact-holdings/portfolio
jeffrey-ubben-valueact-holdings,MDB,MONGODB INC,590419892.0,"$590,419,892",https://valuesider.com/guru/jeffrey-ubben-valueact-holdings/portfolio
jeffrey-ubben-valueact-holdings,RBLX,ROBLOX CORP -CLASS A,484220776.0,"$484,220,776",https://valuesider.com/guru/jeffrey-ubben-valueact-holdings/portfolio
jeffrey-ubben-valueact-holdings,RKT,ROCKET COS INC-CLASS A,762409423.0,"$762,409,423",https://valuesider.com/guru/jeffrey-ubben-valueact-holdings/portfolio
jeffrey-ubben-valueact-holdings,CRM,SALESFORCECOM INC,793275379.0,"$793,275,379",https://valuesider.com/guru/jeffrey-ubben-valueact-holdings/portfolio
jeffrey-ubben-valueact-holdings,SSD,SIMPSON MANUFACTURING CO INC,237706769.0,"$237,706,769",https://valuesider.com/guru/jeffrey-ubben-valueact-holdings/portfolio
jeffrey-ubben-valueact-holdings,TOST,TOAST INC-CLASS A,284622486.0,"$284,622,486",https://valuesider.com/guru/jeffrey-ubben-valueact-holdings/portfolio
jeffrey-ubben-valueact-holdings,V,VISA INC-CLASS A SHARES,602607458.0,"$602,607,458",https://valuesider.com/guru/jeffrey-ubben-valueact-holdings/portfolio
jeffrey-ubben-valueact-holdings,DIS,WALT DISNEY CO/THE,350176210.0,"$350,176,210",https://valuesider.com/guru/jeffrey-ubben-valueact-holdings/portfolio
robert-karr-joho-capital,AMZN,AMAZONCOM INC,61051890.0,"$61,051,890",https://valuesider.com/guru/robert-karr-joho-capital/portfolio
robert-karr-joho-capital,APH,AMPHENOL CORP-CL A,10605787.0,"$10,605,787",https://valuesider.com/guru/robert-karr-joho-capital/portfolio
robert-karr-joho-capital,BROS,DUTCH BROS INC-CLASS A,86834081.0,"$86,834,081",https://valuesider.com/guru/robert-karr-joho-capital/portfolio
robert-karr-joho-capital,MSFT,MICROSOFT CORP,173764666.0,"$173,764,666",https://valuesider.com/guru/robert-karr-joho-capital/portfolio
robert-karr-joho-capital,PG,PROCTER & GAMBLE CO/THE,752378.0,"$752,378",https://valuesider.com/guru/robert-karr-joho-capital/portfolio
robert-karr-joho-capital,PWR,QUANTA SERVICES INC,1734667.0,"$1,734,667",https://valuesider.com/guru/robert-karr-joho-capital/portfolio
robert-karr-joho-capital,TSM,TAIWAN SEMICONDUCTOR-SP ADR,57769489.0,"$57,769,489",https://valuesider.com/guru/robert-karr-joho-capital/portfolio
robert-karr-joho-capital,UBER,UBER TECHNOLOGIES INC,73694249.0,"$73,694,249",https://valuesider.com/guru/robert-karr-joho-capital/portfolio
robert-karr-joho-capital,WMT,WALMART INC,2322899.0,"$2,322,899",https://valuesider.com/guru/robert-karr-joho-capital/portfolio
bryan-lawrence-oakcliff-capital-partners,GOOG,ALPHABET INC-CL C,37078922.0,"$37,078,922",https://valuesider.com/guru/bryan-lawrence-oakcliff-capital-partners/portfolio
bryan-lawrence-oakcliff-capital-partners,GIL,GILDAN ACTIVEWEAR INC,42578295.0,"$42,578,295",https://valuesider.com/guru/bryan-lawrence-oakcliff-capital-partners/portfolio
bryan-lawrence-oakcliff-capital-partners,GWRE,GUIDEWIRE SOFTWARE INC,16720615.0,"$16,720,615",https://valuesider.com/guru/bryan-lawrence-oakcliff-capital-partners/portfolio
bryan-lawrence-oakcliff-capital-partners,IBKR,INTERACTIVE BROKERS GRO-CL A,66286889.0,"$66,286,889",https://valuesider.com/guru/bryan-lawrence-oakcliff-capital-partners/portfolio
bryan-lawrence-oakcliff-capital-partners,LEN,LENNAR CORP-A,12130400.0,"$12,130,400",https://valuesider.com/guru/bryan-lawrence-oakcliff-capital-partners/portfolio
bryan-lawrence-oakcliff-capital-partners,NRP,NATURAL RESOURCE PARTNERS LP,13295444.0,"$13,295,444",https://valuesider.com/guru/bryan-lawrence-oakcliff-capital-partners/portfolio
bryan-lawrence-oakcliff-capital-partners,SGU,STAR GROUP LP,13014990.0,"$13,014,990",https://valuesider.com/guru/bryan-lawrence-oakcliff-capital-partners/portfolio
bryan-lawrence-oakcliff-capital-partners,TDG,TRANSDIGM GROUP INC,32142475.0,"$32,142,475",https://valuesider.com/guru/bryan-lawrence-oakcliff-capital-partners/portfolio
bill-ackman-pershing-square-capital-management,GOOGL,ALPHABET INC-CL A,212306961.0,"$212,306,961",https://valuesider.com/guru/bill-ackman-pershing-square-capital-management/portfolio
bill-ackman-pershing-square-capital-management,GOOG,ALPHABET INC-CL C,1934222720.0,"$1,934,222,720",https://valuesider.com/guru/bill-ackman-pershing-square-capital-management/portfolio
bill-ackman-pershing-square-capital-management,AMZN,AMAZONCOM INC,2217677936.0,"$2,217,677,936",https://valuesider.com/guru/bill-ackman-pershing-square-capital-management/portfolio
bill-ackman-pershing-square-capital-management,BN,BROOKFIELD CORP,2817787754.0,"$2,817,787,754",https://valuesider.com/guru/bill-ackman-pershing-square-capital-management/portfolio
bill-ackman-pershing-square-capital-management,HTZ,HERTZ GLOBAL HLDGS INC,78339393.0,"$78,339,393",https://valuesider.com/guru/bill-ackman-pershing-square-capital-management/portfolio
bill-ackman-pershing-square-capital-management,HLT,HILTON WORLDWIDE HOLDINGS IN,869983734.0,"$869,983,734",https://valuesider.com/guru/bill-ackman-pershing-square-capital-management/portfolio
bill-ackman-pershing-square-capital-management,HHH,HOWARD HUGHES HOLDINGS INC,1503829145.0,"$1,503,829,145",https://valuesider.com/guru/bill-ackman-pershing-square-capital-management/portfolio
bill-ackman-pershing-square-capital-management,META,META PLATFORMS INC-CLASS A,1764796161.0,"$1,764,796,161",https://valuesider.com/guru/bill-ackman-pershing-square-capital-management/portfolio
bill-ackman-pershing-square-capital-management,QSR,RESTAURANT BRANDS INTERN,1560199922.0,"$1,560,199,922",https://valuesider.com/guru/bill-ackman-pershing-square-capital-management/portfolio
bill-ackman-pershing-square-capital-management,SEG,SEAPORT ENTERTAINMENT GROUP,99320131.0,"$99,320,131",https://valuesider.com/guru/bill-ackman-pershing-square-capital-management/portfolio
bill-ackman-pershing-square-capital-management,UBER,UBER TECHNOLOGIES INC,2468273945.0,"$2,468,273,945",https://valuesider.com/guru/bill-ackman-pershing-square-capital-management/portfolio
charles-jigarjian-7g-capital-management,GOOGL,ALPHABET INC-CL A,51645000.0,"$51,645,000",https://valuesider.com/guru/charles-jigarjian-7g-capital-management/portfolio
charles-jigarjian-7g-capital-management,AAPL,APPLE INC,27186000.0,"$27,186,000",https://valuesider.com/guru/charles-jigarjian-7g-capital-management/portfolio
charles-jigarjian-7g-capital-management,BRK.A,BERKSHIRE HATHAWAY INC CL-A,22644000.0,"$22,644,000",https://valuesider.com/guru/charles-jigarjian-7g-capital-management/portfolio
charles-jigarjian-7g-capital-management,MELI,MERCADOLIBRE INC,1007130.0,"$1,007,130",https://valuesider.com/guru/charles-jigarjian-7g-capital-management/portfolio
charles-jigarjian-7g-capital-management,MOH,MOLINA HEALTHCARE INC,1735400.0,"$1,735,400",https://valuesider.com/guru/charles-jigarjian-7g-capital-management/portfolio
charles-jigarjian-7g-capital-management,PYPL,PAYPAL HOLDINGS INC,5546100.0,"$5,546,100",https://valuesider.com/guru/charles-jigarjian-7g-capital-management/portfolio
charles-jigarjian-7g-capital-management,FOUR,SHIFT4 PAYMENTS INC-CLASS A,4407900.0,"$4,407,900",https://valuesider.com/guru/charles-jigarjian-7g-capital-management/portfolio
charles-jigarjian-7g-capital-management,TSM,TAIWAN SEMICONDUCTOR-SP ADR,33427900.0,"$33,427,900",https://valuesider.com/guru/charles-jigarjian-7g-capital-management/portfolio
charles-jigarjian-7g-capital-management,UBER,UBER TECHNOLOGIES INC,1062230.0,"$1,062,230",https://valuesider.com/guru/charles-jigarjian-7g-capital-management/portfolio
charles-jigarjian-7g-capital-management,WRB,WR BERKLEY CORP,7012000.0,"$7,012,000",https://valuesider.com/guru/charles-jigarjian-7g-capital-management/portfolio
glenn-greenberg-brave-warrior-advisors,GOOGL,ALPHABET INC-CL A,6340754.0,"$6,340,754",https://valuesider.com/guru/glenn-greenberg-brave-warrior-advisors/portfolio
glenn-greenberg-brave-warrior-advisors,GOOG,ALPHABET INC-CL C,1189302.0,"$1,189,302",https://valuesider.com/guru/glenn-greenberg-brave-warrior-advisors/portfolio
glenn-greenberg-brave-warrior-advisors,AMZN,AMAZONCOM INC,323148.0,"$323,148",https://valuesider.com/guru/glenn-greenberg-brave-warrior-advisors/portfolio
glenn-greenberg-brave-warrior-advisors,AM,ANTERO MIDSTREAM CORP,32875422.0,"$32,875,422",https://valuesider.com/guru/glenn-greenberg-brave-warrior-advisors/portfolio
glenn-greenberg-brave-warrior-advisors,ANTM,ANTHEM INC,438819542.0,"$438,819,542",https://valuesider.com/guru/glenn-greenberg-brave-warrior-advisors/portfolio
glenn-greenberg-brave-warrior-advisors,AMAT,APPLIED MATERIALS INC,246967.0,"$246,967",https://valuesider.com/guru/glenn-greenberg-brave-warrior-advisors/portfolio
glenn-greenberg-brave-warrior-advisors,AN,AUTONATION INC,320609962.0,"$320,609,962",https://valuesider.com/guru/glenn-greenberg-brave-warrior-advisors/portfolio
glenn-greenberg-brave-warrior-advisors,BAC,BANK OF AMERICA CORP,1459260.0,"$1,459,260",https://valuesider.com/guru/glenn-greenberg-brave-warrior-advisors/portfolio
glenn-greenberg-brave-warrior-advisors,BLDR,BUILDERS FIRSTSOURCE INC,244790229.0,"$244,790,229",https://valuesider.com/guru/glenn-greenberg-brave-warrior-advisors/portfolio
glenn-greenberg-brave-warrior-advisors,COF,CAPITAL ONE FINANCIAL CORP,244507794.0,"$244,507,794",https://valuesider.com/guru/glenn-greenberg-brave-warrior-advisors/portfolio
glenn-greenberg-brave-warrior-advisors,CMCSA,COMCAST CORP-CLASS A,929400.0,"$929,400",https://valuesider.com/guru/glenn-greenberg-brave-warrior-advisors/portfolio
glenn-greenberg-brave-warrior-advisors,DHI,DR HORTON INC,101083423.0,"$101,083,423",https://valuesider.com/guru/glenn-greenberg-brave-warrior-advisors/portfolio
glenn-greenberg-brave-warrior-advisors,FG,F&G ANNUITIES & LIFE INC,165881338.0,"$165,881,338",https://valuesider.com/guru/glenn-greenberg-brave-warrior-advisors/portfolio
glenn-greenberg-brave-warrior-advisors,FNF,FIDELITY NATIONAL FINANCIAL,192107069.0,"$192,107,069",https://valuesider.com/guru/glenn-greenberg-brave-warrior-advisors/portfolio
glenn-greenberg-brave-warrior-advisors,HCA,HCA HEALTHCARE INC,1831492.0,"$1,831,492",https://valuesider.com/guru/glenn-greenberg-brave-warrior-advisors/portfolio
glenn-greenberg-brave-warrior-advisors,JPM,JPMORGAN CHASE & CO,1818287.0,"$1,818,287",https://valuesider.com/guru/glenn-greenberg-brave-warrior-advisors/portfolio
glenn-greenberg-brave-warrior-advisors,LEN,LENNAR CORP-A,247893359.0,"$247,893,359",https://valuesider.com/guru/glenn-greenberg-brave-warrior-advisors/portfolio
glenn-greenberg-brave-warrior-advisors,MAR,MARRIOTT INTERNATIONAL -CL A,370427.0,"$370,427",https://valuesider.com/guru/glenn-greenberg-brave-warrior-advisors/portfolio
glenn-greenberg-brave-warrior-advisors,MA,MASTERCARD INC - A,240911.0,"$240,911",https://valuesider.com/guru/glenn-greenberg-brave-warrior-advisors/portfolio
glenn-greenberg-brave-warrior-advisors,META,META PLATFORMS INC-CLASS A,223110.0,"$223,110",https://valuesider.com/guru/glenn-greenberg-brave-warrior-advisors/portfolio
glenn-greenberg-brave-warrior-advisors,MSFT,MICROSOFT CORP,253900.0,"$253,900",https://valuesider.com/guru/glenn-greenberg-brave-warrior-advisors/portfolio
glenn-greenberg-brave-warrior-advisors,MRP,MILLROSE PROPERTIES,256888691.0,"$256,888,691",https://valuesider.com/guru/glenn-greenberg-brave-warrior-advisors/portfolio
glenn-greenberg-brave-warrior-advisors,MCO,MOODY'S CORP,240610.0,"$240,610",https://valuesider.com/guru/glenn-greenberg-brave-warrior-advisors/portfolio
glenn-greenberg-brave-warrior-advisors,MPLX,MPLX LP,238783518.0,"$238,783,518",https://valuesider.com/guru/glenn-greenberg-brave-warrior-advisors/portfolio
glenn-greenberg-brave-warrior-advisors,OMF,ONEMAIN HOLDINGS INC,522789242.0,"$522,789,242",https://valuesider.com/guru/glenn-greenberg-brave-warrior-advisors/portfolio
glenn-greenberg-brave-warrior-advisors,PRI,PRIMERICA INC,201553095.0,"$201,553,095",https://valuesider.com/guru/glenn-greenberg-brave-warrior-advisors/portfolio
glenn-greenberg-brave-warrior-advisors,PGR,PROGRESSIVE CORP,397599.0,"$397,599",https://valuesider.com/guru/glenn-greenberg-brave-warrior-advisors/portfolio
glenn-greenberg-brave-warrior-advisors,RYAAY,RYANAIR HOLDINGS PLC-SP ADR,220663029.0,"$220,663,029",https://valuesider.com/guru/glenn-greenberg-brave-warrior-advisors/portfolio
glenn-greenberg-brave-warrior-advisors,SPGI,S&P GLOBAL INC,209559.0,"$209,559",https://valuesider.com/guru/glenn-greenberg-brave-warrior-advisors/portfolio
glenn-greenberg-brave-warrior-advisors,SLM,SLM CORP,347232973.0,"$347,232,973",https://valuesider.com/guru/glenn-greenberg-brave-warrior-advisors/portfolio
glenn-greenberg-brave-warrior-advisors,SNX,SYNNEX CORP,475213395.0,"$475,213,395",https://valuesider.com/guru/glenn-greenberg-brave-warrior-advisors/portfolio
glenn-greenberg-brave-warrior-advisors,USB,US BANCORP,800400.0,"$800,400",https://valuesider.com/guru/glenn-greenberg-brave-warrior-advisors/portfolio
glenn-greenberg-brave-warrior-advisors,V,VISA INC-CLASS A SHARES,216739.0,"$216,739",https://valuesider.com/guru/glenn-greenberg-brave-warrior-advisors/portfolio
bruce-berkowitz-fairholme-capital-management,AAPL,APPLE INC,652464.0,"$652,464",https://valuesider.com/guru/bruce-berkowitz-fairholme-capital-management/portfolio
bruce-berkowitz-fairholme-capital-management,OZK,BANK OZK,42046274.0,"$42,046,274",https://valuesider.com/guru/bruce-berkowitz-fairholme-capital-management/portfolio
bruce-berkowitz-fairholme-capital-management,BRK.A,BERKSHIRE HATHAWAY INC CL-A,754800.0,"$754,800",https://valuesider.com/guru/bruce-berkowitz-fairholme-capital-management/portfolio
bruce-berkowitz-fairholme-capital-management,BRK.B,BERKSHIRE HATHAWAY INC CL-B,24133232.0,"$24,133,232",https://valuesider.com/guru/bruce-berkowitz-fairholme-capital-management/portfolio
bruce-berkowitz-fairholme-capital-management,CF,CF INDUSTRIES HOLDINGS INC,4230498.0,"$4,230,498",https://valuesider.com/guru/bruce-berkowitz-fairholme-capital-management/portfolio
bruce-berkowitz-fairholme-capital-management,FANG,DIAMONDBACK ENERGY INC,601320.0,"$601,320",https://valuesider.com/guru/bruce-berkowitz-fairholme-capital-management/portfolio
bruce-berkowitz-fairholme-capital-management,ET,ENERGY TRANSFER LP,2747234.0,"$2,747,234",https://valuesider.com/guru/bruce-berkowitz-fairholme-capital-management/portfolio
bruce-berkowitz-fairholme-capital-management,EPD,ENTERPRISE PRODUCTS PARTNERS,174739824.0,"$174,739,824",https://valuesider.com/guru/bruce-berkowitz-fairholme-capital-management/portfolio
bruce-berkowitz-fairholme-capital-management,EOG,EOG RESOURCES INC,210020.0,"$210,020",https://valuesider.com/guru/bruce-berkowitz-fairholme-capital-management/portfolio
bruce-berkowitz-fairholme-capital-management,NRP,NATURAL RESOURCE PARTNERS LP,1252800.0,"$1,252,800",https://valuesider.com/guru/bruce-berkowitz-fairholme-capital-management/portfolio
bruce-berkowitz-fairholme-capital-management,OXY,OCCIDENTAL PETROLEUM CORP,2841392.0,"$2,841,392",https://valuesider.com/guru/bruce-berkowitz-fairholme-capital-management/portfolio
bruce-berkowitz-fairholme-capital-management,PGR,PROGRESSIVE CORP,5829632.0,"$5,829,632",https://valuesider.com/guru/bruce-berkowitz-fairholme-capital-management/portfolio
bruce-berkowitz-fairholme-capital-management,JOE,ST JOE CO/THE,1153111866.0,"$1,153,111,866",https://valuesider.com/guru/bruce-berkowitz-fairholme-capital-management/portfolio
bruce-berkowitz-fairholme-capital-management,TGT,TARGET CORP,2248250.0,"$2,248,250",https://valuesider.com/guru/bruce-berkowitz-fairholme-capital-management/portfolio
bruce-berkowitz-fairholme-capital-management,WRB,WR BERKLEY CORP,18241718.0,"$18,241,718",https://valuesider.com/guru/bruce-berkowitz-fairholme-capital-management/portfolio
adam-wyden-adw-capital-management,TIC,ACUREN CORPORATION,11121000.0,"$11,121,000",https://valuesider.com/guru/adam-wyden-adw-capital-management/portfolio
adam-wyden-adw-capital-management,APG,API GROUP CORP,56705529.0,"$56,705,529",https://valuesider.com/guru/adam-wyden-adw-capital-management/portfolio
adam-wyden-adw-capital-management,GFL,GFL ENVIRONMENTAL INC,43379500.0,"$43,379,500",https://valuesider.com/guru/adam-wyden-adw-capital-management/portfolio
adam-wyden-adw-capital-management,PAR,PAR TECHNOLOGY CORP,21667468.0,"$21,667,468",https://valuesider.com/guru/adam-wyden-adw-capital-management/portfolio
adam-wyden-adw-capital-management,SCHL,SCHOLASTIC CORP,1007420.0,"$1,007,420",https://valuesider.com/guru/adam-wyden-adw-capital-management/portfolio
carl-icahn-icahn-capital-management,AEP,AMERICAN ELECTRIC POWER,138983143.0,"$138,983,143",https://valuesider.com/guru/carl-icahn-icahn-capital-management/portfolio
carl-icahn-icahn-capital-management,BLCO,BAUSCH + LOMB CORP,59780000.0,"$59,780,000",https://valuesider.com/guru/carl-icahn-icahn-capital-management/portfolio
carl-icahn-icahn-capital-management,CZR,CAESARS ENTERTAINMENT INC,57074150.0,"$57,074,150",https://valuesider.com/guru/carl-icahn-icahn-capital-management/portfolio
carl-icahn-icahn-capital-management,CTRI,CENTURI HOLDINGS INC,361985111.0,"$361,985,111",https://valuesider.com/guru/carl-icahn-icahn-capital-management/portfolio
carl-icahn-icahn-capital-management,CVI,CVR ENERGY INC,1791445902.0,"$1,791,445,902",https://valuesider.com/guru/carl-icahn-icahn-capital-management/portfolio
carl-icahn-icahn-capital-management,UAN,CVR PARTNERS LP,426838085.0,"$426,838,085",https://valuesider.com/guru/carl-icahn-icahn-capital-management/portfolio
carl-icahn-icahn-capital-management,SATS,ECHOSTAR CORP-A,364638715.0,"$364,638,715",https://valuesider.com/guru/carl-icahn-icahn-capital-management/portfolio
carl-icahn-icahn-capital-management,IEP,ICAHN ENTERPRISES LP,4147974070.0,"$4,147,974,070",https://valuesider.com/guru/carl-icahn-icahn-capital-management/portfolio
carl-icahn-icahn-capital-management,IFF,INTL FLAVORS & FRAGRANCES,288092250.0,"$288,092,250",https://valuesider.com/guru/carl-icahn-icahn-capital-management/portfolio
carl-icahn-icahn-capital-management,JBLU,JETBLUE AIRWAYS CORP,152978894.0,"$152,978,894",https://valuesider.com/guru/carl-icahn-icahn-capital-management/portfolio
carl-icahn-icahn-capital-management,MNRO,MONRO INC,101774603.0,"$101,774,603",https://valuesider.com/guru/carl-icahn-icahn-capital-management/portfolio
carl-icahn-icahn-capital-management,SD,SANDRIDGE ENERGY INC,70873874.0,"$70,873,874",https://valuesider.com/guru/carl-icahn-icahn-capital-management/portfolio
carl-icahn-icahn-capital-management,SWX,SOUTHWEST GAS HOLDINGS INC,482728972.0,"$482,728,972",https://valuesider.com/guru/carl-icahn-icahn-capital-management/portfolio
norbert-lou-punch-card-management,BRK.A,BERKSHIRE HATHAWAY INC CL-A,109446000.0,"$109,446,000",https://valuesider.com/guru/norbert-lou-punch-card-management/portfolio
norbert-lou-punch-card-management,CROX,CROCS INC,50847626.0,"$50,847,626",https://valuesider.com/guru/norbert-lou-punch-card-management/portfolio
norbert-lou-punch-card-management,SGOV,ISHARES 0-3 MONTH TREASURY B,56815080.0,"$56,815,080",https://valuesider.com/guru/norbert-lou-punch-card-management/portfolio
norbert-lou-punch-card-management,PYPL,PAYPAL HOLDINGS INC,36715591.0,"$36,715,591",https://valuesider.com/guru/norbert-lou-punch-card-management/portfolio
norbert-lou-punch-card-management,PDD,PINDUODUO INC-ADR,47057304.0,"$47,057,304",https://valuesider.com/guru/norbert-lou-punch-card-management/portfolio
clifford-sosin-cas-investment-partners,COF,CAPITAL ONE FINANCIAL CORP,141568535.0,"$141,568,535",https://valuesider.com/guru/clifford-sosin-cas-investment-partners/portfolio
clifford-sosin-cas-investment-partners,CDLX,CARDLYTICS INC,5977777.0,"$5,977,777",https://valuesider.com/guru/clifford-sosin-cas-investment-partners/portfolio
clifford-sosin-cas-investment-partners,CVNA,CARVANA CO,1945596604.0,"$1,945,596,604",https://valuesider.com/guru/clifford-sosin-cas-investment-partners/portfolio
clifford-sosin-cas-investment-partners,HGV,HILTON GRAND VACATIONS INC,237952755.0,"$237,952,755",https://valuesider.com/guru/clifford-sosin-cas-investment-partners/portfolio
clifford-sosin-cas-investment-partners,SWIM,LATHAM GROUP INC,5984221.0,"$5,984,221",https://valuesider.com/guru/clifford-sosin-cas-investment-partners/portfolio
dennis-hong-shawspring-partners,BABA,ALIBABA GROUP HOLDING-SP ADR,55429960.0,"$55,429,960",https://valuesider.com/guru/dennis-hong-shawspring-partners/portfolio
dennis-hong-shawspring-partners,AMZN,AMAZONCOM INC,27337859.0,"$27,337,859",https://valuesider.com/guru/dennis-hong-shawspring-partners/portfolio
dennis-hong-shawspring-partners,BLND,BLEND LABS INC-A,27433261.0,"$27,433,261",https://valuesider.com/guru/dennis-hong-shawspring-partners/portfolio
dennis-hong-shawspring-partners,BRZE,BRAZE INC-A,50509341.0,"$50,509,341",https://valuesider.com/guru/dennis-hong-shawspring-partners/portfolio
dennis-hong-shawspring-partners,CSGP,COSTAR GROUP INC,64386133.0,"$64,386,133",https://valuesider.com/guru/dennis-hong-shawspring-partners/portfolio
dennis-hong-shawspring-partners,INTU,INTUIT INC,33598605.0,"$33,598,605",https://valuesider.com/guru/dennis-hong-shawspring-partners/portfolio
dennis-hong-shawspring-partners,FWONK,LIBERTY MEDIA CORP-LIB-NEW-C,36628875.0,"$36,628,875",https://valuesider.com/guru/dennis-hong-shawspring-partners/portfolio
dennis-hong-shawspring-partners,MNDY,MONDAYCOM LTD,37474190.0,"$37,474,190",https://valuesider.com/guru/dennis-hong-shawspring-partners/portfolio
dennis-hong-shawspring-partners,OKTA,OKTA INC,76391143.0,"$76,391,143",https://valuesider.com/guru/dennis-hong-shawspring-partners/portfolio
dennis-hong-shawspring-partners,PCOR,PROCORE TECHNOLOGIES INC,49574929.0,"$49,574,929",https://valuesider.com/guru/dennis-hong-shawspring-partners/portfolio
dennis-hong-shawspring-partners,FOUR,SHIFT4 PAYMENTS INC-CLASS A,72343777.0,"$72,343,777",https://valuesider.com/guru/dennis-hong-shawspring-partners/portfolio
frederick-shad-rowe-greenbrier-partners-capital-management,GOOGL,ALPHABET INC-CL A,142699000.0,"$142,699,000",https://valuesider.com/guru/frederick-shad-rowe-greenbrier-partners-capital-management/portfolio
frederick-shad-rowe-greenbrier-partners-capital-management,GOOG,ALPHABET INC-CL C,146246000.0,"$146,246,000",https://valuesider.com/guru/frederick-shad-rowe-greenbrier-partners-capital-management/portfolio
frederick-shad-rowe-greenbrier-partners-capital-management,AMZN,AMAZONCOM INC,144412000.0,"$144,412,000",https://valuesider.com/guru/frederick-shad-rowe-greenbrier-partners-capital-management/portfolio
frederick-shad-rowe-greenbrier-partners-capital-management,AAPL,APPLE INC,386432000.0,"$386,432,000",https://valuesider.com/guru/frederick-shad-rowe-greenbrier-partners-capital-management/portfolio
frederick-shad-rowe-greenbrier-partners-capital-management,BRK.B,BERKSHIRE HATHAWAY INC CL-B,42531000.0,"$42,531,000",https://valuesider.com/guru/frederick-shad-rowe-greenbrier-partners-capital-management/portfolio
frederick-shad-rowe-greenbrier-partners-capital-management,CPRT,COPART INC,13685000.0,"$13,685,000",https://valuesider.com/guru/frederick-shad-rowe-greenbrier-partners-capital-management/portfolio
frederick-shad-rowe-greenbrier-partners-capital-management,COST,COSTCO WHOLESALE CORP,193215000.0,"$193,215,000",https://valuesider.com/guru/frederick-shad-rowe-greenbrier-partners-capital-management/portfolio
frederick-shad-rowe-greenbrier-partners-capital-management,MKL,MARKEL CORP,57133000.0,"$57,133,000",https://valuesider.com/guru/frederick-shad-rowe-greenbrier-partners-capital-management/portfolio
frederick-shad-rowe-greenbrier-partners-capital-management,META,META PLATFORMS INC-CLASS A,264338000.0,"$264,338,000",https://valuesider.com/guru/frederick-shad-rowe-greenbrier-partners-capital-management/portfolio
frederick-shad-rowe-greenbrier-partners-capital-management,MSFT,MICROSOFT CORP,57883000.0,"$57,883,000",https://valuesider.com/guru/frederick-shad-rowe-greenbrier-partners-capital-management/portfolio
frederick-shad-rowe-greenbrier-partners-capital-management,PYPL,PAYPAL HOLDINGS INC,22185000.0,"$22,185,000",https://valuesider.com/guru/frederick-shad-rowe-greenbrier-partners-capital-management/portfolio
frederick-shad-rowe-greenbrier-partners-capital-management,SPOT,SPOTIFY TECHNOLOGY SA,20659000.0,"$20,659,000",https://valuesider.com/guru/frederick-shad-rowe-greenbrier-partners-capital-management/portfolio
triple-frond-partners,GOOG,ALPHABET INC-CL C,110915000.0,"$110,915,000",https://valuesider.com/guru/triple-frond-partners/portfolio
triple-frond-partners,AMZN,AMAZONCOM INC,110455000.0,"$110,455,000",https://valuesider.com/guru/triple-frond-partners/portfolio
triple-frond-partners,ASML,ASML HOLDING NV-NY REG SHS,114238000.0,"$114,238,000",https://valuesider.com/guru/triple-frond-partners/portfolio
triple-frond-partners,CCCS,CCC INTELLIGENT SOLUTIONS HO,38200000.0,"$38,200,000",https://valuesider.com/guru/triple-frond-partners/portfolio
triple-frond-partners,CHTR,CHARTER COMMUNICATIONS INC-A,32090000.0,"$32,090,000",https://valuesider.com/guru/triple-frond-partners/portfolio
triple-frond-partners,ILMN,ILLUMINA INC,49075000.0,"$49,075,000",https://valuesider.com/guru/triple-frond-partners/portfolio
triple-frond-partners,LRCX,LAM RESEARCH CORP,50563000.0,"$50,563,000",https://valuesider.com/guru/triple-frond-partners/portfolio
triple-frond-partners,LYV,LIVE NATION ENTERTAINMENT IN,36460000.0,"$36,460,000",https://valuesider.com/guru/triple-frond-partners/portfolio
triple-frond-partners,META,META PLATFORMS INC-CLASS A,64277000.0,"$64,277,000",https://valuesider.com/guru/triple-frond-partners/portfolio
triple-frond-partners,MSFT,MICROSOFT CORP,170478000.0,"$170,478,000",https://valuesider.com/guru/triple-frond-partners/portfolio
triple-frond-partners,TDG,TRANSDIGM GROUP INC,138163000.0,"$138,163,000",https://valuesider.com/guru/triple-frond-partners/portfolio
triple-frond-partners,TRU,TRANSUNION,47261000.0,"$47,261,000",https://valuesider.com/guru/triple-frond-partners/portfolio
sarah-ketterer-causeway-capital-management,QFIN,360 DIGITECH INC,25178876.0,"$25,178,876",https://valuesider.com/guru/sarah-ketterer-causeway-capital-management/portfolio
sarah-ketterer-causeway-capital-management,ALK,ALASKA AIR GROUP INC,72156251.0,"$72,156,251",https://valuesider.com/guru/sarah-ketterer-causeway-capital-management/portfolio
sarah-ketterer-causeway-capital-management,BABA,ALIBABA GROUP HOLDING-SP ADR,176342922.0,"$176,342,922",https://valuesider.com/guru/sarah-ketterer-causeway-capital-management/portfolio
sarah-ketterer-causeway-capital-management,ALLY,ALLY FINANCIAL INC,27212492.0,"$27,212,492",https://valuesider.com/guru/sarah-ketterer-causeway-capital-management/portfolio
sarah-ketterer-causeway-capital-management,GOOG,ALPHABET INC-CL C,116106220.0,"$116,106,220",https://valuesider.com/guru/sarah-ketterer-causeway-capital-management/portfolio
sarah-ketterer-causeway-capital-management,ADI,ANALOG DEVICES INC,71333835.0,"$71,333,835",https://valuesider.com/guru/sarah-ketterer-causeway-capital-management/portfolio
sarah-ketterer-causeway-capital-management,AU,ANGLOGOLD ASHANTI PLC,37559428.0,"$37,559,428",https://valuesider.com/guru/sarah-ketterer-causeway-capital-management/portfolio
sarah-ketterer-causeway-capital-management,BUD,ANHEUSER-BUSCH INBEV-SPN ADR,44914007.0,"$44,914,007",https://valuesider.com/guru/sarah-ketterer-causeway-capital-management/portfolio
sarah-ketterer-causeway-capital-management,AAPL,APPLE INC,244130.0,"$244,130",https://valuesider.com/guru/sarah-ketterer-causeway-capital-management/portfolio
sarah-ketterer-causeway-capital-management,APTV,APTIV PLC,50875312.0,"$50,875,312",https://valuesider.com/guru/sarah-ketterer-causeway-capital-management/portfolio
sarah-ketterer-causeway-capital-management,MT,ARCELORMITTAL-NY REGISTERED,17537563.0,"$17,537,563",https://valuesider.com/guru/sarah-ketterer-causeway-capital-management/portfolio
sarah-ketterer-causeway-capital-management,AZN,ASTRAZENECA PLC-SPONS ADR,92931891.0,"$92,931,891",https://valuesider.com/guru/sarah-ketterer-causeway-capital-management/portfolio
sarah-ketterer-causeway-capital-management,AXS,AXIS CAPITAL HOLDINGS LTD,77235634.0,"$77,235,634",https://valuesider.com/guru/sarah-ketterer-causeway-capital-management/portfolio
sarah-ketterer-causeway-capital-management,BTG,B2GOLD CORP,426011.0,"$426,011",https://valuesider.com/guru/sarah-ketterer-causeway-capital-management/portfolio
sarah-ketterer-causeway-capital-management,BCS,BARCLAYS PLC-SPONS ADR,95452949.0,"$95,452,949",https://valuesider.com/guru/sarah-ketterer-causeway-capital-management/portfolio
sarah-ketterer-causeway-capital-management,B,BARRICK MINING CORP,264486969.0,"$264,486,969",https://valuesider.com/guru/sarah-ketterer-causeway-capital-management/portfolio
sarah-ketterer-causeway-capital-management,BIIB,BIOGEN INC,91708545.0,"$91,708,545",https://valuesider.com/guru/sarah-ketterer-causeway-capital-management/portfolio
sarah-ketterer-causeway-capital-management,BA,BOEING CO/THE,32986712.0,"$32,986,712",https://valuesider.com/guru/sarah-ketterer-causeway-capital-management/portfolio
sarah-ketterer-causeway-capital-management,BAH,BOOZ ALLEN HAMILTON HOLDINGS,33434560.0,"$33,434,560",https://valuesider.com/guru/sarah-ketterer-causeway-capital-management/portfolio
sarah-ketterer-causeway-capital-management,BXP,BOSTON PROPERTIES INC,18357845.0,"$18,357,845",https://valuesider.com/guru/sarah-ketterer-causeway-capital-management/portfolio
sarah-ketterer-causeway-capital-management,BP,BP PLC-SPONS ADR,56980805.0,"$56,980,805",https://valuesider.com/guru/sarah-ketterer-causeway-capital-management/portfolio
sarah-ketterer-causeway-capital-management,BTI,BRITISH AMERICAN TOB-SP ADR,27355283.0,"$27,355,283",https://valuesider.com/guru/sarah-ketterer-causeway-capital-management/portfolio
sarah-ketterer-causeway-capital-management,AVGO,BROADCOM INC,286225.0,"$286,225",https://valuesider.com/guru/sarah-ketterer-causeway-capital-management/portfolio
sarah-ketterer-causeway-capital-management,CP,CANADIAN PACIFIC KANSAS CITY,928556747.0,"$928,556,747",https://valuesider.com/guru/sarah-ketterer-causeway-capital-management/portfolio
sarah-ketterer-causeway-capital-management,CCL,CARNIVAL CORP,1036673696.0,"$1,036,673,696",https://valuesider.com/guru/sarah-ketterer-causeway-capital-management/portfolio
sarah-ketterer-causeway-capital-management,CARR,CARRIER GLOBAL CORP,97692043.0,"$97,692,043",https://valuesider.com/guru/sarah-ketterer-causeway-capital-management/portfolio
sarah-ketterer-causeway-capital-management,CLS,CELESTICA INC,21711724.0,"$21,711,724",https://valuesider.com/guru/sarah-ketterer-causeway-capital-management/portfolio
sarah-ketterer-causeway-capital-management,CGAU,CENTERRA GOLD INC,18016291.0,"$18,016,291",https://valuesider.com/guru/sarah-ketterer-causeway-capital-management/portfolio
sarah-ketterer-causeway-capital-management,C,CITIGROUP INC COM NEW,81384872.0,"$81,384,872",https://valuesider.com/guru/sarah-ketterer-causeway-capital-management/portfolio
sarah-ketterer-causeway-capital-management,CFG,CITIZENS FINANCIAL GROUP,59238608.0,"$59,238,608",https://valuesider.com/guru/sarah-ketterer-causeway-capital-management/portfolio
sarah-ketterer-causeway-capital-management,CTSH,COGNIZANT TECH SOLUTIONS-A,128845979.0,"$128,845,979",https://valuesider.com/guru/sarah-ketterer-causeway-capital-management/portfolio
sarah-ketterer-causeway-capital-management,FIX,COMFORT SYSTEMS USA INC,226789.0,"$226,789",https://valuesider.com/guru/sarah-ketterer-causeway-capital-management/portfolio
sarah-ketterer-causeway-capital-management,BAP,CREDICORP LTD,69460888.0,"$69,460,888",https://valuesider.com/guru/sarah-ketterer-causeway-capital-management/portfolio
sarah-ketterer-causeway-capital-management,DB,DEUTSCHE BANK AG-REGISTERED,551670976.0,"$551,670,976",https://valuesider.com/guru/sarah-ketterer-causeway-capital-management/portfolio
sarah-ketterer-causeway-capital-management,DEO,DIAGEO PLC-SPONSORED ADR,41865780.0,"$41,865,780",https://valuesider.com/guru/sarah-ketterer-causeway-capital-management/portfolio
sarah-ketterer-causeway-capital-management,EFXT,ENERFLEX LTD,1133555.0,"$1,133,555",https://valuesider.com/guru/sarah-ketterer-causeway-capital-management/portfolio
sarah-ketterer-causeway-capital-management,RE,EVEREST RE GROUP LTD,80954840.0,"$80,954,840",https://valuesider.com/guru/sarah-ketterer-causeway-capital-management/portfolio
sarah-ketterer-causeway-capital-management,FINV,FINVOLUTION GROUP-ADR,14444878.0,"$14,444,878",https://valuesider.com/guru/sarah-ketterer-causeway-capital-management/portfolio
sarah-ketterer-causeway-capital-management,FSM,FORTUNA MINING CORP,8474045.0,"$8,474,045",https://valuesider.com/guru/sarah-ketterer-causeway-capital-management/portfolio
sarah-ketterer-causeway-capital-management,G,GENPACT LTD,97499333.0,"$97,499,333",https://valuesider.com/guru/sarah-ketterer-causeway-capital-management/portfolio
sarah-ketterer-causeway-capital-management,GGB,GERDAU SA -SPON ADR,26787308.0,"$26,787,308",https://valuesider.com/guru/sarah-ketterer-causeway-capital-management/portfolio
sarah-ketterer-causeway-capital-management,GFI,GOLD FIELDS LTD-SPONS ADR,70776178.0,"$70,776,178",https://valuesider.com/guru/sarah-ketterer-causeway-capital-management/portfolio
sarah-ketterer-causeway-capital-management,GRP.U,GRANITE REAL ESTATE INVESTME,1412750.0,"$1,412,750",https://valuesider.com/guru/sarah-ketterer-causeway-capital-management/portfolio
sarah-ketterer-causeway-capital-management,GPK,GRAPHIC PACKAGING HOLDING CO,68200052.0,"$68,200,052",https://valuesider.com/guru/sarah-ketterer-causeway-capital-management/portfolio
sarah-ketterer-causeway-capital-management,GSK,GSK PLC-SPON ADR,1662321.0,"$1,662,321",https://valuesider.com/guru/sarah-ketterer-causeway-capital-management/portfolio
sarah-ketterer-causeway-capital-management,HDB,HDFC BANK LTD-ADR,15430075.0,"$15,430,075",https://valuesider.com/guru/sarah-ketterer-causeway-capital-management/portfolio
sarah-ketterer-causeway-capital-management,MOMO,HELLO GROUP INC -SPN ADR,5825550.0,"$5,825,550",https://valuesider.com/guru/sarah-ketterer-causeway-capital-management/portfolio
sarah-ketterer-causeway-capital-management,IBN,ICICI BANK LTD-SPON ADR,14216388.0,"$14,216,388",https://valuesider.com/guru/sarah-ketterer-causeway-capital-management/portfolio
sarah-ketterer-causeway-capital-management,INFY,INFOSYS LTD-SP ADR,44234907.0,"$44,234,907",https://valuesider.com/guru/sarah-ketterer-causeway-capital-management/portfolio
sarah-ketterer-causeway-capital-management,ING,ING GROEP NV-SPONSORED ADR,27496176.0,"$27,496,176",https://valuesider.com/guru/sarah-ketterer-causeway-capital-management/portfolio
sarah-ketterer-causeway-capital-management,IR,INGERSOLL-RAND INC,47276237.0,"$47,276,237",https://valuesider.com/guru/sarah-ketterer-causeway-capital-management/portfolio
sarah-ketterer-causeway-capital-management,INMD,INMODE LTD,1055168.0,"$1,055,168",https://valuesider.com/guru/sarah-ketterer-causeway-capital-management/portfolio
sarah-ketterer-causeway-capital-management,ACWI,ISHARES MSCI ACWI ETF,1547207.0,"$1,547,207",https://valuesider.com/guru/sarah-ketterer-causeway-capital-management/portfolio
sarah-ketterer-causeway-capital-management,EWZ,ISHARES MSCI BRAZIL ETF,438426.0,"$438,426",https://valuesider.com/guru/sarah-ketterer-causeway-capital-management/portfolio
sarah-ketterer-causeway-capital-management,EFA,ISHARES MSCI EAFE ETF,7970908.0,"$7,970,908",https://valuesider.com/guru/sarah-ketterer-causeway-capital-management/portfolio
sarah-ketterer-causeway-capital-management,INDA,ISHARES MSCI INDIA ETF,20874380.0,"$20,874,380",https://valuesider.com/guru/sarah-ketterer-causeway-capital-management/portfolio
sarah-ketterer-causeway-capital-management,SMIN,ISHARES MSCI INDIA SMALL-CAP,32087082.0,"$32,087,082",https://valuesider.com/guru/sarah-ketterer-causeway-capital-management/portfolio
sarah-ketterer-causeway-capital-management,EZA,ISHARES MSCI SOUTH AFRICA ET,1548000.0,"$1,548,000",https://valuesider.com/guru/sarah-ketterer-causeway-capital-management/portfolio
sarah-ketterer-causeway-capital-management,EWY,ISHARES MSCI SOUTH KOREA ETF,10771976.0,"$10,771,976",https://valuesider.com/guru/sarah-ketterer-causeway-capital-management/portfolio
sarah-ketterer-causeway-capital-management,EWT,ISHARES MSCI TAIWAN ETF,12092364.0,"$12,092,364",https://valuesider.com/guru/sarah-ketterer-causeway-capital-management/portfolio
sarah-ketterer-causeway-capital-management,URTH,ISHARES MSCI WORLD ETF,1974921.0,"$1,974,921",https://valuesider.com/guru/sarah-ketterer-causeway-capital-management/portfolio
sarah-ketterer-causeway-capital-management,ITRN,ITURAN LOCATION AND CONTROL,879081.0,"$879,081",https://valuesider.com/guru/sarah-ketterer-causeway-capital-management/portfolio
sarah-ketterer-causeway-capital-management,JBS,JBS NV-A,302733.0,"$302,733",https://valuesider.com/guru/sarah-ketterer-causeway-capital-management/portfolio
sarah-ketterer-causeway-capital-management,JLL,JONES LANG LASALLE INC,20005257.0,"$20,005,257",https://valuesider.com/guru/sarah-ketterer-causeway-capital-management/portfolio
sarah-ketterer-causeway-capital-management,YY,JOYY INC-ADR,52624041.0,"$52,624,041",https://valuesider.com/guru/sarah-ketterer-causeway-capital-management/portfolio
sarah-ketterer-causeway-capital-management,PHG,KONINKLIJKE PHILIPS NVR- NY,59536221.0,"$59,536,221",https://valuesider.com/guru/sarah-ketterer-causeway-capital-management/portfolio
sarah-ketterer-causeway-capital-management,KEP,KOREA ELEC POWER CORP-SP ADR,184835.0,"$184,835",https://valuesider.com/guru/sarah-ketterer-causeway-capital-management/portfolio
sarah-ketterer-causeway-capital-management,LYV,LIVE NATION ENTERTAINMENT IN,63713601.0,"$63,713,601",https://valuesider.com/guru/sarah-ketterer-causeway-capital-management/portfolio
sarah-ketterer-causeway-capital-management,MMYT,MAKEMYTRIP LTD,5597217.0,"$5,597,217",https://valuesider.com/guru/sarah-ketterer-causeway-capital-management/portfolio
sarah-ketterer-causeway-capital-management,MRK,MERCK & CO INC,109956449.0,"$109,956,449",https://valuesider.com/guru/sarah-ketterer-causeway-capital-management/portfolio
sarah-ketterer-causeway-capital-management,META,META PLATFORMS INC-CLASS A,72864181.0,"$72,864,181",https://valuesider.com/guru/sarah-ketterer-causeway-capital-management/portfolio
sarah-ketterer-causeway-capital-management,MSFT,MICROSOFT CORP,466693.0,"$466,693",https://valuesider.com/guru/sarah-ketterer-causeway-capital-management/portfolio
sarah-ketterer-causeway-capital-management,TIGO,MILLICOM INTL CELLULAR SA,11972268.0,"$11,972,268",https://valuesider.com/guru/sarah-ketterer-causeway-capital-management/portfolio
sarah-ketterer-causeway-capital-management,NGG,NATIONAL GRID PLC-SP ADR,54878695.0,"$54,878,695",https://valuesider.com/guru/sarah-ketterer-causeway-capital-management/portfolio
sarah-ketterer-causeway-capital-management,NWG,NATWEST GROUP PLC -SPON ADR,27777120.0,"$27,777,120",https://valuesider.com/guru/sarah-ketterer-causeway-capital-management/portfolio
sarah-ketterer-causeway-capital-management,NVS,NOVARTIS AG-SPONSORED ADR,266788.0,"$266,788",https://valuesider.com/guru/sarah-ketterer-causeway-capital-management/portfolio
sarah-ketterer-causeway-capital-management,NVO,NOVO-NORDISK A/S-SPONS ADR,50567080.0,"$50,567,080",https://valuesider.com/guru/sarah-ketterer-causeway-capital-management/portfolio
sarah-ketterer-causeway-capital-management,NVDA,NVIDIA CORP,700867.0,"$700,867",https://valuesider.com/guru/sarah-ketterer-causeway-capital-management/portfolio
sarah-ketterer-causeway-capital-management,PAGS,PAGSEGURO DIGITAL LTD-CL A,38998205.0,"$38,998,205",https://valuesider.com/guru/sarah-ketterer-causeway-capital-management/portfolio
sarah-ketterer-causeway-capital-management,PFE,PFIZER INC,52083825.0,"$52,083,825",https://valuesider.com/guru/sarah-ketterer-causeway-capital-management/portfolio
sarah-ketterer-causeway-capital-management,PDD,PINDUODUO INC-ADR,42095017.0,"$42,095,017",https://valuesider.com/guru/sarah-ketterer-causeway-capital-management/portfolio
sarah-ketterer-causeway-capital-management,PDS,PRECISION DRILLING CORP COM NEW,236462.0,"$236,462",https://valuesider.com/guru/sarah-ketterer-causeway-capital-management/portfolio
sarah-ketterer-causeway-capital-management,PUK,PRUDENTIAL PLC-ADR,46957340.0,"$46,957,340",https://valuesider.com/guru/sarah-ketterer-causeway-capital-management/portfolio
sarah-ketterer-causeway-capital-management,PBYI,PUMA BIOTECHNOLOGY INC,79195.0,"$79,195",https://valuesider.com/guru/sarah-ketterer-causeway-capital-management/portfolio
sarah-ketterer-causeway-capital-management,RELX,RELX PLC - SPON ADR,48074714.0,"$48,074,714",https://valuesider.com/guru/sarah-ketterer-causeway-capital-management/portfolio
sarah-ketterer-causeway-capital-management,RNR,RENAISSANCERE HOLDINGS LTD,200186.0,"$200,186",https://valuesider.com/guru/sarah-ketterer-causeway-capital-management/portfolio
sarah-ketterer-causeway-capital-management,SNY,SANOFI-ADR,51559385.0,"$51,559,385",https://valuesider.com/guru/sarah-ketterer-causeway-capital-management/portfolio
sarah-ketterer-causeway-capital-management,SAP,SAP SE-SPONSORED ADR,60909191.0,"$60,909,191",https://valuesider.com/guru/sarah-ketterer-causeway-capital-management/portfolio
sarah-ketterer-causeway-capital-management,SHG,SHINHAN FINANCIAL GROUP-ADR,31094467.0,"$31,094,467",https://valuesider.com/guru/sarah-ketterer-causeway-capital-management/portfolio
sarah-ketterer-causeway-capital-management,SNN,SMITH & NEPHEW PLC -SPON ADR,19811070.0,"$19,811,070",https://valuesider.com/guru/sarah-ketterer-causeway-capital-management/portfolio
sarah-ketterer-causeway-capital-management,SW,SMURFIT WESTROCK PLC,739868443.0,"$739,868,443",https://valuesider.com/guru/sarah-ketterer-causeway-capital-management/portfolio
sarah-ketterer-causeway-capital-management,SMFG,SUMITOMO MITSUI-SPONS ADR,22756711.0,"$22,756,711",https://valuesider.com/guru/sarah-ketterer-causeway-capital-management/portfolio
sarah-ketterer-causeway-capital-management,INN,SUMMIT HOTEL PROPERTIES INC,72261.0,"$72,261",https://valuesider.com/guru/sarah-ketterer-causeway-capital-management/portfolio
sarah-ketterer-causeway-capital-management,TSM,TAIWAN SEMICONDUCTOR-SP ADR,155506439.0,"$155,506,439",https://valuesider.com/guru/sarah-ketterer-causeway-capital-management/portfolio
sarah-ketterer-causeway-capital-management,TME,TENCENT MUSIC ENTERTAINM-ADR,29618267.0,"$29,618,267",https://valuesider.com/guru/sarah-ketterer-causeway-capital-management/portfolio
sarah-ketterer-causeway-capital-management,VALE,VALE SA-SP ADR,11779120.0,"$11,779,120",https://valuesider.com/guru/sarah-ketterer-causeway-capital-management/portfolio
sarah-ketterer-causeway-capital-management,VSS,VANGUARD FTSE ALL WO X-US SC,10453057.0,"$10,453,057",https://valuesider.com/guru/sarah-ketterer-causeway-capital-management/portfolio
sarah-ketterer-causeway-capital-management,VEU,VANGUARD FTSE ALL-WORLD EX-U,1065423.0,"$1,065,423",https://valuesider.com/guru/sarah-ketterer-causeway-capital-management/portfolio
sarah-ketterer-causeway-capital-management,VEA,VANGUARD FTSE DEVELOPED ETF,26324368.0,"$26,324,368",https://valuesider.com/guru/sarah-ketterer-causeway-capital-management/portfolio
sarah-ketterer-causeway-capital-management,VWO,VANGUARD FTSE EMERGING MARKE,3255759.0,"$3,255,759",https://valuesider.com/guru/sarah-ketterer-causeway-capital-management/portfolio
sarah-ketterer-causeway-capital-management,VIPS,VIPSHOP HOLDINGS LTD - ADR,19274989.0,"$19,274,989",https://valuesider.com/guru/sarah-ketterer-causeway-capital-management/portfolio
sarah-ketterer-causeway-capital-management,DIS,WALT DISNEY CO/THE,62125705.0,"$62,125,705",https://valuesider.com/guru/sarah-ketterer-causeway-capital-management/portfolio
sarah-ketterer-causeway-capital-management,WB,WEIBO CORP-SPON ADR,30580631.0,"$30,580,631",https://valuesider.com/guru/sarah-ketterer-causeway-capital-management/portfolio
sarah-ketterer-causeway-capital-management,WHR,WHIRLPOOL CORP,54915013.0,"$54,915,013",https://valuesider.com/guru/sarah-ketterer-causeway-capital-management/portfolio
sarah-ketterer-causeway-capital-management,WIT,WIPRO LTD-ADR,1344175.0,"$1,344,175",https://valuesider.com/guru/sarah-ketterer-causeway-capital-management/portfolio
sarah-ketterer-causeway-capital-management,ASHR,XTRACKERS HARVEST CSI 300 CH,946080.0,"$946,080",https://valuesider.com/guru/sarah-ketterer-causeway-capital-management/portfolio
sarah-ketterer-causeway-capital-management,ZIM,ZIM INTEGRATED SHIPPING SERV,25752117.0,"$25,752,117",https://valuesider.com/guru/sarah-ketterer-causeway-capital-management/portfolio
sarah-ketterer-causeway-capital-management,ZBH,ZIMMER BIOMET HOLDINGS INC,65506589.0,"$65,506,589",https://valuesider.com/guru/sarah-ketterer-causeway-capital-management/portfolio
francois-rochon-giverny-capital,GOOGL,ALPHABET INC-CL A,113117574.0,"$113,117,574",https://valuesider.com/guru/francois-rochon-giverny-capital/portfolio
francois-rochon-giverny-capital,GOOG,ALPHABET INC-CL C,200677297.0,"$200,677,297",https://valuesider.com/guru/francois-rochon-giverny-capital/portfolio
francois-rochon-giverny-capital,AME,AMETEK INC,201092522.0,"$201,092,522",https://valuesider.com/guru/francois-rochon-giverny-capital/portfolio
francois-rochon-giverny-capital,ADI,ANALOG DEVICES INC,47933786.0,"$47,933,786",https://valuesider.com/guru/francois-rochon-giverny-capital/portfolio
francois-rochon-giverny-capital,AAPL,APPLE INC,4490583.0,"$4,490,583",https://valuesider.com/guru/francois-rochon-giverny-capital/portfolio
francois-rochon-giverny-capital,ANET,ARISTA NETWORKS INC,54922273.0,"$54,922,273",https://valuesider.com/guru/francois-rochon-giverny-capital/portfolio
francois-rochon-giverny-capital,OZK,BANK OZK,58171213.0,"$58,171,213",https://valuesider.com/guru/francois-rochon-giverny-capital/portfolio
francois-rochon-giverny-capital,BRK.A,BERKSHIRE HATHAWAY INC CL-A,8302800.0,"$8,302,800",https://valuesider.com/guru/francois-rochon-giverny-capital/portfolio
francois-rochon-giverny-capital,BRK.B,BERKSHIRE HATHAWAY INC CL-B,254332858.0,"$254,332,858",https://valuesider.com/guru/francois-rochon-giverny-capital/portfolio
francois-rochon-giverny-capital,BIRK,BIRKENSTOCK HOLDING PLC,1120333.0,"$1,120,333",https://valuesider.com/guru/francois-rochon-giverny-capital/portfolio
francois-rochon-giverny-capital,BKNG,BOOKING HOLDINGS INC,114845052.0,"$114,845,052",https://valuesider.com/guru/francois-rochon-giverny-capital/portfolio
francois-rochon-giverny-capital,BFAM,BRIGHT HORIZONS FAMILY SOLUT,41593874.0,"$41,593,874",https://valuesider.com/guru/francois-rochon-giverny-capital/portfolio
francois-rochon-giverny-capital,BRO,BROWN & BROWN INC,61569844.0,"$61,569,844",https://valuesider.com/guru/francois-rochon-giverny-capital/portfolio
francois-rochon-giverny-capital,BLDR,BUILDERS FIRSTSOURCE INC,9258454.0,"$9,258,454",https://valuesider.com/guru/francois-rochon-giverny-capital/portfolio
francois-rochon-giverny-capital,COF,CAPITAL ONE FINANCIAL CORP,2005287.0,"$2,005,287",https://valuesider.com/guru/francois-rochon-giverny-capital/portfolio
francois-rochon-giverny-capital,CPRT,COPART INC,1075999.0,"$1,075,999",https://valuesider.com/guru/francois-rochon-giverny-capital/portfolio
francois-rochon-giverny-capital,COST,COSTCO WHOLESALE CORP,206962.0,"$206,962",https://valuesider.com/guru/francois-rochon-giverny-capital/portfolio
francois-rochon-giverny-capital,DFH,DREAM FINDERS HOMES INC - A,550654.0,"$550,654",https://valuesider.com/guru/francois-rochon-giverny-capital/portfolio
francois-rochon-giverny-capital,FERG,FERGUSON ENTERPRISES INC,8097944.0,"$8,097,944",https://valuesider.com/guru/francois-rochon-giverny-capital/portfolio
francois-rochon-giverny-capital,FIVE,FIVE BELOW,120126025.0,"$120,126,025",https://valuesider.com/guru/francois-rochon-giverny-capital/portfolio
francois-rochon-giverny-capital,FND,FLOOR & DECOR HOLDINGS INC-A,14362490.0,"$14,362,490",https://valuesider.com/guru/francois-rochon-giverny-capital/portfolio
francois-rochon-giverny-capital,HEI.A,HEICO CORP INC CL A,190466513.0,"$190,466,513",https://valuesider.com/guru/francois-rochon-giverny-capital/portfolio
francois-rochon-giverny-capital,IBP,INSTALLED BUILDING PRODUCTS,134684626.0,"$134,684,626",https://valuesider.com/guru/francois-rochon-giverny-capital/portfolio
francois-rochon-giverny-capital,ISRG,INTUITIVE SURGICAL INC,229376.0,"$229,376",https://valuesider.com/guru/francois-rochon-giverny-capital/portfolio
francois-rochon-giverny-capital,ITB,ISHARES US HOME CONSTRUCTI,1126517.0,"$1,126,517",https://valuesider.com/guru/francois-rochon-giverny-capital/portfolio
francois-rochon-giverny-capital,JPM,JPMORGAN CHASE & CO,16703240.0,"$16,703,240",https://valuesider.com/guru/francois-rochon-giverny-capital/portfolio
francois-rochon-giverny-capital,KEYS,KEYSIGHT TECHNOLOGIES IN,67874807.0,"$67,874,807",https://valuesider.com/guru/francois-rochon-giverny-capital/portfolio
francois-rochon-giverny-capital,KNSL,KINSALE CAPITAL GROUP INC,83802936.0,"$83,802,936",https://valuesider.com/guru/francois-rochon-giverny-capital/portfolio
francois-rochon-giverny-capital,LFUS,LITTELFUSE INC,20634478.0,"$20,634,478",https://valuesider.com/guru/francois-rochon-giverny-capital/portfolio
francois-rochon-giverny-capital,LULU,LULULEMON ATHLETICA INC,29973891.0,"$29,973,891",https://valuesider.com/guru/francois-rochon-giverny-capital/portfolio
francois-rochon-giverny-capital,MTB,M & T BANK CORP,1519159.0,"$1,519,159",https://valuesider.com/guru/francois-rochon-giverny-capital/portfolio
francois-rochon-giverny-capital,MKL,MARKEL CORP,94537308.0,"$94,537,308",https://valuesider.com/guru/francois-rochon-giverny-capital/portfolio
francois-rochon-giverny-capital,MA,MASTERCARD INC - A,16417938.0,"$16,417,938",https://valuesider.com/guru/francois-rochon-giverny-capital/portfolio
francois-rochon-giverny-capital,MEDP,MEDPACE HOLDINGS INC,147893678.0,"$147,893,678",https://valuesider.com/guru/francois-rochon-giverny-capital/portfolio
francois-rochon-giverny-capital,META,META PLATFORMS INC-CLASS A,206904550.0,"$206,904,550",https://valuesider.com/guru/francois-rochon-giverny-capital/portfolio
francois-rochon-giverny-capital,MSFT,MICROSOFT CORP,824088.0,"$824,088",https://valuesider.com/guru/francois-rochon-giverny-capital/portfolio
francois-rochon-giverny-capital,NVO,NOVO-NORDISK A/S-SPONS ADR,630912.0,"$630,912",https://valuesider.com/guru/francois-rochon-giverny-capital/portfolio
francois-rochon-giverny-capital,NVR,NVR INC,102915570.0,"$102,915,570",https://valuesider.com/guru/francois-rochon-giverny-capital/portfolio
francois-rochon-giverny-capital,ODFL,OLD DOMINION FREIGHT LINE,823984.0,"$823,984",https://valuesider.com/guru/francois-rochon-giverny-capital/portfolio
francois-rochon-giverny-capital,PGR,PROGRESSIVE CORP,122247383.0,"$122,247,383",https://valuesider.com/guru/francois-rochon-giverny-capital/portfolio
francois-rochon-giverny-capital,RMD,RESMED INC,56697908.0,"$56,697,908",https://valuesider.com/guru/francois-rochon-giverny-capital/portfolio
francois-rochon-giverny-capital,SCHW,SCHWAB (CHARLES) CORP,158423391.0,"$158,423,391",https://valuesider.com/guru/francois-rochon-giverny-capital/portfolio
francois-rochon-giverny-capital,SITE,SITEONE LANDSCAPE SUPPLY INC,467474.0,"$467,474",https://valuesider.com/guru/francois-rochon-giverny-capital/portfolio
francois-rochon-giverny-capital,GLD,SPDR GOLD SHARES,1536098.0,"$1,536,098",https://valuesider.com/guru/francois-rochon-giverny-capital/portfolio
francois-rochon-giverny-capital,SPY,SPDR S&P 500 ETF TRUST,1687070.0,"$1,687,070",https://valuesider.com/guru/francois-rochon-giverny-capital/portfolio
francois-rochon-giverny-capital,TSM,TAIWAN SEMICONDUCTOR-SP ADR,4836769.0,"$4,836,769",https://valuesider.com/guru/francois-rochon-giverny-capital/portfolio
francois-rochon-giverny-capital,TWFG,TWFG INC,9537571.0,"$9,537,571",https://valuesider.com/guru/francois-rochon-giverny-capital/portfolio
francois-rochon-giverny-capital,V,VISA INC-CLASS A SHARES,142859965.0,"$142,859,965",https://valuesider.com/guru/francois-rochon-giverny-capital/portfolio
francois-rochon-giverny-capital,DIS,WALT DISNEY CO/THE,61938550.0,"$61,938,550",https://valuesider.com/guru/francois-rochon-giverny-capital/portfolio
francois-rochon-giverny-capital,YUMC,YUM CHINA HOLDINGS INC,1720359.0,"$1,720,359",https://valuesider.com/guru/francois-rochon-giverny-capital/portfolio
chuck-akre-akre-capital-management,ABNB,AIRBNB INC-CLASS A,471388540.0,"$471,388,540",https://valuesider.com/guru/chuck-akre-akre-capital-management/portfolio
chuck-akre-akre-capital-management,AMT,AMERICAN TOWER CORP,44817227.0,"$44,817,227",https://valuesider.com/guru/chuck-akre-akre-capital-management/portfolio
chuck-akre-akre-capital-management,BRK.B,BERKSHIRE HATHAWAY INC CL-B,5982540.0,"$5,982,540",https://valuesider.com/guru/chuck-akre-akre-capital-management/portfolio
chuck-akre-akre-capital-management,BN,BROOKFIELD CORP,1231854338.0,"$1,231,854,338",https://valuesider.com/guru/chuck-akre-akre-capital-management/portfolio
chuck-akre-akre-capital-management,KMX,CARMAX INC,5819184.0,"$5,819,184",https://valuesider.com/guru/chuck-akre-akre-capital-management/portfolio
chuck-akre-akre-capital-management,CCCS,CCC INTELLIGENT SOLUTIONS HO,197454023.0,"$197,454,023",https://valuesider.com/guru/chuck-akre-akre-capital-management/portfolio
chuck-akre-akre-capital-management,CPRT,COPART INC,308030908.0,"$308,030,908",https://valuesider.com/guru/chuck-akre-akre-capital-management/portfolio
chuck-akre-akre-capital-management,CSGP,COSTAR GROUP INC,646701208.0,"$646,701,208",https://valuesider.com/guru/chuck-akre-akre-capital-management/portfolio
chuck-akre-akre-capital-management,DHR,DANAHER CORP,15913603.0,"$15,913,603",https://valuesider.com/guru/chuck-akre-akre-capital-management/portfolio
chuck-akre-akre-capital-management,FICO,FAIR ISAAC CORP,469054066.0,"$469,054,066",https://valuesider.com/guru/chuck-akre-akre-capital-management/portfolio
chuck-akre-akre-capital-management,GSHD,GOOSEHEAD INSURANCE INC -A,27331220.0,"$27,331,220",https://valuesider.com/guru/chuck-akre-akre-capital-management/portfolio
chuck-akre-akre-capital-management,KKR,KKR & CO INC,1033359070.0,"$1,033,359,070",https://valuesider.com/guru/chuck-akre-akre-capital-management/portfolio
chuck-akre-akre-capital-management,MA,MASTERCARD INC - A,1715654246.0,"$1,715,654,246",https://valuesider.com/guru/chuck-akre-akre-capital-management/portfolio
chuck-akre-akre-capital-management,MCO,MOODY'S CORP,886442756.0,"$886,442,756",https://valuesider.com/guru/chuck-akre-akre-capital-management/portfolio
chuck-akre-akre-capital-management,ORLY,O'REILLY AUTOMOTIVE INC,612914691.0,"$612,914,691",https://valuesider.com/guru/chuck-akre-akre-capital-management/portfolio
chuck-akre-akre-capital-management,ROP,ROPER TECHNOLOGIES INC,491936755.0,"$491,936,755",https://valuesider.com/guru/chuck-akre-akre-capital-management/portfolio
chuck-akre-akre-capital-management,SOPH,SOPHIA GENETICS SA,17368384.0,"$17,368,384",https://valuesider.com/guru/chuck-akre-akre-capital-management/portfolio
chuck-akre-akre-capital-management,V,VISA INC-CLASS A SHARES,938720206.0,"$938,720,206",https://valuesider.com/guru/chuck-akre-akre-capital-management/portfolio
francis-chou-chou-associates-management,BABA,ALIBABA GROUP HOLDING-SP ADR,6141702.0,"$6,141,702",https://valuesider.com/guru/francis-chou-chou-associates-management/portfolio
francis-chou-chou-associates-management,ALLY,ALLY FINANCIAL INC,10214028.0,"$10,214,028",https://valuesider.com/guru/francis-chou-chou-associates-management/portfolio
francis-chou-chou-associates-management,GOOG,ALPHABET INC-CL C,22715982.0,"$22,715,982",https://valuesider.com/guru/francis-chou-chou-associates-management/portfolio
francis-chou-chou-associates-management,AAPL,APPLE INC,11961840.0,"$11,961,840",https://valuesider.com/guru/francis-chou-chou-associates-management/portfolio
francis-chou-chou-associates-management,AGO,ASSURED GUARANTY LTD,987671.0,"$987,671",https://valuesider.com/guru/francis-chou-chou-associates-management/portfolio
francis-chou-chou-associates-management,BAC,BANK OF AMERICA CORP,2750000.0,"$2,750,000",https://valuesider.com/guru/francis-chou-chou-associates-management/portfolio
francis-chou-chou-associates-management,BRK.A,BERKSHIRE HATHAWAY INC CL-A,64912806.0,"$64,912,806",https://valuesider.com/guru/francis-chou-chou-associates-management/portfolio
francis-chou-chou-associates-management,CYD,CHINA YUCHAI INTL LTD,829422.0,"$829,422",https://valuesider.com/guru/francis-chou-chou-associates-management/portfolio
francis-chou-chou-associates-management,C,CITIGROUP INC COM NEW,3815180.0,"$3,815,180",https://valuesider.com/guru/francis-chou-chou-associates-management/portfolio
francis-chou-chou-associates-management,GM,GENERAL MOTORS CO,4228640.0,"$4,228,640",https://valuesider.com/guru/francis-chou-chou-associates-management/portfolio
francis-chou-chou-associates-management,HTZWW,HERTZ GLOBAL HLDGS INC -CW51,2680.0,"$2,680",https://valuesider.com/guru/francis-chou-chou-associates-management/portfolio
francis-chou-chou-associates-management,IMO,IMPERIAL OIL LTD,431970.0,"$431,970",https://valuesider.com/guru/francis-chou-chou-associates-management/portfolio
francis-chou-chou-associates-management,JEF,JEFFERIES FINANCIAL GROUP IN,680864.0,"$680,864",https://valuesider.com/guru/francis-chou-chou-associates-management/portfolio
francis-chou-chou-associates-management,LPX,LOUISIANA-PACIFIC CORP,475353.0,"$475,353",https://valuesider.com/guru/francis-chou-chou-associates-management/portfolio
francis-chou-chou-associates-management,MGA,MAGNA INTERNATIONAL INC,533000.0,"$533,000",https://valuesider.com/guru/francis-chou-chou-associates-management/portfolio
francis-chou-chou-associates-management,MBI,MBIA INC,2298360.0,"$2,298,360",https://valuesider.com/guru/francis-chou-chou-associates-management/portfolio
francis-chou-chou-associates-management,MEOH,METHANEX CORP,793268.0,"$793,268",https://valuesider.com/guru/francis-chou-chou-associates-management/portfolio
francis-chou-chou-associates-management,MCO,MOODY'S CORP,766275.0,"$766,275",https://valuesider.com/guru/francis-chou-chou-associates-management/portfolio
francis-chou-chou-associates-management,OXY,OCCIDENTAL PETROLEUM CORP,12870561.0,"$12,870,561",https://valuesider.com/guru/francis-chou-chou-associates-management/portfolio
francis-chou-chou-associates-management,CASH,PATHWARD FINANCIAL INC,1944619.0,"$1,944,619",https://valuesider.com/guru/francis-chou-chou-associates-management/portfolio
francis-chou-chou-associates-management,PYPL,PAYPAL HOLDINGS INC,2393580.0,"$2,393,580",https://valuesider.com/guru/francis-chou-chou-associates-management/portfolio
francis-chou-chou-associates-management,POOL,POOL CORP,2432985.0,"$2,432,985",https://valuesider.com/guru/francis-chou-chou-associates-management/portfolio
francis-chou-chou-associates-management,RYAAY,RYANAIR HOLDINGS PLC-SP ADR,428592.0,"$428,592",https://valuesider.com/guru/francis-chou-chou-associates-management/portfolio
francis-chou-chou-associates-management,SIRI,SIRIUS XM HOLDINGS INC,8189733.0,"$8,189,733",https://valuesider.com/guru/francis-chou-chou-associates-management/portfolio
francis-chou-chou-associates-management,STLA,STELLANTIS NV,15182774.0,"$15,182,774",https://valuesider.com/guru/francis-chou-chou-associates-management/portfolio
francis-chou-chou-associates-management,SYF,SYNCHRONY FINANCIAL,17996019.0,"$17,996,019",https://valuesider.com/guru/francis-chou-chou-associates-management/portfolio
francis-chou-chou-associates-management,VTS,VITESSE ENERGY INC,24903.0,"$24,903",https://valuesider.com/guru/francis-chou-chou-associates-management/portfolio
francis-chou-chou-associates-management,WFC,WELLS FARGO & CO,5549315.0,"$5,549,315",https://valuesider.com/guru/francis-chou-chou-associates-management/portfolio
mohnish-pabrai-dalal-street,AMR,ALPHA METALLURGICAL RESOURCE,108534840.0,"$108,534,840",https://valuesider.com/guru/mohnish-pabrai-dalal-street/portfolio
mohnish-pabrai-dalal-street,RIG,TRANSOCEAN LTD,111675749.0,"$111,675,749",https://valuesider.com/guru/mohnish-pabrai-dalal-street/portfolio
mohnish-pabrai-dalal-street,VAL,VALARIS LTD,23138539.0,"$23,138,539",https://valuesider.com/guru/mohnish-pabrai-dalal-street/portfolio
mohnish-pabrai-dalal-street,HCC,WARRIOR MET COAL INC,158691099.0,"$158,691,099",https://valuesider.com/guru/mohnish-pabrai-dalal-street/portfolio
seth-klarman-baupost-group,GOOG,ALPHABET INC-CL C,341157000.0,"$341,157,000",https://valuesider.com/guru/seth-klarman-baupost-group/portfolio
seth-klarman-baupost-group,AMZN,AMAZONCOM INC,489659000.0,"$489,659,000",https://valuesider.com/guru/seth-klarman-baupost-group/portfolio
seth-klarman-baupost-group,COLD,AMERICOLD REALTY TRUST,44697000.0,"$44,697,000",https://valuesider.com/guru/seth-klarman-baupost-group/portfolio
seth-klarman-baupost-group,ANTM,ANTHEM INC,444954000.0,"$444,954,000",https://valuesider.com/guru/seth-klarman-baupost-group/portfolio
seth-klarman-baupost-group,CRH,CRH PLC,133905000.0,"$133,905,000",https://valuesider.com/guru/seth-klarman-baupost-group/portfolio
seth-klarman-baupost-group,DG,DOLLAR GENERAL CORP,273881000.0,"$273,881,000",https://valuesider.com/guru/seth-klarman-baupost-group/portfolio
seth-klarman-baupost-group,EXP,EAGLE MATERIALS INC,244967000.0,"$244,967,000",https://valuesider.com/guru/seth-klarman-baupost-group/portfolio
seth-klarman-baupost-group,FERG,FERGUSON ENTERPRISES INC,253138000.0,"$253,138,000",https://valuesider.com/guru/seth-klarman-baupost-group/portfolio
seth-klarman-baupost-group,FIS,FIDELITY NATIONAL INFO SERV,299323000.0,"$299,323,000",https://valuesider.com/guru/seth-klarman-baupost-group/portfolio
seth-klarman-baupost-group,FISV,FISERV INC,147774000.0,"$147,774,000",https://valuesider.com/guru/seth-klarman-baupost-group/portfolio
seth-klarman-baupost-group,GDS,GDS HOLDINGS LTD - ADR,106264000.0,"$106,264,000",https://valuesider.com/guru/seth-klarman-baupost-group/portfolio
seth-klarman-baupost-group,GPC,GENUINE PARTS CO,182729000.0,"$182,729,000",https://valuesider.com/guru/seth-klarman-baupost-group/portfolio
seth-klarman-baupost-group,AERO,GRUPO AEROMEXICO SAB DE CV,106620000.0,"$106,620,000",https://valuesider.com/guru/seth-klarman-baupost-group/portfolio
seth-klarman-baupost-group,HLF,HERBALIFE NUTRITION LTD,119359000.0,"$119,359,000",https://valuesider.com/guru/seth-klarman-baupost-group/portfolio
seth-klarman-baupost-group,LBTYA,LIBERTY GLOBAL LTD-A,23176000.0,"$23,176,000",https://valuesider.com/guru/seth-klarman-baupost-group/portfolio
seth-klarman-baupost-group,LBTYK,LIBERTY GLOBAL LTD-C,230568000.0,"$230,568,000",https://valuesider.com/guru/seth-klarman-baupost-group/portfolio
seth-klarman-baupost-group,MOH,MOLINA HEALTHCARE INC,108463000.0,"$108,463,000",https://valuesider.com/guru/seth-klarman-baupost-group/portfolio
seth-klarman-baupost-group,QSR,RESTAURANT BRANDS INTERN,551325000.0,"$551,325,000",https://valuesider.com/guru/seth-klarman-baupost-group/portfolio
seth-klarman-baupost-group,TBN,TAMBORAN RESOURCES CORP,7004000.0,"$7,004,000",https://valuesider.com/guru/seth-klarman-baupost-group/portfolio
seth-klarman-baupost-group,UNP,UNION PACIFIC CORP,376416000.0,"$376,416,000",https://valuesider.com/guru/seth-klarman-baupost-group/portfolio
seth-klarman-baupost-group,WCC,WESCO INTERNATIONAL INC,347103000.0,"$347,103,000",https://valuesider.com/guru/seth-klarman-baupost-group/portfolio
seth-klarman-baupost-group,WLTW,WILLIS TOWERS WATSON PLC,446108000.0,"$446,108,000",https://valuesider.com/guru/seth-klarman-baupost-group/portfolio
nat-simons-meritage-group,AMZN,AMAZONCOM INC,425402645.0,"$425,402,645",https://valuesider.com/guru/nat-simons-meritage-group/portfolio
nat-simons-meritage-group,COF,CAPITAL ONE FINANCIAL CORP,445219198.0,"$445,219,198",https://valuesider.com/guru/nat-simons-meritage-group/portfolio
nat-simons-meritage-group,EFX,EQUIFAX INC,35907586.0,"$35,907,586",https://valuesider.com/guru/nat-simons-meritage-group/portfolio
nat-simons-meritage-group,MSFT,MICROSOFT CORP,610478846.0,"$610,478,846",https://valuesider.com/guru/nat-simons-meritage-group/portfolio
nat-simons-meritage-group,MSCI,MSCI INC,267712171.0,"$267,712,171",https://valuesider.com/guru/nat-simons-meritage-group/portfolio
nat-simons-meritage-group,PCOR,PROCORE TECHNOLOGIES INC,194186195.0,"$194,186,195",https://valuesider.com/guru/nat-simons-meritage-group/portfolio
nat-simons-meritage-group,QSR,RESTAURANT BRANDS INTERN,218385876.0,"$218,385,876",https://valuesider.com/guru/nat-simons-meritage-group/portfolio
nat-simons-meritage-group,TPX,TEMPUR SEALY INTERNATIONAL I,214597961.0,"$214,597,961",https://valuesider.com/guru/nat-simons-meritage-group/portfolio
nat-simons-meritage-group,TRU,TRANSUNION,457432346.0,"$457,432,346",https://valuesider.com/guru/nat-simons-meritage-group/portfolio
nat-simons-meritage-group,WDAY,WORKDAY INC-CLASS A,346337690.0,"$346,337,690",https://valuesider.com/guru/nat-simons-meritage-group/portfolio
andrew-brenton-turtle-creek-asset-management,ADS,ALLIANCE DATA SYSTEMS CORP,188882511.0,"$188,882,511",https://valuesider.com/guru/andrew-brenton-turtle-creek-asset-management/portfolio
andrew-brenton-turtle-creek-asset-management,ATS,ATS CORP,155382112.0,"$155,382,112",https://valuesider.com/guru/andrew-brenton-turtle-creek-asset-management/portfolio
andrew-brenton-turtle-creek-asset-management,BWA,BORGWARNER INC,19019736.0,"$19,019,736",https://valuesider.com/guru/andrew-brenton-turtle-creek-asset-management/portfolio
andrew-brenton-turtle-creek-asset-management,BCO,BRINK'S CO/THE,3548592.0,"$3,548,592",https://valuesider.com/guru/andrew-brenton-turtle-creek-asset-management/portfolio
andrew-brenton-turtle-creek-asset-management,DOOO,BRP INC/CA- SUB VOTING,52188755.0,"$52,188,755",https://valuesider.com/guru/andrew-brenton-turtle-creek-asset-management/portfolio
andrew-brenton-turtle-creek-asset-management,BC,BRUNSWICK CORP,81417004.0,"$81,417,004",https://valuesider.com/guru/andrew-brenton-turtle-creek-asset-management/portfolio
andrew-brenton-turtle-creek-asset-management,BLDR,BUILDERS FIRSTSOURCE INC,6959480.0,"$6,959,480",https://valuesider.com/guru/andrew-brenton-turtle-creek-asset-management/portfolio
andrew-brenton-turtle-creek-asset-management,CE,CELANESE CORP,91178511.0,"$91,178,511",https://valuesider.com/guru/andrew-brenton-turtle-creek-asset-management/portfolio
andrew-brenton-turtle-creek-asset-management,CLW,CLEARWATER PAPER CORP,220980.0,"$220,980",https://valuesider.com/guru/andrew-brenton-turtle-creek-asset-management/portfolio
andrew-brenton-turtle-creek-asset-management,CCOI,COGENT COMMUNICATIONS HOLDIN,87034421.0,"$87,034,421",https://valuesider.com/guru/andrew-brenton-turtle-creek-asset-management/portfolio
andrew-brenton-turtle-creek-asset-management,CIGI,COLLIERS INTERNATIONAL GROUP,119554559.0,"$119,554,559",https://valuesider.com/guru/andrew-brenton-turtle-creek-asset-management/portfolio
andrew-brenton-turtle-creek-asset-management,DCBO,DOCEBO INC,339660.0,"$339,660",https://valuesider.com/guru/andrew-brenton-turtle-creek-asset-management/portfolio
andrew-brenton-turtle-creek-asset-management,ECPG,ENCORE CAPITAL GROUP INC,52751730.0,"$52,751,730",https://valuesider.com/guru/andrew-brenton-turtle-creek-asset-management/portfolio
andrew-brenton-turtle-creek-asset-management,ENSG,ENSIGN GROUP INC/THE,58717594.0,"$58,717,594",https://valuesider.com/guru/andrew-brenton-turtle-creek-asset-management/portfolio
andrew-brenton-turtle-creek-asset-management,EEFT,EURONET WORLDWIDE INC,97028529.0,"$97,028,529",https://valuesider.com/guru/andrew-brenton-turtle-creek-asset-management/portfolio
andrew-brenton-turtle-creek-asset-management,FISV,FISERV INC,16624642.0,"$16,624,642",https://valuesider.com/guru/andrew-brenton-turtle-creek-asset-management/portfolio
andrew-brenton-turtle-creek-asset-management,FND,FLOOR & DECOR HOLDINGS INC-A,118475682.0,"$118,475,682",https://valuesider.com/guru/andrew-brenton-turtle-creek-asset-management/portfolio
andrew-brenton-turtle-creek-asset-management,GIL,GILDAN ACTIVEWEAR INC,67903701.0,"$67,903,701",https://valuesider.com/guru/andrew-brenton-turtle-creek-asset-management/portfolio
andrew-brenton-turtle-creek-asset-management,IR,INGERSOLL-RAND INC,121239635.0,"$121,239,635",https://valuesider.com/guru/andrew-brenton-turtle-creek-asset-management/portfolio
andrew-brenton-turtle-creek-asset-management,ITT,ITT INC,5771637.0,"$5,771,637",https://valuesider.com/guru/andrew-brenton-turtle-creek-asset-management/portfolio
andrew-brenton-turtle-creek-asset-management,JELD,JELD-WEN HOLDING INC,40898870.0,"$40,898,870",https://valuesider.com/guru/andrew-brenton-turtle-creek-asset-management/portfolio
andrew-brenton-turtle-creek-asset-management,KNSL,KINSALE CAPITAL GROUP INC,108993410.0,"$108,993,410",https://valuesider.com/guru/andrew-brenton-turtle-creek-asset-management/portfolio
andrew-brenton-turtle-creek-asset-management,KNX,KNIGHT-SWIFT TRANSPORTATION,3330916.0,"$3,330,916",https://valuesider.com/guru/andrew-brenton-turtle-creek-asset-management/portfolio
andrew-brenton-turtle-creek-asset-management,MGA,MAGNA INTERNATIONAL INC,56436812.0,"$56,436,812",https://valuesider.com/guru/andrew-brenton-turtle-creek-asset-management/portfolio
andrew-brenton-turtle-creek-asset-management,MEDP,MEDPACE HOLDINGS INC,1572620.0,"$1,572,620",https://valuesider.com/guru/andrew-brenton-turtle-creek-asset-management/portfolio
andrew-brenton-turtle-creek-asset-management,MIDD,MIDDLEBY CORP,166062755.0,"$166,062,755",https://valuesider.com/guru/andrew-brenton-turtle-creek-asset-management/portfolio
andrew-brenton-turtle-creek-asset-management,OTEX,OPEN TEXT CORP,958178.0,"$958,178",https://valuesider.com/guru/andrew-brenton-turtle-creek-asset-management/portfolio
andrew-brenton-turtle-creek-asset-management,PATK,PATRICK INDUSTRIES INC,5014888.0,"$5,014,888",https://valuesider.com/guru/andrew-brenton-turtle-creek-asset-management/portfolio
andrew-brenton-turtle-creek-asset-management,PNTG,PENNANT GROUP INC/THE,365950.0,"$365,950",https://valuesider.com/guru/andrew-brenton-turtle-creek-asset-management/portfolio
andrew-brenton-turtle-creek-asset-management,SCI,SERVICE CORP INTERNATIONAL,80881790.0,"$80,881,790",https://valuesider.com/guru/andrew-brenton-turtle-creek-asset-management/portfolio
andrew-brenton-turtle-creek-asset-management,SSNC,SS&C TECHNOLOGIES HOLDINGS,70683354.0,"$70,683,354",https://valuesider.com/guru/andrew-brenton-turtle-creek-asset-management/portfolio
andrew-brenton-turtle-creek-asset-management,SYF,SYNCHRONY FINANCIAL,2748184.0,"$2,748,184",https://valuesider.com/guru/andrew-brenton-turtle-creek-asset-management/portfolio
andrew-brenton-turtle-creek-asset-management,TNC,TENNANT CO,722260.0,"$722,260",https://valuesider.com/guru/andrew-brenton-turtle-creek-asset-management/portfolio
andrew-brenton-turtle-creek-asset-management,TFII,TFI INTERNATIONAL INC,142131261.0,"$142,131,261",https://valuesider.com/guru/andrew-brenton-turtle-creek-asset-management/portfolio
andrew-brenton-turtle-creek-asset-management,VNT,VONTIER CORP,66939021.0,"$66,939,021",https://valuesider.com/guru/andrew-brenton-turtle-creek-asset-management/portfolio
andrew-brenton-turtle-creek-asset-management,WFG,WEST FRASER TIMBER CO LTD,944150.0,"$944,150",https://valuesider.com/guru/andrew-brenton-turtle-creek-asset-management/portfolio
andrew-brenton-turtle-creek-asset-management,WEX,WEX INC,62930940.0,"$62,930,940",https://valuesider.com/guru/andrew-brenton-turtle-creek-asset-management/portfolio
andrew-brenton-turtle-creek-asset-management,WSC,WILLSCOT MOBILE MINI HOLDING,116444004.0,"$116,444,004",https://valuesider.com/guru/andrew-brenton-turtle-creek-asset-management/portfolio
connor-haley-alta-fox-capital-management,AMZN,AMAZONCOM INC,19158060.0,"$19,158,060",https://valuesider.com/guru/connor-haley-alta-fox-capital-management/portfolio
connor-haley-alta-fox-capital-management,ARES,ARES MANAGEMENT CORP - A,16259978.0,"$16,259,978",https://valuesider.com/guru/connor-haley-alta-fox-capital-management/portfolio
connor-haley-alta-fox-capital-management,BTSG,BRIGHTSPRING HEALTH SERVICES,46344375.0,"$46,344,375",https://valuesider.com/guru/connor-haley-alta-fox-capital-management/portfolio
connor-haley-alta-fox-capital-management,CARG,CARGURUS INC,48840412.0,"$48,840,412",https://valuesider.com/guru/connor-haley-alta-fox-capital-management/portfolio
connor-haley-alta-fox-capital-management,DAKT,DAKTRONICS INC,73805344.0,"$73,805,344",https://valuesider.com/guru/connor-haley-alta-fox-capital-management/portfolio
connor-haley-alta-fox-capital-management,FICO,FAIR ISAAC CORP,19966222.0,"$19,966,222",https://valuesider.com/guru/connor-haley-alta-fox-capital-management/portfolio
connor-haley-alta-fox-capital-management,FIGS,FIGS INC-CLASS A,9946816.0,"$9,946,816",https://valuesider.com/guru/connor-haley-alta-fox-capital-management/portfolio
connor-haley-alta-fox-capital-management,META,META PLATFORMS INC-CLASS A,10957494.0,"$10,957,494",https://valuesider.com/guru/connor-haley-alta-fox-capital-management/portfolio
connor-haley-alta-fox-capital-management,MSFT,MICROSOFT CORP,8705160.0,"$8,705,160",https://valuesider.com/guru/connor-haley-alta-fox-capital-management/portfolio
connor-haley-alta-fox-capital-management,NATL,NCR ATLEOS CORP,74348075.0,"$74,348,075",https://valuesider.com/guru/connor-haley-alta-fox-capital-management/portfolio
connor-haley-alta-fox-capital-management,REZI,RESIDEO TECHNOLOGIES INC,44486504.0,"$44,486,504",https://valuesider.com/guru/connor-haley-alta-fox-capital-management/portfolio
connor-haley-alta-fox-capital-management,TRS,TRIMAS CORP,19971644.0,"$19,971,644",https://valuesider.com/guru/connor-haley-alta-fox-capital-management/portfolio
connor-haley-alta-fox-capital-management,XPEL,XPEL INC,72002063.0,"$72,002,063",https://valuesider.com/guru/connor-haley-alta-fox-capital-management/portfolio
mark-massey-altarock-partners,GOOGL,ALPHABET INC-CL A,53019383.0,"$53,019,383",https://valuesider.com/guru/mark-massey-altarock-partners/portfolio
mark-massey-altarock-partners,AMZN,AMAZONCOM INC,1688340738.0,"$1,688,340,738",https://valuesider.com/guru/mark-massey-altarock-partners/portfolio
mark-massey-altarock-partners,HLT,HILTON WORLDWIDE HOLDINGS IN,155865584.0,"$155,865,584",https://valuesider.com/guru/mark-massey-altarock-partners/portfolio
mark-massey-altarock-partners,MA,MASTERCARD INC - A,309323336.0,"$309,323,336",https://valuesider.com/guru/mark-massey-altarock-partners/portfolio
mark-massey-altarock-partners,MSFT,MICROSOFT CORP,1007069492.0,"$1,007,069,492",https://valuesider.com/guru/mark-massey-altarock-partners/portfolio
mark-massey-altarock-partners,MCO,MOODY'S CORP,416088858.0,"$416,088,858",https://valuesider.com/guru/mark-massey-altarock-partners/portfolio
mark-massey-altarock-partners,TDG,TRANSDIGM GROUP INC,1289156590.0,"$1,289,156,590",https://valuesider.com/guru/mark-massey-altarock-partners/portfolio
mark-massey-altarock-partners,V,VISA INC-CLASS A SHARES,181203791.0,"$181,203,791",https://valuesider.com/guru/mark-massey-altarock-partners/portfolio
greg-alexander-conifer-management,EQH,EQUITABLE HOLDINGS INC,200130000.0,"$200,130,000",https://valuesider.com/guru/greg-alexander-conifer-management/portfolio
greg-alexander-conifer-management,GPI,GROUP 1 AUTOMOTIVE INC,223561159.0,"$223,561,159",https://valuesider.com/guru/greg-alexander-conifer-management/portfolio
greg-alexander-conifer-management,LAD,LITHIA MOTORS INC,132932000.0,"$132,932,000",https://valuesider.com/guru/greg-alexander-conifer-management/portfolio
greg-alexander-conifer-management,RMNI,RIMINI STREET INC,22943212.0,"$22,943,212",https://valuesider.com/guru/greg-alexander-conifer-management/portfolio
greg-alexander-conifer-management,SDHC,SMITH DOUGLAS HOMES CORP,24037280.0,"$24,037,280",https://valuesider.com/guru/greg-alexander-conifer-management/portfolio
david-abrams-abrams-capital-management,GOOGL,ALPHABET INC-CL A,599905190.0,"$599,905,190",https://valuesider.com/guru/david-abrams-abrams-capital-management/portfolio
david-abrams-abrams-capital-management,UHAL,AMERCO,1834974.0,"$1,834,974",https://valuesider.com/guru/david-abrams-abrams-capital-management/portfolio
david-abrams-abrams-capital-management,ABG,ASBURY AUTOMOTIVE GROUP,501216555.0,"$501,216,555",https://valuesider.com/guru/david-abrams-abrams-capital-management/portfolio
david-abrams-abrams-capital-management,CPNG,COUPANG INC,307093771.0,"$307,093,771",https://valuesider.com/guru/david-abrams-abrams-capital-management/portfolio
david-abrams-abrams-capital-management,ET,ENERGY TRANSFER LP,100843226.0,"$100,843,226",https://valuesider.com/guru/david-abrams-abrams-capital-management/portfolio
david-abrams-abrams-capital-management,LAD,LITHIA MOTORS INC,827679164.0,"$827,679,164",https://valuesider.com/guru/david-abrams-abrams-capital-management/portfolio
david-abrams-abrams-capital-management,LOAR,LOAR HOLDINGS INC,2179416320.0,"$2,179,416,320",https://valuesider.com/guru/david-abrams-abrams-capital-management/portfolio
david-abrams-abrams-capital-management,META,META PLATFORMS INC-CLASS A,214631564.0,"$214,631,564",https://valuesider.com/guru/david-abrams-abrams-capital-management/portfolio
david-abrams-abrams-capital-management,NUVB,NUVATION BIO INC,34151156.0,"$34,151,156",https://valuesider.com/guru/david-abrams-abrams-capital-management/portfolio
david-abrams-abrams-capital-management,TPX,TEMPUR SEALY INTERNATIONAL I,518193262.0,"$518,193,262",https://valuesider.com/guru/david-abrams-abrams-capital-management/portfolio
david-abrams-abrams-capital-management,UHAL.B,U-HAUL HOLDING CO-NON VOTING,151973661.0,"$151,973,661",https://valuesider.com/guru/david-abrams-abrams-capital-management/portfolio
david-abrams-abrams-capital-management,WLTW,WILLIS TOWERS WATSON PLC,236847979.0,"$236,847,979",https://valuesider.com/guru/david-abrams-abrams-capital-management/portfolio
marty-whitman-third-avenue-management,ALG,ALAMO GROUP INC,4030391.0,"$4,030,391",https://valuesider.com/guru/marty-whitman-third-avenue-management/portfolio
marty-whitman-third-avenue-management,AMBC,AMBAC FINANCIAL GROUP INC,6084684.0,"$6,084,684",https://valuesider.com/guru/marty-whitman-third-avenue-management/portfolio
marty-whitman-third-avenue-management,AMH,AMERICAN HOMES 4 RENT- A,8940235.0,"$8,940,235",https://valuesider.com/guru/marty-whitman-third-avenue-management/portfolio
marty-whitman-third-avenue-management,BATRA,ATLANTA BRAVES HOLDINGS IN-A,6986971.0,"$6,986,971",https://valuesider.com/guru/marty-whitman-third-avenue-management/portfolio
marty-whitman-third-avenue-management,BATRK,ATLANTA BRAVES HOLDINGS IN-C,1029803.0,"$1,029,803",https://valuesider.com/guru/marty-whitman-third-avenue-management/portfolio
marty-whitman-third-avenue-management,BXC,BLUELINX HOLDINGS INC,3952345.0,"$3,952,345",https://valuesider.com/guru/marty-whitman-third-avenue-management/portfolio
marty-whitman-third-avenue-management,BCC,BOISE CASCADE CO,31647926.0,"$31,647,926",https://valuesider.com/guru/marty-whitman-third-avenue-management/portfolio
marty-whitman-third-avenue-management,BN,BROOKFIELD CORP,25153181.0,"$25,153,181",https://valuesider.com/guru/marty-whitman-third-avenue-management/portfolio
marty-whitman-third-avenue-management,CTLP,CANTALOUPE INC,3929538.0,"$3,929,538",https://valuesider.com/guru/marty-whitman-third-avenue-management/portfolio
marty-whitman-third-avenue-management,CBRE,CBRE GROUP INC - A,23609600.0,"$23,609,600",https://valuesider.com/guru/marty-whitman-third-avenue-management/portfolio
marty-whitman-third-avenue-management,CET,CENTRAL SECURITIES CORP,5162887.0,"$5,162,887",https://valuesider.com/guru/marty-whitman-third-avenue-management/portfolio
marty-whitman-third-avenue-management,SKY,CHAMPION HOMES INC,8991561.0,"$8,991,561",https://valuesider.com/guru/marty-whitman-third-avenue-management/portfolio
marty-whitman-third-avenue-management,COLL,COLLEGIUM PHARMACEUTICAL INC,9417466.0,"$9,417,466",https://valuesider.com/guru/marty-whitman-third-avenue-management/portfolio
marty-whitman-third-avenue-management,DB,DEUTSCHE BANK AG-REGISTERED,13002162.0,"$13,002,162",https://valuesider.com/guru/marty-whitman-third-avenue-management/portfolio
marty-whitman-third-avenue-management,DHI,DR HORTON INC,11262282.0,"$11,262,282",https://valuesider.com/guru/marty-whitman-third-avenue-management/portfolio
marty-whitman-third-avenue-management,ECPG,ENCORE CAPITAL GROUP INC,9295046.0,"$9,295,046",https://valuesider.com/guru/marty-whitman-third-avenue-management/portfolio
marty-whitman-third-avenue-management,FG,F&G ANNUITIES & LIFE INC,380047.0,"$380,047",https://valuesider.com/guru/marty-whitman-third-avenue-management/portfolio
marty-whitman-third-avenue-management,FNF,FIDELITY NATIONAL FINANCIAL,11208419.0,"$11,208,419",https://valuesider.com/guru/marty-whitman-third-avenue-management/portfolio
marty-whitman-third-avenue-management,FR,FIRST INDUSTRIAL REALTY TR,5997773.0,"$5,997,773",https://valuesider.com/guru/marty-whitman-third-avenue-management/portfolio
marty-whitman-third-avenue-management,FSV,FIRSTSERVICE CORP,2910588.0,"$2,910,588",https://valuesider.com/guru/marty-whitman-third-avenue-management/portfolio
marty-whitman-third-avenue-management,FPH,FIVE POINT HOLDINGS LLC-CL A,22996796.0,"$22,996,796",https://valuesider.com/guru/marty-whitman-third-avenue-management/portfolio
marty-whitman-third-avenue-management,FLG,FLAGSTAR FINANCIAL INC,2735870.0,"$2,735,870",https://valuesider.com/guru/marty-whitman-third-avenue-management/portfolio
marty-whitman-third-avenue-management,FRPH,FRP HOLDINGS INC,2448307.0,"$2,448,307",https://valuesider.com/guru/marty-whitman-third-avenue-management/portfolio
marty-whitman-third-avenue-management,ICFI,ICF INTERNATIONAL INC,4509299.0,"$4,509,299",https://valuesider.com/guru/marty-whitman-third-avenue-management/portfolio
marty-whitman-third-avenue-management,ITIC,INVESTORS TITLE CO,5465618.0,"$5,465,618",https://valuesider.com/guru/marty-whitman-third-avenue-management/portfolio
marty-whitman-third-avenue-management,JLL,JONES LANG LASALLE INC,11558081.0,"$11,558,081",https://valuesider.com/guru/marty-whitman-third-avenue-management/portfolio
marty-whitman-third-avenue-management,KALU,KAISER ALUMINUM CORP,9804794.0,"$9,804,794",https://valuesider.com/guru/marty-whitman-third-avenue-management/portfolio
marty-whitman-third-avenue-management,LEN.B,LENNAR CORP - B SHS,14078521.0,"$14,078,521",https://valuesider.com/guru/marty-whitman-third-avenue-management/portfolio
marty-whitman-third-avenue-management,LXU,LSB INDUSTRIES INC,6710300.0,"$6,710,300",https://valuesider.com/guru/marty-whitman-third-avenue-management/portfolio
marty-whitman-third-avenue-management,MYRG,MYR GROUP INC/DELAWARE,7768549.0,"$7,768,549",https://valuesider.com/guru/marty-whitman-third-avenue-management/portfolio
marty-whitman-third-avenue-management,OCFC,OCEANFIRST FINANCIAL CORP,3460886.0,"$3,460,886",https://valuesider.com/guru/marty-whitman-third-avenue-management/portfolio
marty-whitman-third-avenue-management,PBF,PBF ENERGY INC-CLASS A,3554076.0,"$3,554,076",https://valuesider.com/guru/marty-whitman-third-avenue-management/portfolio
marty-whitman-third-avenue-management,PRA,PROASSURANCE CORP,7078638.0,"$7,078,638",https://valuesider.com/guru/marty-whitman-third-avenue-management/portfolio
marty-whitman-third-avenue-management,PLD,PROLOGIS INC,18568275.0,"$18,568,275",https://valuesider.com/guru/marty-whitman-third-avenue-management/portfolio
marty-whitman-third-avenue-management,PB,PROSPERITY BANCSHARES INC,7060830.0,"$7,060,830",https://valuesider.com/guru/marty-whitman-third-avenue-management/portfolio
marty-whitman-third-avenue-management,PHM,PULTEGROUP INC,11806206.0,"$11,806,206",https://valuesider.com/guru/marty-whitman-third-avenue-management/portfolio
marty-whitman-third-avenue-management,RYN,RAYONIER INC,4077561.0,"$4,077,561",https://valuesider.com/guru/marty-whitman-third-avenue-management/portfolio
marty-whitman-third-avenue-management,ROG,ROGERS CORP,18265834.0,"$18,265,834",https://valuesider.com/guru/marty-whitman-third-avenue-management/portfolio
marty-whitman-third-avenue-management,SD,SANDRIDGE ENERGY INC,4773704.0,"$4,773,704",https://valuesider.com/guru/marty-whitman-third-avenue-management/portfolio
marty-whitman-third-avenue-management,SBSI,SOUTHSIDE BANCSHARES INC,3551953.0,"$3,551,953",https://valuesider.com/guru/marty-whitman-third-avenue-management/portfolio
marty-whitman-third-avenue-management,SUI,SUN COMMUNITIES INC,12009605.0,"$12,009,605",https://valuesider.com/guru/marty-whitman-third-avenue-management/portfolio
marty-whitman-third-avenue-management,SUPN,SUPERNUS PHARMACEUTICALS INC,9417802.0,"$9,417,802",https://valuesider.com/guru/marty-whitman-third-avenue-management/portfolio
marty-whitman-third-avenue-management,TDW,TIDEWATER INC,44098816.0,"$44,098,816",https://valuesider.com/guru/marty-whitman-third-avenue-management/portfolio
marty-whitman-third-avenue-management,TPH,TRI POINTE HOMES INC,4904757.0,"$4,904,757",https://valuesider.com/guru/marty-whitman-third-avenue-management/portfolio
marty-whitman-third-avenue-management,UHAL.B,U-HAUL HOLDING CO-NON VOTING,12117158.0,"$12,117,158",https://valuesider.com/guru/marty-whitman-third-avenue-management/portfolio
marty-whitman-third-avenue-management,UMBF,UMB FINANCIAL CORP,9001305.0,"$9,001,305",https://valuesider.com/guru/marty-whitman-third-avenue-management/portfolio
marty-whitman-third-avenue-management,UNF,UNIFIRST CORP/MA,5484919.0,"$5,484,919",https://valuesider.com/guru/marty-whitman-third-avenue-management/portfolio
marty-whitman-third-avenue-management,VAL,VALARIS LTD,29452399.0,"$29,452,399",https://valuesider.com/guru/marty-whitman-third-avenue-management/portfolio
marty-whitman-third-avenue-management,HCC,WARRIOR MET COAL INC,51431324.0,"$51,431,324",https://valuesider.com/guru/marty-whitman-third-avenue-management/portfolio
marty-whitman-third-avenue-management,WCC,WESCO INTERNATIONAL INC,4964969.0,"$4,964,969",https://valuesider.com/guru/marty-whitman-third-avenue-management/portfolio
marty-whitman-third-avenue-management,WY,WEYERHAEUSER CO,4064778.0,"$4,064,778",https://valuesider.com/guru/marty-whitman-third-avenue-management/portfolio
david-m-polen-polen-capital-management,ABT,ABBOTT LABORATORIES,496427772.0,"$496,427,772",https://valuesider.com/guru/david-m-polen-polen-capital-management/portfolio
david-m-polen-polen-capital-management,ABCL,ABCELLERA BIOLOGICS INC,350577.0,"$350,577",https://valuesider.com/guru/david-m-polen-polen-capital-management/portfolio
david-m-polen-polen-capital-management,ACN,ACCENTURE PLC-CL A,505130377.0,"$505,130,377",https://valuesider.com/guru/david-m-polen-polen-capital-management/portfolio
david-m-polen-polen-capital-management,AYI,ACUITY BRANDS INC,382002.0,"$382,002",https://valuesider.com/guru/david-m-polen-polen-capital-management/portfolio
david-m-polen-polen-capital-management,ADPT,ADAPTIVE BIOTECHNOLOGIES,5290456.0,"$5,290,456",https://valuesider.com/guru/david-m-polen-polen-capital-management/portfolio
david-m-polen-polen-capital-management,ADBE,ADOBE INC,470942284.0,"$470,942,284",https://valuesider.com/guru/david-m-polen-polen-capital-management/portfolio
david-m-polen-polen-capital-management,ADT,ADT INC,398400.0,"$398,400",https://valuesider.com/guru/david-m-polen-polen-capital-management/portfolio
david-m-polen-polen-capital-management,AEHR,AEHR TEST SYSTEMS,607941.0,"$607,941",https://valuesider.com/guru/david-m-polen-polen-capital-management/portfolio
david-m-polen-polen-capital-management,AVAV,AEROVIRONMENT INC,408552.0,"$408,552",https://valuesider.com/guru/david-m-polen-polen-capital-management/portfolio
david-m-polen-polen-capital-management,AFRM,AFFIRM HOLDINGS INC,2453883.0,"$2,453,883",https://valuesider.com/guru/david-m-polen-polen-capital-management/portfolio
david-m-polen-polen-capital-management,ABNB,AIRBNB INC-CLASS A,411330740.0,"$411,330,740",https://valuesider.com/guru/david-m-polen-polen-capital-management/portfolio
david-m-polen-polen-capital-management,GOOGL,ALPHABET INC-CL A,9660396.0,"$9,660,396",https://valuesider.com/guru/david-m-polen-polen-capital-management/portfolio
david-m-polen-polen-capital-management,GOOG,ALPHABET INC-CL C,1260886646.0,"$1,260,886,646",https://valuesider.com/guru/david-m-polen-polen-capital-management/portfolio
david-m-polen-polen-capital-management,ATEC,ALPHATEC HOLDINGS INC,2014811.0,"$2,014,811",https://valuesider.com/guru/david-m-polen-polen-capital-management/portfolio
david-m-polen-polen-capital-management,AMZN,AMAZONCOM INC,1997451824.0,"$1,997,451,824",https://valuesider.com/guru/david-m-polen-polen-capital-management/portfolio
david-m-polen-polen-capital-management,APEI,AMERICAN PUBLIC EDUCATION,533623.0,"$533,623",https://valuesider.com/guru/david-m-polen-polen-capital-management/portfolio
david-m-polen-polen-capital-management,AMSC,AMERICAN SUPERCONDUCTOR CORP,678201.0,"$678,201",https://valuesider.com/guru/david-m-polen-polen-capital-management/portfolio
david-m-polen-polen-capital-management,AMPX,AMPRIUS TECHNOLOGIES INC,2274608.0,"$2,274,608",https://valuesider.com/guru/david-m-polen-polen-capital-management/portfolio
david-m-polen-polen-capital-management,AON,AON PLC-CLASS A,651520305.0,"$651,520,305",https://valuesider.com/guru/david-m-polen-polen-capital-management/portfolio
david-m-polen-polen-capital-management,APPN,APPIAN CORP,367164.0,"$367,164",https://valuesider.com/guru/david-m-polen-polen-capital-management/portfolio
david-m-polen-polen-capital-management,AAPL,APPLE INC,2099744.0,"$2,099,744",https://valuesider.com/guru/david-m-polen-polen-capital-management/portfolio
david-m-polen-polen-capital-management,AGX,ARGAN INC,7797282.0,"$7,797,282",https://valuesider.com/guru/david-m-polen-polen-capital-management/portfolio
david-m-polen-polen-capital-management,AWI,ARMSTRONG WORLD INDUSTRIES,288752.0,"$288,752",https://valuesider.com/guru/david-m-polen-polen-capital-management/portfolio
david-m-polen-polen-capital-management,ASND,ASCENDIS PHARMA A/S - ADR,258234.0,"$258,234",https://valuesider.com/guru/david-m-polen-polen-capital-management/portfolio
david-m-polen-polen-capital-management,ASML,ASML HOLDING NV-NY REG SHS,11977312.0,"$11,977,312",https://valuesider.com/guru/david-m-polen-polen-capital-management/portfolio
david-m-polen-polen-capital-management,ASPI,ASP ISOTOPES INC,746384.0,"$746,384",https://valuesider.com/guru/david-m-polen-polen-capital-management/portfolio
david-m-polen-polen-capital-management,ASTE,ASTEC INDUSTRIES INC,967942.0,"$967,942",https://valuesider.com/guru/david-m-polen-polen-capital-management/portfolio
david-m-polen-polen-capital-management,ATRO,ASTRONICS CORP,2912200.0,"$2,912,200",https://valuesider.com/guru/david-m-polen-polen-capital-management/portfolio
david-m-polen-polen-capital-management,ADSK,AUTODESK INC,349785.0,"$349,785",https://valuesider.com/guru/david-m-polen-polen-capital-management/portfolio
david-m-polen-polen-capital-management,ADP,AUTOMATIC DATA PROCESSING,508394.0,"$508,394",https://valuesider.com/guru/david-m-polen-polen-capital-management/portfolio
david-m-polen-polen-capital-management,AX,AXOS FINANCIAL INC,946554.0,"$946,554",https://valuesider.com/guru/david-m-polen-polen-capital-management/portfolio
david-m-polen-polen-capital-management,AXTI,AXT INC,363215.0,"$363,215",https://valuesider.com/guru/david-m-polen-polen-capital-management/portfolio
david-m-polen-polen-capital-management,BW,BABCOCK & WILCOX ENTERPR,775255.0,"$775,255",https://valuesider.com/guru/david-m-polen-polen-capital-management/portfolio
david-m-polen-polen-capital-management,BELFB,BEL FUSE INC-CL B,3820407.0,"$3,820,407",https://valuesider.com/guru/david-m-polen-polen-capital-management/portfolio
david-m-polen-polen-capital-management,BE,BLOOM ENERGY CORP- A,6554460.0,"$6,554,460",https://valuesider.com/guru/david-m-polen-polen-capital-management/portfolio
david-m-polen-polen-capital-management,BSX,BOSTON SCIENTIFIC CORP,383264286.0,"$383,264,286",https://valuesider.com/guru/david-m-polen-polen-capital-management/portfolio
david-m-polen-polen-capital-management,BBIO,BRIDGEBIO PHARMA INC,2925054.0,"$2,925,054",https://valuesider.com/guru/david-m-polen-polen-capital-management/portfolio
david-m-polen-polen-capital-management,AVGO,BROADCOM INC,1222299638.0,"$1,222,299,638",https://valuesider.com/guru/david-m-polen-polen-capital-management/portfolio
david-m-polen-polen-capital-management,BKD,BROOKDALE SENIOR LIVING INC,2164345.0,"$2,164,345",https://valuesider.com/guru/david-m-polen-polen-capital-management/portfolio
david-m-polen-polen-capital-management,BFLY,BUTTERFLY NETWORK INC,1797290.0,"$1,797,290",https://valuesider.com/guru/david-m-polen-polen-capital-management/portfolio
david-m-polen-polen-capital-management,BWXT,BWX TECHNOLOGIES INC,5587572.0,"$5,587,572",https://valuesider.com/guru/david-m-polen-polen-capital-management/portfolio
david-m-polen-polen-capital-management,CCJ,CAMECO CORP,2577639.0,"$2,577,639",https://valuesider.com/guru/david-m-polen-polen-capital-management/portfolio
david-m-polen-polen-capital-management,CSIQ,CANADIAN SOLAR INC,528241.0,"$528,241",https://valuesider.com/guru/david-m-polen-polen-capital-management/portfolio
david-m-polen-polen-capital-management,CRS,CARPENTER TECHNOLOGY,1908560.0,"$1,908,560",https://valuesider.com/guru/david-m-polen-polen-capital-management/portfolio
david-m-polen-polen-capital-management,CVNA,CARVANA CO,3787207.0,"$3,787,207",https://valuesider.com/guru/david-m-polen-polen-capital-management/portfolio
david-m-polen-polen-capital-management,CECE,CECO ENVIRONMENTAL CORP,4176034.0,"$4,176,034",https://valuesider.com/guru/david-m-polen-polen-capital-management/portfolio
david-m-polen-polen-capital-management,CELC,CELCUITY INC,464788.0,"$464,788",https://valuesider.com/guru/david-m-polen-polen-capital-management/portfolio
david-m-polen-polen-capital-management,CPF,CENTRAL PACIFIC FINANCIAL CO,690194.0,"$690,194",https://valuesider.com/guru/david-m-polen-polen-capital-management/portfolio
david-m-polen-polen-capital-management,CCO,CLEAR CHANNEL OUTDOOR HOLDIN,211966.0,"$211,966",https://valuesider.com/guru/david-m-polen-polen-capital-management/portfolio
david-m-polen-polen-capital-management,YOU,CLEAR SECURE INC -CLASS A,1379521.0,"$1,379,521",https://valuesider.com/guru/david-m-polen-polen-capital-management/portfolio
david-m-polen-polen-capital-management,CMPO,COMPOSECURE INC-A,643856.0,"$643,856",https://valuesider.com/guru/david-m-polen-polen-capital-management/portfolio
david-m-polen-polen-capital-management,CEG,CONSTELLATION ENERGY,993395.0,"$993,395",https://valuesider.com/guru/david-m-polen-polen-capital-management/portfolio
david-m-polen-polen-capital-management,ROAD,CONSTRUCTION PARTNERS INC-A,1152258.0,"$1,152,258",https://valuesider.com/guru/david-m-polen-polen-capital-management/portfolio
david-m-polen-polen-capital-management,CPS,COOPER-STANDARD HOLDING,250657.0,"$250,657",https://valuesider.com/guru/david-m-polen-polen-capital-management/portfolio
david-m-polen-polen-capital-management,CAAP,CORP AMERICA AIRPORTS SA,1349894.0,"$1,349,894",https://valuesider.com/guru/david-m-polen-polen-capital-management/portfolio
david-m-polen-polen-capital-management,CSGP,COSTAR GROUP INC,328866546.0,"$328,866,546",https://valuesider.com/guru/david-m-polen-polen-capital-management/portfolio
david-m-polen-polen-capital-management,CRDO,CREDO TECHNOLOGY GROUP HOLDI,1138889.0,"$1,138,889",https://valuesider.com/guru/david-m-polen-polen-capital-management/portfolio
david-m-polen-polen-capital-management,CRY,CRYOLIFE INC,1152063.0,"$1,152,063",https://valuesider.com/guru/david-m-polen-polen-capital-management/portfolio
david-m-polen-polen-capital-management,CW,CURTISS-WRIGHT CORP,667588.0,"$667,588",https://valuesider.com/guru/david-m-polen-polen-capital-management/portfolio
david-m-polen-polen-capital-management,CYTK,CYTOKINETICS INC,608967.0,"$608,967",https://valuesider.com/guru/david-m-polen-polen-capital-management/portfolio
david-m-polen-polen-capital-management,DAVE,DAVE INC,2613745.0,"$2,613,745",https://valuesider.com/guru/david-m-polen-polen-capital-management/portfolio
david-m-polen-polen-capital-management,DNLI,DENALI THERAPEUTICS INC,444119.0,"$444,119",https://valuesider.com/guru/david-m-polen-polen-capital-management/portfolio
david-m-polen-polen-capital-management,DLO,DLOCAL LTD/URUGUAY,6600679.0,"$6,600,679",https://valuesider.com/guru/david-m-polen-polen-capital-management/portfolio
david-m-polen-polen-capital-management,LLY,ELI LILLY & CO,1339147991.0,"$1,339,147,991",https://valuesider.com/guru/david-m-polen-polen-capital-management/portfolio
david-m-polen-polen-capital-management,ERJ,EMBRAER SA-SPON ADR,510068.0,"$510,068",https://valuesider.com/guru/david-m-polen-polen-capital-management/portfolio
david-m-polen-polen-capital-management,EOSE,EOS ENERGY ENTERPRISES INC,241577.0,"$241,577",https://valuesider.com/guru/david-m-polen-polen-capital-management/portfolio
david-m-polen-polen-capital-management,ZGN,ERMENEGILDO ZEGNA NV,438372.0,"$438,372",https://valuesider.com/guru/david-m-polen-polen-capital-management/portfolio
david-m-polen-polen-capital-management,ERO,ERO COPPER CORP,1288440.0,"$1,288,440",https://valuesider.com/guru/david-m-polen-polen-capital-management/portfolio
david-m-polen-polen-capital-management,ESPR,ESPERION THERAPEUTICS INC,430280.0,"$430,280",https://valuesider.com/guru/david-m-polen-polen-capital-management/portfolio
david-m-polen-polen-capital-management,ESQ,ESQUIRE FINANCIAL HOLDINGS I,1195138.0,"$1,195,138",https://valuesider.com/guru/david-m-polen-polen-capital-management/portfolio
david-m-polen-polen-capital-management,ESTA,ESTABLISHMENT LABS HOLDINGS,1273578.0,"$1,273,578",https://valuesider.com/guru/david-m-polen-polen-capital-management/portfolio
david-m-polen-polen-capital-management,FIGS,FIGS INC-CLASS A,554686.0,"$554,686",https://valuesider.com/guru/david-m-polen-polen-capital-management/portfolio
david-m-polen-polen-capital-management,FIGR,FIGURE TECHNOLOGY SOLUT-CL A,522875.0,"$522,875",https://valuesider.com/guru/david-m-polen-polen-capital-management/portfolio
david-m-polen-polen-capital-management,FSLR,FIRST SOLAR INC,2168731.0,"$2,168,731",https://valuesider.com/guru/david-m-polen-polen-capital-management/portfolio
david-m-polen-polen-capital-management,FTAI,FTAI AVIATION LTD,540944.0,"$540,944",https://valuesider.com/guru/david-m-polen-polen-capital-management/portfolio
david-m-polen-polen-capital-management,GPS,GAP INC/THE,329216.0,"$329,216",https://valuesider.com/guru/david-m-polen-polen-capital-management/portfolio
david-m-polen-polen-capital-management,IT,GARTNER INC,2208301.0,"$2,208,301",https://valuesider.com/guru/david-m-polen-polen-capital-management/portfolio
david-m-polen-polen-capital-management,WGS,GENEDX HOLDINGS CORP,7785522.0,"$7,785,522",https://valuesider.com/guru/david-m-polen-polen-capital-management/portfolio
david-m-polen-polen-capital-management,CATH,GLOBAL X S&P 500 CA VAL ETF,2266661.0,"$2,266,661",https://valuesider.com/guru/david-m-polen-polen-capital-management/portfolio
david-m-polen-polen-capital-management,GLOB,GLOBANT SA,5913474.0,"$5,913,474",https://valuesider.com/guru/david-m-polen-polen-capital-management/portfolio
david-m-polen-polen-capital-management,TSM,TAIWAN SEMICONDUCTOR-SP ADR,60958295.0,"$60,958,295",https://valuesider.com/guru/david-m-polen-polen-capital-management/portfolio
david-m-polen-polen-capital-management,TLN,TALEN ENERGY CORP,505659.0,"$505,659",https://valuesider.com/guru/david-m-polen-polen-capital-management/portfolio
david-m-polen-polen-capital-management,TSHA,TAYSHA GENE THERAPIES INC,861223.0,"$861,223",https://valuesider.com/guru/david-m-polen-polen-capital-management/portfolio
david-m-polen-polen-capital-management,FTI,TECHNIPFMC PLC,1600372.0,"$1,600,372",https://valuesider.com/guru/david-m-polen-polen-capital-management/portfolio
david-m-polen-polen-capital-management,TEM,TEMPUS AI INC,221792.0,"$221,792",https://valuesider.com/guru/david-m-polen-polen-capital-management/portfolio
david-m-polen-polen-capital-management,TME,TENCENT MUSIC ENTERTAINM-ADR,7230547.0,"$7,230,547",https://valuesider.com/guru/david-m-polen-polen-capital-management/portfolio
david-m-polen-polen-capital-management,TSLA,TESLA INC,3674662.0,"$3,674,662",https://valuesider.com/guru/david-m-polen-polen-capital-management/portfolio
david-m-polen-polen-capital-management,TMO,THERMO FISHER SCIENTIFIC INC,1336900.0,"$1,336,900",https://valuesider.com/guru/david-m-polen-polen-capital-management/portfolio
david-m-polen-polen-capital-management,TDUP,THREDUP INC - CLASS A,930480.0,"$930,480",https://valuesider.com/guru/david-m-polen-polen-capital-management/portfolio
david-m-polen-polen-capital-management,TMDX,TRANSMEDICS GROUP INC,1317226.0,"$1,317,226",https://valuesider.com/guru/david-m-polen-polen-capital-management/portfolio
david-m-polen-polen-capital-management,TWLO,TWILIO INC - A,434685.0,"$434,685",https://valuesider.com/guru/david-m-polen-polen-capital-management/portfolio
david-m-polen-polen-capital-management,UBER,UBER TECHNOLOGIES INC,291360965.0,"$291,360,965",https://valuesider.com/guru/david-m-polen-polen-capital-management/portfolio
david-m-polen-polen-capital-management,ULS,UL SOLUTIONS INC - CLASS A,269701.0,"$269,701",https://valuesider.com/guru/david-m-polen-polen-capital-management/portfolio
david-m-polen-polen-capital-management,UNH,UNITEDHEALTH GROUP INC,395225.0,"$395,225",https://valuesider.com/guru/david-m-polen-polen-capital-management/portfolio
david-m-polen-polen-capital-management,U,UNITY SOFTWARE INC,240682.0,"$240,682",https://valuesider.com/guru/david-m-polen-polen-capital-management/portfolio
david-m-polen-polen-capital-management,UPWK,UPWORK INC,854460.0,"$854,460",https://valuesider.com/guru/david-m-polen-polen-capital-management/portfolio
david-m-polen-polen-capital-management,VUG,VANGUARD GROWTH ETF,16159762.0,"$16,159,762",https://valuesider.com/guru/david-m-polen-polen-capital-management/portfolio
david-m-polen-polen-capital-management,VT,VANGUARD TOT WORLD STK ETF,4738429.0,"$4,738,429",https://valuesider.com/guru/david-m-polen-polen-capital-management/portfolio
david-m-polen-polen-capital-management,VTI,VANGUARD TOTAL STOCK MKT ETF,1903328.0,"$1,903,328",https://valuesider.com/guru/david-m-polen-polen-capital-management/portfolio
david-m-polen-polen-capital-management,VELO,VELO3D INC,548171.0,"$548,171",https://valuesider.com/guru/david-m-polen-polen-capital-management/portfolio
david-m-polen-polen-capital-management,VCTR,VICTORY CAPITAL HOLDING - A,703138.0,"$703,138",https://valuesider.com/guru/david-m-polen-polen-capital-management/portfolio
david-m-polen-polen-capital-management,V,VISA INC-CLASS A SHARES,1183766189.0,"$1,183,766,189",https://valuesider.com/guru/david-m-polen-polen-capital-management/portfolio
david-m-polen-polen-capital-management,VSEC,VSE CORP,5941560.0,"$5,941,560",https://valuesider.com/guru/david-m-polen-polen-capital-management/portfolio
david-m-polen-polen-capital-management,W,WAYFAIR INC- CLASS A,2696711.0,"$2,696,711",https://valuesider.com/guru/david-m-polen-polen-capital-management/portfolio
david-m-polen-polen-capital-management,WAL,WESTERN ALLIANCE BANCORP,319214.0,"$319,214",https://valuesider.com/guru/david-m-polen-polen-capital-management/portfolio
david-m-polen-polen-capital-management,WLTW,WILLIS TOWERS WATSON PLC,9011880.0,"$9,011,880",https://valuesider.com/guru/david-m-polen-polen-capital-management/portfolio
david-m-polen-polen-capital-management,WINA,WINMARK CORP,347843.0,"$347,843",https://valuesider.com/guru/david-m-polen-polen-capital-management/portfolio
david-m-polen-polen-capital-management,WDAY,WORKDAY INC-CLASS A,2315815.0,"$2,315,815",https://valuesider.com/guru/david-m-polen-polen-capital-management/portfolio
david-m-polen-polen-capital-management,XERS,XERIS BIOPHARMA HOLDINGS INC,1047316.0,"$1,047,316",https://valuesider.com/guru/david-m-polen-polen-capital-management/portfolio
david-m-polen-polen-capital-management,XMTR,XOMETRY INC-A,1327430.0,"$1,327,430",https://valuesider.com/guru/david-m-polen-polen-capital-management/portfolio
david-m-polen-polen-capital-management,ZTS,ZOETIS INC,699894961.0,"$699,894,961",https://valuesider.com/guru/david-m-polen-polen-capital-management/portfolio
david-m-polen-polen-capital-management,GHM,GRAHAM CORP,399318.0,"$399,318",https://valuesider.com/guru/david-m-polen-polen-capital-management/portfolio
david-m-polen-polen-capital-management,GRAL,GRAIL INC,1157690.0,"$1,157,690",https://valuesider.com/guru/david-m-polen-polen-capital-management/portfolio
david-m-polen-polen-capital-management,GRBK,GREEN BRICK PARTNERS INC,408919.0,"$408,919",https://valuesider.com/guru/david-m-polen-polen-capital-management/portfolio
david-m-polen-polen-capital-management,GDYN,GRID DYNAMICS HOLDINGS INC,175028.0,"$175,028",https://valuesider.com/guru/david-m-polen-polen-capital-management/portfolio
david-m-polen-polen-capital-management,GGAL,GRUPO FINANCIERO GALICIA-ADR,1152860.0,"$1,152,860",https://valuesider.com/guru/david-m-polen-polen-capital-management/portfolio
david-m-polen-polen-capital-management,GH,GUARDANT HEALTH INC,2008787.0,"$2,008,787",https://valuesider.com/guru/david-m-polen-polen-capital-management/portfolio
david-m-polen-polen-capital-management,HCI,HCI GROUP INC,3474573.0,"$3,474,573",https://valuesider.com/guru/david-m-polen-polen-capital-management/portfolio
david-m-polen-polen-capital-management,HDB,HDFC BANK LTD-ADR,13410415.0,"$13,410,415",https://valuesider.com/guru/david-m-polen-polen-capital-management/portfolio
david-m-polen-polen-capital-management,HQY,HEALTHEQUITY INC,456218.0,"$456,218",https://valuesider.com/guru/david-m-polen-polen-capital-management/portfolio
david-m-polen-polen-capital-management,HLLY,HOLLEY INC,318142.0,"$318,142",https://valuesider.com/guru/david-m-polen-polen-capital-management/portfolio
david-m-polen-polen-capital-management,HHH,HOWARD HUGHES HOLDINGS INC,1115185.0,"$1,115,185",https://valuesider.com/guru/david-m-polen-polen-capital-management/portfolio
david-m-polen-polen-capital-management,HURN,HURON CONSULTING GROUP INC,2608520.0,"$2,608,520",https://valuesider.com/guru/david-m-polen-polen-capital-management/portfolio
david-m-polen-polen-capital-management,IBN,ICICI BANK LTD-SPON ADR,3691396.0,"$3,691,396",https://valuesider.com/guru/david-m-polen-polen-capital-management/portfolio
david-m-polen-polen-capital-management,ICLR,ICON PLC,19170588.0,"$19,170,588",https://valuesider.com/guru/david-m-polen-polen-capital-management/portfolio
david-m-polen-polen-capital-management,IDXX,IDEXX LABORATORIES INC,649831919.0,"$649,831,919",https://valuesider.com/guru/david-m-polen-polen-capital-management/portfolio
david-m-polen-polen-capital-management,IESC,IES HOLDINGS INC,4256268.0,"$4,256,268",https://valuesider.com/guru/david-m-polen-polen-capital-management/portfolio
david-m-polen-polen-capital-management,IHRT,IHEARTMEDIA INC - CLASS A,646947.0,"$646,947",https://valuesider.com/guru/david-m-polen-polen-capital-management/portfolio
david-m-polen-polen-capital-management,INTU,INTUIT INC,339593775.0,"$339,593,775",https://valuesider.com/guru/david-m-polen-polen-capital-management/portfolio
david-m-polen-polen-capital-management,ISRG,INTUITIVE SURGICAL INC,477224970.0,"$477,224,970",https://valuesider.com/guru/david-m-polen-polen-capital-management/portfolio
david-m-polen-polen-capital-management,IRMD,IRADIMED CORP,2615956.0,"$2,615,956",https://valuesider.com/guru/david-m-polen-polen-capital-management/portfolio
david-m-polen-polen-capital-management,SAP,SAP SE-SPONSORED ADR,56678735.0,"$56,678,735",https://valuesider.com/guru/david-m-polen-polen-capital-management/portfolio
david-m-polen-polen-capital-management,SRRK,SCHOLAR ROCK HOLDING CORP,958616.0,"$958,616",https://valuesider.com/guru/david-m-polen-polen-capital-management/portfolio
david-m-polen-polen-capital-management,SE,SEA LTD-ADR,5448541.0,"$5,448,541",https://valuesider.com/guru/david-m-polen-polen-capital-management/portfolio
david-m-polen-polen-capital-management,SERV,SERVE ROBOTICS INC,226627.0,"$226,627",https://valuesider.com/guru/david-m-polen-polen-capital-management/portfolio
david-m-polen-polen-capital-management,NOW,SERVICENOW INC,870239781.0,"$870,239,781",https://valuesider.com/guru/david-m-polen-polen-capital-management/portfolio
david-m-polen-polen-capital-management,TTAN,SERVICETITAN INC-A,316838.0,"$316,838",https://valuesider.com/guru/david-m-polen-polen-capital-management/portfolio
david-m-polen-polen-capital-management,SES,SES AI CORP,608681.0,"$608,681",https://valuesider.com/guru/david-m-polen-polen-capital-management/portfolio
david-m-polen-polen-capital-management,SHOP,SHOPIFY INC - CLASS A,1159285211.0,"$1,159,285,211",https://valuesider.com/guru/david-m-polen-polen-capital-management/portfolio
david-m-polen-polen-capital-management,SION,SIONNA THERAPEUTICS INC,1285954.0,"$1,285,954",https://valuesider.com/guru/david-m-polen-polen-capital-management/portfolio
david-m-polen-polen-capital-management,SKYW,SKYWEST INC,439796.0,"$439,796",https://valuesider.com/guru/david-m-polen-polen-capital-management/portfolio
david-m-polen-polen-capital-management,SOFI,SOFI TECHNOLOGIES INC,3074841.0,"$3,074,841",https://valuesider.com/guru/david-m-polen-polen-capital-management/portfolio
david-m-polen-polen-capital-management,SOI,SOLARIS OILFIELD INFRAST-A,1314604.0,"$1,314,604",https://valuesider.com/guru/david-m-polen-polen-capital-management/portfolio
david-m-polen-polen-capital-management,SOPH,SOPHIA GENETICS SA,101516.0,"$101,516",https://valuesider.com/guru/david-m-polen-polen-capital-management/portfolio
david-m-polen-polen-capital-management,SPY,SPDR S&P 500 ETF TRUST,4580746.0,"$4,580,746",https://valuesider.com/guru/david-m-polen-polen-capital-management/portfolio
david-m-polen-polen-capital-management,SPOT,SPOTIFY TECHNOLOGY SA,41612380.0,"$41,612,380",https://valuesider.com/guru/david-m-polen-polen-capital-management/portfolio
david-m-polen-polen-capital-management,SBUX,STARBUCKS CORP,571390749.0,"$571,390,749",https://valuesider.com/guru/david-m-polen-polen-capital-management/portfolio
david-m-polen-polen-capital-management,STRL,STERLING CONSTRUCTION CO,597761.0,"$597,761",https://valuesider.com/guru/david-m-polen-polen-capital-management/portfolio
david-m-polen-polen-capital-management,SSYS,STRATASYS LTD,282039.0,"$282,039",https://valuesider.com/guru/david-m-polen-polen-capital-management/portfolio
david-m-polen-polen-capital-management,SYM,SYMBOTIC INC,255731.0,"$255,731",https://valuesider.com/guru/david-m-polen-polen-capital-management/portfolio
david-m-polen-polen-capital-management,SNPS,SYNOPSYS INC,396857503.0,"$396,857,503",https://valuesider.com/guru/david-m-polen-polen-capital-management/portfolio
david-m-polen-polen-capital-management,PTON,PELOTON INTERACTIVE INC-A,226657.0,"$226,657",https://valuesider.com/guru/david-m-polen-polen-capital-management/portfolio
david-m-polen-polen-capital-management,PSNL,PERSONALIS INC,403612.0,"$403,612",https://valuesider.com/guru/david-m-polen-polen-capital-management/portfolio
david-m-polen-polen-capital-management,PDD,PINDUODUO INC-ADR,3552395.0,"$3,552,395",https://valuesider.com/guru/david-m-polen-polen-capital-management/portfolio
david-m-polen-polen-capital-management,PBI,PITNEY BOWES INC,641705.0,"$641,705",https://valuesider.com/guru/david-m-polen-polen-capital-management/portfolio
david-m-polen-polen-capital-management,PL,PLANET LABS PBC,2199529.0,"$2,199,529",https://valuesider.com/guru/david-m-polen-polen-capital-management/portfolio
david-m-polen-polen-capital-management,PRCH,PORCH GROUP INC,490126.0,"$490,126",https://valuesider.com/guru/david-m-polen-polen-capital-management/portfolio
david-m-polen-polen-capital-management,POWL,POWELL INDUSTRIES INC,6484304.0,"$6,484,304",https://valuesider.com/guru/david-m-polen-polen-capital-management/portfolio
david-m-polen-polen-capital-management,PGEN,PRECIGEN INC,175957.0,"$175,957",https://valuesider.com/guru/david-m-polen-polen-capital-management/portfolio
david-m-polen-polen-capital-management,PLPC,PREFORMED LINE PRODUCTS CO,1169979.0,"$1,169,979",https://valuesider.com/guru/david-m-polen-polen-capital-management/portfolio
david-m-polen-polen-capital-management,PTGX,PROTAGONIST THERAPEUTICS INC,1777282.0,"$1,777,282",https://valuesider.com/guru/david-m-polen-polen-capital-management/portfolio
david-m-polen-polen-capital-management,PRLB,PROTO LABS INC,209847.0,"$209,847",https://valuesider.com/guru/david-m-polen-polen-capital-management/portfolio
david-m-polen-polen-capital-management,METC,RAMACO RESOURCES INC-A,1593126.0,"$1,593,126",https://valuesider.com/guru/david-m-polen-polen-capital-management/portfolio
david-m-polen-polen-capital-management,REAL,REALREAL INC/THE,2762889.0,"$2,762,889",https://valuesider.com/guru/david-m-polen-polen-capital-management/portfolio
david-m-polen-polen-capital-management,RDVT,RED VIOLET INC,1727180.0,"$1,727,180",https://valuesider.com/guru/david-m-polen-polen-capital-management/portfolio
david-m-polen-polen-capital-management,RHLD,RESOLUTE HOLDINGS MANAG,4317483.0,"$4,317,483",https://valuesider.com/guru/david-m-polen-polen-capital-management/portfolio
david-m-polen-polen-capital-management,RR,RICHTECH ROBOTICS INC-CL B,207683.0,"$207,683",https://valuesider.com/guru/david-m-polen-polen-capital-management/portfolio
david-m-polen-polen-capital-management,RKLB,ROCKET LAB CORP,1069002.0,"$1,069,002",https://valuesider.com/guru/david-m-polen-polen-capital-management/portfolio
david-m-polen-polen-capital-management,ROIV,ROIVANT SCIENCES LTD,209665.0,"$209,665",https://valuesider.com/guru/david-m-polen-polen-capital-management/portfolio
david-m-polen-polen-capital-management,CRM,SALESFORCECOM INC,683775.0,"$683,775",https://valuesider.com/guru/david-m-polen-polen-capital-management/portfolio
david-m-polen-polen-capital-management,SNDK,SANDISK CORP,441527.0,"$441,527",https://valuesider.com/guru/david-m-polen-polen-capital-management/portfolio
david-m-polen-polen-capital-management,IRS,IRSA -SP ADR,1702148.0,"$1,702,148",https://valuesider.com/guru/david-m-polen-polen-capital-management/portfolio
david-m-polen-polen-capital-management,SGOV,ISHARES 0-3 MONTH TREASURY B,499089.0,"$499,089",https://valuesider.com/guru/david-m-polen-polen-capital-management/portfolio
david-m-polen-polen-capital-management,IVV,ISHARES CORE S&P 500 ETF,9362445.0,"$9,362,445",https://valuesider.com/guru/david-m-polen-polen-capital-management/portfolio
david-m-polen-polen-capital-management,IOO,ISHARES GLOBAL 100 ETF,347418.0,"$347,418",https://valuesider.com/guru/david-m-polen-polen-capital-management/portfolio
david-m-polen-polen-capital-management,ACWI,ISHARES MSCI ACWI ETF,86327787.0,"$86,327,787",https://valuesider.com/guru/david-m-polen-polen-capital-management/portfolio
david-m-polen-polen-capital-management,ACWX,ISHARES MSCI ACWI EX US ETF,8509462.0,"$8,509,462",https://valuesider.com/guru/david-m-polen-polen-capital-management/portfolio
david-m-polen-polen-capital-management,IWF,ISHARES RUSSELL 1000 GROWTH,367321352.0,"$367,321,352",https://valuesider.com/guru/david-m-polen-polen-capital-management/portfolio
david-m-polen-polen-capital-management,IE,IVANHOE ELECTRIC INC / US,2522954.0,"$2,522,954",https://valuesider.com/guru/david-m-polen-polen-capital-management/portfolio
david-m-polen-polen-capital-management,FROG,JFROG LTD,617355.0,"$617,355",https://valuesider.com/guru/david-m-polen-polen-capital-management/portfolio
david-m-polen-polen-capital-management,JOBY,JOBY AVIATION INC,3300884.0,"$3,300,884",https://valuesider.com/guru/david-m-polen-polen-capital-management/portfolio
david-m-polen-polen-capital-management,KAR,KAR AUCTION SERVICES INC,1377593.0,"$1,377,593",https://valuesider.com/guru/david-m-polen-polen-capital-management/portfolio
david-m-polen-polen-capital-management,KRMN,KARMAN HOLDINGS INC,472312.0,"$472,312",https://valuesider.com/guru/david-m-polen-polen-capital-management/portfolio
david-m-polen-polen-capital-management,KARO,KAROOOOO LTD,3404356.0,"$3,404,356",https://valuesider.com/guru/david-m-polen-polen-capital-management/portfolio
david-m-polen-polen-capital-management,KOD,KODIAK SCIENCES INC,1155866.0,"$1,155,866",https://valuesider.com/guru/david-m-polen-polen-capital-management/portfolio
david-m-polen-polen-capital-management,KTOS,KRATOS DEFENSE & SECURITY,1495199.0,"$1,495,199",https://valuesider.com/guru/david-m-polen-polen-capital-management/portfolio
david-m-polen-polen-capital-management,KURA,KURA ONCOLOGY INC,943900.0,"$943,900",https://valuesider.com/guru/david-m-polen-polen-capital-management/portfolio
david-m-polen-polen-capital-management,SWIM,LATHAM GROUP INC,713664.0,"$713,664",https://valuesider.com/guru/david-m-polen-polen-capital-management/portfolio
david-m-polen-polen-capital-management,LTH,LIFE TIME GROUP HOLDINGS INC,255407.0,"$255,407",https://valuesider.com/guru/david-m-polen-polen-capital-management/portfolio
david-m-polen-polen-capital-management,LMB,LIMBACH HOLDINGS INC,458692.0,"$458,692",https://valuesider.com/guru/david-m-polen-polen-capital-management/portfolio
david-m-polen-polen-capital-management,LQDA,LIQUIDIA CORP,1156726.0,"$1,156,726",https://valuesider.com/guru/david-m-polen-polen-capital-management/portfolio
david-m-polen-polen-capital-management,NFLX,NETFLIX INC,16295175.0,"$16,295,175",https://valuesider.com/guru/david-m-polen-polen-capital-management/portfolio
david-m-polen-polen-capital-management,NAMS,NEWAMSTERDAM PHARMA CO NV,394264.0,"$394,264",https://valuesider.com/guru/david-m-polen-polen-capital-management/portfolio
david-m-polen-polen-capital-management,NMRK,NEWMARK GROUP INC-CLASS A,409553.0,"$409,553",https://valuesider.com/guru/david-m-polen-polen-capital-management/portfolio
david-m-polen-polen-capital-management,LASR,NLIGHT INC,2311516.0,"$2,311,516",https://valuesider.com/guru/david-m-polen-polen-capital-management/portfolio
david-m-polen-polen-capital-management,NRG,NRG ENERGY INC,482975.0,"$482,975",https://valuesider.com/guru/david-m-polen-polen-capital-management/portfolio
david-m-polen-polen-capital-management,NU,NU HOLDINGS LTD/CAYMAN ISL-A,19382182.0,"$19,382,182",https://valuesider.com/guru/david-m-polen-polen-capital-management/portfolio
david-m-polen-polen-capital-management,SMR,NUSCALE POWER CORP,915595.0,"$915,595",https://valuesider.com/guru/david-m-polen-polen-capital-management/portfolio
david-m-polen-polen-capital-management,NUVL,NUVALENT INC-A,639652.0,"$639,652",https://valuesider.com/guru/david-m-polen-polen-capital-management/portfolio
david-m-polen-polen-capital-management,NVDA,NVIDIA CORP,993692985.0,"$993,692,985",https://valuesider.com/guru/david-m-polen-polen-capital-management/portfolio
david-m-polen-polen-capital-management,ODD,ODDITY TECH LTD-CL A,649912.0,"$649,912",https://valuesider.com/guru/david-m-polen-polen-capital-management/portfolio
david-m-polen-polen-capital-management,OLMA,OLEMA PHARMACEUTICALS INC,380150.0,"$380,150",https://valuesider.com/guru/david-m-polen-polen-capital-management/portfolio
david-m-polen-polen-capital-management,ONON,ON HOLDING AG-CLASS A,9039553.0,"$9,039,553",https://valuesider.com/guru/david-m-polen-polen-capital-management/portfolio
david-m-polen-polen-capital-management,OPY,OPPENHEIMER HOLDINGS-CL A,1181435.0,"$1,181,435",https://valuesider.com/guru/david-m-polen-polen-capital-management/portfolio
david-m-polen-polen-capital-management,OPFI,OPPFI INC,423337.0,"$423,337",https://valuesider.com/guru/david-m-polen-polen-capital-management/portfolio
david-m-polen-polen-capital-management,ORCL,ORACLE CORP,1400525092.0,"$1,400,525,092",https://valuesider.com/guru/david-m-polen-polen-capital-management/portfolio
david-m-polen-polen-capital-management,OSCR,OSCAR HEALTH INC - CLASS A,197659.0,"$197,659",https://valuesider.com/guru/david-m-polen-polen-capital-management/portfolio
david-m-polen-polen-capital-management,PACB,PACIFIC BIOSCIENCES OF CALIF,256469.0,"$256,469",https://valuesider.com/guru/david-m-polen-polen-capital-management/portfolio
david-m-polen-polen-capital-management,PGY,PAGAYA TECHNOLOGIES LTD -A,1327087.0,"$1,327,087",https://valuesider.com/guru/david-m-polen-polen-capital-management/portfolio
david-m-polen-polen-capital-management,PAYC,PAYCOM SOFTWARE INC,292430057.0,"$292,430,057",https://valuesider.com/guru/david-m-polen-polen-capital-management/portfolio
david-m-polen-polen-capital-management,PYPL,PAYPAL HOLDINGS INC,203599.0,"$203,599",https://valuesider.com/guru/david-m-polen-polen-capital-management/portfolio
david-m-polen-polen-capital-management,LYFT,LYFT INC-A,353289.0,"$353,289",https://valuesider.com/guru/david-m-polen-polen-capital-management/portfolio
david-m-polen-polen-capital-management,MSGE,MADISON SQUARE GARDEN ENTERT,2265566.0,"$2,265,566",https://valuesider.com/guru/david-m-polen-polen-capital-management/portfolio
david-m-polen-polen-capital-management,MMYT,MAKEMYTRIP LTD,4406429.0,"$4,406,429",https://valuesider.com/guru/david-m-polen-polen-capital-management/portfolio
david-m-polen-polen-capital-management,MMMB,MAMAMANCINI'S HOLDINGS INC,445022.0,"$445,022",https://valuesider.com/guru/david-m-polen-polen-capital-management/portfolio
david-m-polen-polen-capital-management,MA,MASTERCARD INC - A,1216959930.0,"$1,216,959,930",https://valuesider.com/guru/david-m-polen-polen-capital-management/portfolio
david-m-polen-polen-capital-management,MEDP,MEDPACE HOLDINGS INC,390908.0,"$390,908",https://valuesider.com/guru/david-m-polen-polen-capital-management/portfolio
david-m-polen-polen-capital-management,MDT,MEDTRONIC PLC,8117020.0,"$8,117,020",https://valuesider.com/guru/david-m-polen-polen-capital-management/portfolio
david-m-polen-polen-capital-management,MELI,MERCADOLIBRE INC,96523261.0,"$96,523,261",https://valuesider.com/guru/david-m-polen-polen-capital-management/portfolio
david-m-polen-polen-capital-management,MESO,MESOBLAST LTD- SPON ADR,415010.0,"$415,010",https://valuesider.com/guru/david-m-polen-polen-capital-management/portfolio
david-m-polen-polen-capital-management,MSFT,MICROSOFT CORP,1890947237.0,"$1,890,947,237",https://valuesider.com/guru/david-m-polen-polen-capital-management/portfolio
david-m-polen-polen-capital-management,TIGO,MILLICOM INTL CELLULAR SA,980456.0,"$980,456",https://valuesider.com/guru/david-m-polen-polen-capital-management/portfolio
david-m-polen-polen-capital-management,MIR,MIRION TECHNOLOGIES INC,1859993.0,"$1,859,993",https://valuesider.com/guru/david-m-polen-polen-capital-management/portfolio
david-m-polen-polen-capital-management,MIRM,MIRUM PHARMACEUTICALS INC,1055306.0,"$1,055,306",https://valuesider.com/guru/david-m-polen-polen-capital-management/portfolio
david-m-polen-polen-capital-management,MOD,MODINE MANUFACTURING CO,1910395.0,"$1,910,395",https://valuesider.com/guru/david-m-polen-polen-capital-management/portfolio
david-m-polen-polen-capital-management,MNDY,MONDAYCOM LTD,11706290.0,"$11,706,290",https://valuesider.com/guru/david-m-polen-polen-capital-management/portfolio
david-m-polen-polen-capital-management,MSCI,MSCI INC,763683617.0,"$763,683,617",https://valuesider.com/guru/david-m-polen-polen-capital-management/portfolio
david-m-polen-polen-capital-management,MLI,MUELLER INDUSTRIES INC,312256.0,"$312,256",https://valuesider.com/guru/david-m-polen-polen-capital-management/portfolio
david-m-polen-polen-capital-management,MYTE,MYT NETHERLANDS PARENT BV,419654.0,"$419,654",https://valuesider.com/guru/david-m-polen-polen-capital-management/portfolio
david-m-polen-polen-capital-management,NSSC,NAPCO SECURITY TECHNOLOGIES,524044.0,"$524,044",https://valuesider.com/guru/david-m-polen-polen-capital-management/portfolio
david-m-polen-polen-capital-management,NTRA,NATERA INC,315228.0,"$315,228",https://valuesider.com/guru/david-m-polen-polen-capital-management/portfolio
paul-isaac-arbiter-partners-capital-management,GOOGL,ALPHABET INC-CL A,3756000.0,"$3,756,000",https://valuesider.com/guru/paul-isaac-arbiter-partners-capital-management/portfolio
paul-isaac-arbiter-partners-capital-management,ARVN,ARVINAS INC,5370078.0,"$5,370,078",https://valuesider.com/guru/paul-isaac-arbiter-partners-capital-management/portfolio
paul-isaac-arbiter-partners-capital-management,AVBC,AVIDIA BANCORP INC,551368.0,"$551,368",https://valuesider.com/guru/paul-isaac-arbiter-partners-capital-management/portfolio
paul-isaac-arbiter-partners-capital-management,BTG,B2GOLD CORP,112750.0,"$112,750",https://valuesider.com/guru/paul-isaac-arbiter-partners-capital-management/portfolio
paul-isaac-arbiter-partners-capital-management,CBL,CBL & ASSOCIATES PROPERTIES,4449028.0,"$4,449,028",https://valuesider.com/guru/paul-isaac-arbiter-partners-capital-management/portfolio
paul-isaac-arbiter-partners-capital-management,CLPR,CLIPPER REALTY INC,86401.0,"$86,401",https://valuesider.com/guru/paul-isaac-arbiter-partners-capital-management/portfolio
paul-isaac-arbiter-partners-capital-management,CWBC,COMMUNITY WEST BANCSHARES,986940.0,"$986,940",https://valuesider.com/guru/paul-isaac-arbiter-partners-capital-management/portfolio
paul-isaac-arbiter-partners-capital-management,CRBG,COREBRIDGE FINANCIAL INC,8147559.0,"$8,147,559",https://valuesider.com/guru/paul-isaac-arbiter-partners-capital-management/portfolio
paul-isaac-arbiter-partners-capital-management,DVN,DEVON ENERGY CORP,329670.0,"$329,670",https://valuesider.com/guru/paul-isaac-arbiter-partners-capital-management/portfolio
paul-isaac-arbiter-partners-capital-management,ELE,ELEMENTAL ROYALTY CORP,458750.0,"$458,750",https://valuesider.com/guru/paul-isaac-arbiter-partners-capital-management/portfolio
paul-isaac-arbiter-partners-capital-management,GNW,GENWORTH FINANCIAL INC-CL A,4401222.0,"$4,401,222",https://valuesider.com/guru/paul-isaac-arbiter-partners-capital-management/portfolio
paul-isaac-arbiter-partners-capital-management,GROY,GOLD ROYALTY CORP,317544.0,"$317,544",https://valuesider.com/guru/paul-isaac-arbiter-partners-capital-management/portfolio
paul-isaac-arbiter-partners-capital-management,GRAL,GRAIL INC,88636747.0,"$88,636,747",https://valuesider.com/guru/paul-isaac-arbiter-partners-capital-management/portfolio
paul-isaac-arbiter-partners-capital-management,GEF.B,GREIF INC-CL B,14716395.0,"$14,716,395",https://valuesider.com/guru/paul-isaac-arbiter-partners-capital-management/portfolio
paul-isaac-arbiter-partners-capital-management,LRE,LEAD REAL ESTATE CO LTD,29037.0,"$29,037",https://valuesider.com/guru/paul-isaac-arbiter-partners-capital-management/portfolio
paul-isaac-arbiter-partners-capital-management,LEN.B,LENNAR CORP - B SHS,535430.0,"$535,430",https://valuesider.com/guru/paul-isaac-arbiter-partners-capital-management/portfolio
paul-isaac-arbiter-partners-capital-management,LESL,LESLIE'S INC,392101.0,"$392,101",https://valuesider.com/guru/paul-isaac-arbiter-partners-capital-management/portfolio
paul-isaac-arbiter-partners-capital-management,LILA,LIBERTY LATIN AMERIC-CL A,1215515.0,"$1,215,515",https://valuesider.com/guru/paul-isaac-arbiter-partners-capital-management/portfolio
paul-isaac-arbiter-partners-capital-management,LILAK,LIBERTY LATIN AMERIC-CL C,2678498.0,"$2,678,498",https://valuesider.com/guru/paul-isaac-arbiter-partners-capital-management/portfolio
paul-isaac-arbiter-partners-capital-management,MRT,MARTI TECHNOLOGIES INC,544946.0,"$544,946",https://valuesider.com/guru/paul-isaac-arbiter-partners-capital-management/portfolio
paul-isaac-arbiter-partners-capital-management,MTA,METALLA ROYALTY & STREAMING,264520.0,"$264,520",https://valuesider.com/guru/paul-isaac-arbiter-partners-capital-management/portfolio
paul-isaac-arbiter-partners-capital-management,MTG,MGIC INVESTMENT CORP,2162280.0,"$2,162,280",https://valuesider.com/guru/paul-isaac-arbiter-partners-capital-management/portfolio
paul-isaac-arbiter-partners-capital-management,MLCI,MOUNT LOGAN CAPITAL INC,292919.0,"$292,919",https://valuesider.com/guru/paul-isaac-arbiter-partners-capital-management/portfolio
paul-isaac-arbiter-partners-capital-management,NAVI,NAVIENT CORP,2016222.0,"$2,016,222",https://valuesider.com/guru/paul-isaac-arbiter-partners-capital-management/portfolio
paul-isaac-arbiter-partners-capital-management,NMM,NAVIOS MARITIME PARTNERS LP,1300264.0,"$1,300,264",https://valuesider.com/guru/paul-isaac-arbiter-partners-capital-management/portfolio
paul-isaac-arbiter-partners-capital-management,NRZ,NEW RESIDENTIAL INVESTMENT,218000.0,"$218,000",https://valuesider.com/guru/paul-isaac-arbiter-partners-capital-management/portfolio
paul-isaac-arbiter-partners-capital-management,NODK,NI HOLDINGS INC,683514.0,"$683,514",https://valuesider.com/guru/paul-isaac-arbiter-partners-capital-management/portfolio
paul-isaac-arbiter-partners-capital-management,OLN,OLIN CORP,268707.0,"$268,707",https://valuesider.com/guru/paul-isaac-arbiter-partners-capital-management/portfolio
paul-isaac-arbiter-partners-capital-management,OABI,OMNIAB INC,356282.0,"$356,282",https://valuesider.com/guru/paul-isaac-arbiter-partners-capital-management/portfolio
paul-isaac-arbiter-partners-capital-management,OPRT,OPORTUN FINANCIAL CORP,746467.0,"$746,467",https://valuesider.com/guru/paul-isaac-arbiter-partners-capital-management/portfolio
paul-isaac-arbiter-partners-capital-management,OPY,OPPENHEIMER HOLDINGS-CL A,3975878.0,"$3,975,878",https://valuesider.com/guru/paul-isaac-arbiter-partners-capital-management/portfolio
paul-isaac-arbiter-partners-capital-management,ODV,OSISKO DEVELOPMENT CORP,3273110.0,"$3,273,110",https://valuesider.com/guru/paul-isaac-arbiter-partners-capital-management/portfolio
paul-isaac-arbiter-partners-capital-management,SENEA,SENECA FOODS CORP - CL A,203449.0,"$203,449",https://valuesider.com/guru/paul-isaac-arbiter-partners-capital-management/portfolio
paul-isaac-arbiter-partners-capital-management,SHG,SHINHAN FINANCIAL GROUP-ADR,7410003.0,"$7,410,003",https://valuesider.com/guru/paul-isaac-arbiter-partners-capital-management/portfolio
paul-isaac-arbiter-partners-capital-management,SPNT,SIRIUSPOINT LTD,4396212.0,"$4,396,212",https://valuesider.com/guru/paul-isaac-arbiter-partners-capital-management/portfolio
paul-isaac-arbiter-partners-capital-management,SNDA,SONIDA SENIOR LIVING INC,5906528.0,"$5,906,528",https://valuesider.com/guru/paul-isaac-arbiter-partners-capital-management/portfolio
paul-isaac-arbiter-partners-capital-management,STXS,STEREOTAXIS INC,6632869.0,"$6,632,869",https://valuesider.com/guru/paul-isaac-arbiter-partners-capital-management/portfolio
paul-isaac-arbiter-partners-capital-management,TBN,TAMBORAN RESOURCES CORP,1557883.0,"$1,557,883",https://valuesider.com/guru/paul-isaac-arbiter-partners-capital-management/portfolio
paul-isaac-arbiter-partners-capital-management,TRC,TEJON RANCH CO,216711.0,"$216,711",https://valuesider.com/guru/paul-isaac-arbiter-partners-capital-management/portfolio
paul-isaac-arbiter-partners-capital-management,TFPM,TRIPLE FLAG PRECIOUS MET,2391840.0,"$2,391,840",https://valuesider.com/guru/paul-isaac-arbiter-partners-capital-management/portfolio
paul-isaac-arbiter-partners-capital-management,VET,VERMILION ENERGY INC,2224595.0,"$2,224,595",https://valuesider.com/guru/paul-isaac-arbiter-partners-capital-management/portfolio
paul-isaac-arbiter-partners-capital-management,VOXR,VOX ROYALTY CORP,577901.0,"$577,901",https://valuesider.com/guru/paul-isaac-arbiter-partners-capital-management/portfolio
paul-isaac-arbiter-partners-capital-management,WFRD,WEATHERFORD INTERNATIONAL PL,782600.0,"$782,600",https://valuesider.com/guru/paul-isaac-arbiter-partners-capital-management/portfolio
thomas-russo-gardner-russo--quinn,ABT,ABBOTT LABORATORIES,1442088.0,"$1,442,088",https://valuesider.com/guru/thomas-russo-gardner-russo--quinn/portfolio
thomas-russo-gardner-russo--quinn,ABBV,ABBVIE INC,2835561.0,"$2,835,561",https://valuesider.com/guru/thomas-russo-gardner-russo--quinn/portfolio
thomas-russo-gardner-russo--quinn,AKBLF,ALK-ABELLO A/S,1258098.0,"$1,258,098",https://valuesider.com/guru/thomas-russo-gardner-russo--quinn/portfolio
thomas-russo-gardner-russo--quinn,GOOGL,ALPHABET INC-CL A,4668708.0,"$4,668,708",https://valuesider.com/guru/thomas-russo-gardner-russo--quinn/portfolio
thomas-russo-gardner-russo--quinn,GOOG,ALPHABET INC-CL C,1233609619.0,"$1,233,609,619",https://valuesider.com/guru/thomas-russo-gardner-russo--quinn/portfolio
thomas-russo-gardner-russo--quinn,MO,ALTRIA GROUP INC,9500738.0,"$9,500,738",https://valuesider.com/guru/thomas-russo-gardner-russo--quinn/portfolio
thomas-russo-gardner-russo--quinn,AMZN,AMAZONCOM INC,240053.0,"$240,053",https://valuesider.com/guru/thomas-russo-gardner-russo--quinn/portfolio
thomas-russo-gardner-russo--quinn,AXP,AMERICAN EXPRESS CO,4498592.0,"$4,498,592",https://valuesider.com/guru/thomas-russo-gardner-russo--quinn/portfolio
thomas-russo-gardner-russo--quinn,BUDFF,ANHEUSER-BUSCH INBEV SA/NV,17120336.0,"$17,120,336",https://valuesider.com/guru/thomas-russo-gardner-russo--quinn/portfolio
thomas-russo-gardner-russo--quinn,AAPL,APPLE INC,1270674.0,"$1,270,674",https://valuesider.com/guru/thomas-russo-gardner-russo--quinn/portfolio
thomas-russo-gardner-russo--quinn,ASHTF,ASHTEAD GROUP PLC,418100738.0,"$418,100,738",https://valuesider.com/guru/thomas-russo-gardner-russo--quinn/portfolio
thomas-russo-gardner-russo--quinn,BRK.A,BERKSHIRE HATHAWAY INC CL-A,1123142400.0,"$1,123,142,400",https://valuesider.com/guru/thomas-russo-gardner-russo--quinn/portfolio
thomas-russo-gardner-russo--quinn,BRK.B,BERKSHIRE HATHAWAY INC CL-B,565679797.0,"$565,679,797",https://valuesider.com/guru/thomas-russo-gardner-russo--quinn/portfolio
thomas-russo-gardner-russo--quinn,BF.A,BROWN-FORMAN CORP-CLASS A,43887565.0,"$43,887,565",https://valuesider.com/guru/thomas-russo-gardner-russo--quinn/portfolio
thomas-russo-gardner-russo--quinn,BF.B,BROWN-FORMAN CORP-CLASS B,18455144.0,"$18,455,144",https://valuesider.com/guru/thomas-russo-gardner-russo--quinn/portfolio
thomas-russo-gardner-russo--quinn,CABJF,CARLSBERG AS-B,3032518.0,"$3,032,518",https://valuesider.com/guru/thomas-russo-gardner-russo--quinn/portfolio
thomas-russo-gardner-russo--quinn,CAT,CATERPILLAR INC,315079.0,"$315,079",https://valuesider.com/guru/thomas-russo-gardner-russo--quinn/portfolio
thomas-russo-gardner-russo--quinn,CVX,CHEVRON CORP,406935.0,"$406,935",https://valuesider.com/guru/thomas-russo-gardner-russo--quinn/portfolio
thomas-russo-gardner-russo--quinn,COCXF,CHOCOLADEFABRIKEN LINDT-REG,2203850.0,"$2,203,850",https://valuesider.com/guru/thomas-russo-gardner-russo--quinn/portfolio
thomas-russo-gardner-russo--quinn,CFRHF,CIE FINANCIERE RICHEMO-A REG,760539180.0,"$760,539,180",https://valuesider.com/guru/thomas-russo-gardner-russo--quinn/portfolio
thomas-russo-gardner-russo--quinn,KO,COCA-COLA CO/THE,953572.0,"$953,572",https://valuesider.com/guru/thomas-russo-gardner-russo--quinn/portfolio
thomas-russo-gardner-russo--quinn,CFDZF,COFIDE SPA,207442.0,"$207,442",https://valuesider.com/guru/thomas-russo-gardner-russo--quinn/portfolio
thomas-russo-gardner-russo--quinn,CMCSA,COMCAST CORP-CLASS A,68752881.0,"$68,752,881",https://valuesider.com/guru/thomas-russo-gardner-russo--quinn/portfolio
thomas-russo-gardner-russo--quinn,COST,COSTCO WHOLESALE CORP,3987295.0,"$3,987,295",https://valuesider.com/guru/thomas-russo-gardner-russo--quinn/portfolio
thomas-russo-gardner-russo--quinn,CR,CRANE CO,10033176.0,"$10,033,176",https://valuesider.com/guru/thomas-russo-gardner-russo--quinn/portfolio
thomas-russo-gardner-russo--quinn,DVDCF,DAVIDE CAMPARI-MILANO NV,1574663.0,"$1,574,663",https://valuesider.com/guru/thomas-russo-gardner-russo--quinn/portfolio
thomas-russo-gardner-russo--quinn,DELHF,DE'LONGHI SPA,1511077.0,"$1,511,077",https://valuesider.com/guru/thomas-russo-gardner-russo--quinn/portfolio
thomas-russo-gardner-russo--quinn,WILLF,DEMANT A/S,1387383.0,"$1,387,383",https://valuesider.com/guru/thomas-russo-gardner-russo--quinn/portfolio
thomas-russo-gardner-russo--quinn,DGEAF,DIAGEO PLC,2799618.0,"$2,799,618",https://valuesider.com/guru/thomas-russo-gardner-russo--quinn/portfolio
thomas-russo-gardner-russo--quinn,DASH,DOORDASH INC - A,210732166.0,"$210,732,166",https://valuesider.com/guru/thomas-russo-gardner-russo--quinn/portfolio
thomas-russo-gardner-russo--quinn,DOV,DOVER CORP,3812256.0,"$3,812,256",https://valuesider.com/guru/thomas-russo-gardner-russo--quinn/portfolio
thomas-russo-gardner-russo--quinn,ECTXF,ELECTROLUX PROFESSIONAL AB-B,1414501.0,"$1,414,501",https://valuesider.com/guru/thomas-russo-gardner-russo--quinn/portfolio
thomas-russo-gardner-russo--quinn,XOM,EXXON MOBIL CORP,23229624.0,"$23,229,624",https://valuesider.com/guru/thomas-russo-gardner-russo--quinn/portfolio
thomas-russo-gardner-russo--quinn,FBLA,FB BANCORP INC,642500.0,"$642,500",https://valuesider.com/guru/thomas-russo-gardner-russo--quinn/portfolio
thomas-russo-gardner-russo--quinn,FLMNF,FIELMANN GROUP AG,1314486.0,"$1,314,486",https://valuesider.com/guru/thomas-russo-gardner-russo--quinn/portfolio
thomas-russo-gardner-russo--quinn,FLUIF,FLUIDRA SA,1604815.0,"$1,604,815",https://valuesider.com/guru/thomas-russo-gardner-russo--quinn/portfolio
thomas-russo-gardner-russo--quinn,FULT,FULTON FINANCIAL CORP,1045753.0,"$1,045,753",https://valuesider.com/guru/thomas-russo-gardner-russo--quinn/portfolio
thomas-russo-gardner-russo--quinn,GNRC,GENERAC HOLDINGS INC,306833.0,"$306,833",https://valuesider.com/guru/thomas-russo-gardner-russo--quinn/portfolio
thomas-russo-gardner-russo--quinn,HKHHF,HEINEKEN HOLDING NV,674248483.0,"$674,248,483",https://valuesider.com/guru/thomas-russo-gardner-russo--quinn/portfolio
thomas-russo-gardner-russo--quinn,HINKF,HEINEKEN NV,1239322.0,"$1,239,322",https://valuesider.com/guru/thomas-russo-gardner-russo--quinn/portfolio
thomas-russo-gardner-russo--quinn,HMRZF,HENNES & MAURITZ AB-B SHS,1290580.0,"$1,290,580",https://valuesider.com/guru/thomas-russo-gardner-russo--quinn/portfolio
thomas-russo-gardner-russo--quinn,HRI,HERC HOLDINGS INC,957051.0,"$957,051",https://valuesider.com/guru/thomas-russo-gardner-russo--quinn/portfolio
thomas-russo-gardner-russo--quinn,PHJMF,HM SAMPOERNA TBK PT,217392.0,"$217,392",https://valuesider.com/guru/thomas-russo-gardner-russo--quinn/portfolio
thomas-russo-gardner-russo--quinn,HRL,HORMEL FOODS CORP,470090.0,"$470,090",https://valuesider.com/guru/thomas-russo-gardner-russo--quinn/portfolio
thomas-russo-gardner-russo--quinn,H,HYATT HOTELS CORP - CL A,1390776.0,"$1,390,776",https://valuesider.com/guru/thomas-russo-gardner-russo--quinn/portfolio
thomas-russo-gardner-russo--quinn,IBM,INTL BUSINESS MACHINES CORP,222158.0,"$222,158",https://valuesider.com/guru/thomas-russo-gardner-russo--quinn/portfolio
thomas-russo-gardner-russo--quinn,JBT,JOHN BEAN TECHNOLOGIES CORP,1092358.0,"$1,092,358",https://valuesider.com/guru/thomas-russo-gardner-russo--quinn/portfolio
thomas-russo-gardner-russo--quinn,JNJ,JOHNSON & JOHNSON,201983.0,"$201,983",https://valuesider.com/guru/thomas-russo-gardner-russo--quinn/portfolio
thomas-russo-gardner-russo--quinn,JPM,JPMORGAN CHASE & CO,170395414.0,"$170,395,414",https://valuesider.com/guru/thomas-russo-gardner-russo--quinn/portfolio
thomas-russo-gardner-russo--quinn,KMROF,KALMAR OYJ-B SHARE,1142693.0,"$1,142,693",https://valuesider.com/guru/thomas-russo-gardner-russo--quinn/portfolio
thomas-russo-gardner-russo--quinn,KNCRF,KONECRANES OYJ,2034682.0,"$2,034,682",https://valuesider.com/guru/thomas-russo-gardner-russo--quinn/portfolio
thomas-russo-gardner-russo--quinn,LRLCF,L'OREAL,1595200.0,"$1,595,200",https://valuesider.com/guru/thomas-russo-gardner-russo--quinn/portfolio
thomas-russo-gardner-russo--quinn,LAMR,LAMAR ADVERTISING CO-A NEW,756189.0,"$756,189",https://valuesider.com/guru/thomas-russo-gardner-russo--quinn/portfolio
thomas-russo-gardner-russo--quinn,LEVI,LEVI STRAUSS & CO- CLASS A,989817.0,"$989,817",https://valuesider.com/guru/thomas-russo-gardner-russo--quinn/portfolio
thomas-russo-gardner-russo--quinn,LOTB,LOTUS BAKERIES,1060235.0,"$1,060,235",https://valuesider.com/guru/thomas-russo-gardner-russo--quinn/portfolio
thomas-russo-gardner-russo--quinn,LTG,LT GROUP INC,445919.0,"$445,919",https://valuesider.com/guru/thomas-russo-gardner-russo--quinn/portfolio
thomas-russo-gardner-russo--quinn,MKL,MARKEL CORP,13497652.0,"$13,497,652",https://valuesider.com/guru/thomas-russo-gardner-russo--quinn/portfolio
thomas-russo-gardner-russo--quinn,MLM,MARTIN MARIETTA MATERIALS,452432234.0,"$452,432,234",https://valuesider.com/guru/thomas-russo-gardner-russo--quinn/portfolio
thomas-russo-gardner-russo--quinn,MA,MASTERCARD INC - A,905414977.0,"$905,414,977",https://valuesider.com/guru/thomas-russo-gardner-russo--quinn/portfolio
thomas-russo-gardner-russo--quinn,MKC,MCCORMICK & CO-NON VTG SHRS,2769761.0,"$2,769,761",https://valuesider.com/guru/thomas-russo-gardner-russo--quinn/portfolio
thomas-russo-gardner-russo--quinn,MCD,MCDONALD'S CORP,276595.0,"$276,595",https://valuesider.com/guru/thomas-russo-gardner-russo--quinn/portfolio
thomas-russo-gardner-russo--quinn,MSFT,MICROSOFT CORP,1791812.0,"$1,791,812",https://valuesider.com/guru/thomas-russo-gardner-russo--quinn/portfolio
thomas-russo-gardner-russo--quinn,NSRGF,NESTLE SA-REG,1106186.0,"$1,106,186",https://valuesider.com/guru/thomas-russo-gardner-russo--quinn/portfolio
thomas-russo-gardner-russo--quinn,NSRGY,NESTLE SA-SPONS ADR,554863285.0,"$554,863,285",https://valuesider.com/guru/thomas-russo-gardner-russo--quinn/portfolio
thomas-russo-gardner-russo--quinn,NFLX,NETFLIX INC,469246766.0,"$469,246,766",https://valuesider.com/guru/thomas-russo-gardner-russo--quinn/portfolio
thomas-russo-gardner-russo--quinn,ORCL,ORACLE CORP,677312.0,"$677,312",https://valuesider.com/guru/thomas-russo-gardner-russo--quinn/portfolio
thomas-russo-gardner-russo--quinn,OUT,OUTFRONT MEDIA INC,377816.0,"$377,816",https://valuesider.com/guru/thomas-russo-gardner-russo--quinn/portfolio
thomas-russo-gardner-russo--quinn,PEP,PEPSICO INC,1405630.0,"$1,405,630",https://valuesider.com/guru/thomas-russo-gardner-russo--quinn/portfolio
thomas-russo-gardner-russo--quinn,PDRDF,PERNOD RICARD SA,219256459.0,"$219,256,459",https://valuesider.com/guru/thomas-russo-gardner-russo--quinn/portfolio
thomas-russo-gardner-russo--quinn,PM,PHILIP MORRIS INTERNATIONAL,753480359.0,"$753,480,359",https://valuesider.com/guru/thomas-russo-gardner-russo--quinn/portfolio
thomas-russo-gardner-russo--quinn,PNC,PNC FINANCIAL SERVICES GROUP,782738.0,"$782,738",https://valuesider.com/guru/thomas-russo-gardner-russo--quinn/portfolio
thomas-russo-gardner-russo--quinn,PG,PROCTER & GAMBLE CO/THE,1712698.0,"$1,712,698",https://valuesider.com/guru/thomas-russo-gardner-russo--quinn/portfolio
thomas-russo-gardner-russo--quinn,PUIGF,PUIG BRANDS SA-B,1187557.0,"$1,187,557",https://valuesider.com/guru/thomas-russo-gardner-russo--quinn/portfolio
thomas-russo-gardner-russo--quinn,RTLLF,RATIONAL AG,757476.0,"$757,476",https://valuesider.com/guru/thomas-russo-gardner-russo--quinn/portfolio
thomas-russo-gardner-russo--quinn,SSPPF,SSP GROUP PLC,1828730.0,"$1,828,730",https://valuesider.com/guru/thomas-russo-gardner-russo--quinn/portfolio
thomas-russo-gardner-russo--quinn,SWZ,SWISS HELVETIA FUND,909884.0,"$909,884",https://valuesider.com/guru/thomas-russo-gardner-russo--quinn/portfolio
thomas-russo-gardner-russo--quinn,UBER,UBER TECHNOLOGIES INC,420402853.0,"$420,402,853",https://valuesider.com/guru/thomas-russo-gardner-russo--quinn/portfolio
thomas-russo-gardner-russo--quinn,UNP,UNION PACIFIC CORP,5779216.0,"$5,779,216",https://valuesider.com/guru/thomas-russo-gardner-russo--quinn/portfolio
thomas-russo-gardner-russo--quinn,UNM,UNUM GROUP,294500.0,"$294,500",https://valuesider.com/guru/thomas-russo-gardner-russo--quinn/portfolio
thomas-russo-gardner-russo--quinn,V,VISA INC-CLASS A SHARES,38163561.0,"$38,163,561",https://valuesider.com/guru/thomas-russo-gardner-russo--quinn/portfolio
thomas-russo-gardner-russo--quinn,VMC,VULCAN MATERIALS CO,2256661.0,"$2,256,661",https://valuesider.com/guru/thomas-russo-gardner-russo--quinn/portfolio
thomas-russo-gardner-russo--quinn,WMT,WALMART INC,1132483.0,"$1,132,483",https://valuesider.com/guru/thomas-russo-gardner-russo--quinn/portfolio
thomas-russo-gardner-russo--quinn,DIS,WALT DISNEY CO/THE,285528.0,"$285,528",https://valuesider.com/guru/thomas-russo-gardner-russo--quinn/portfolio
thomas-russo-gardner-russo--quinn,WRBY,WARBY PARKER INC-CLASS A,1416350.0,"$1,416,350",https://valuesider.com/guru/thomas-russo-gardner-russo--quinn/portfolio
thomas-russo-gardner-russo--quinn,WFC,WELLS FARGO & CO,742287.0,"$742,287",https://valuesider.com/guru/thomas-russo-gardner-russo--quinn/portfolio
thomas-russo-gardner-russo--quinn,YETI,YETI HOLDINGS INC,1060080.0,"$1,060,080",https://valuesider.com/guru/thomas-russo-gardner-russo--quinn/portfolio
thomas-russo-gardner-russo--quinn,ZLDSF,ZALANDO SE,833296.0,"$833,296",https://valuesider.com/guru/thomas-russo-gardner-russo--quinn/portfolio
thomas-graham-alan-irving-kahns-kahn-brothers-group,GOOG,ALPHABET INC-CL C,42493540.0,"$42,493,540",https://valuesider.com/guru/thomas-graham-alan-irving-kahns-kahn-brothers-group/portfolio
thomas-graham-alan-irving-kahns-kahn-brothers-group,AXP,AMERICAN EXPRESS CO,225669.0,"$225,669",https://valuesider.com/guru/thomas-graham-alan-irving-kahns-kahn-brothers-group/portfolio
thomas-graham-alan-irving-kahns-kahn-brothers-group,AM,ANTERO MIDSTREAM CORP,335448.0,"$335,448",https://valuesider.com/guru/thomas-graham-alan-irving-kahns-kahn-brothers-group/portfolio
thomas-graham-alan-irving-kahns-kahn-brothers-group,AR,ANTERO RESOURCES CORP,215099.0,"$215,099",https://valuesider.com/guru/thomas-graham-alan-irving-kahns-kahn-brothers-group/portfolio
thomas-graham-alan-irving-kahns-kahn-brothers-group,AAPL,APPLE INC,840591.0,"$840,591",https://valuesider.com/guru/thomas-graham-alan-irving-kahns-kahn-brothers-group/portfolio
thomas-graham-alan-irving-kahns-kahn-brothers-group,AGO,ASSURED GUARANTY LTD,279495.0,"$279,495",https://valuesider.com/guru/thomas-graham-alan-irving-kahns-kahn-brothers-group/portfolio
thomas-graham-alan-irving-kahns-kahn-brothers-group,BAC,BANK OF AMERICA CORP,576620.0,"$576,620",https://valuesider.com/guru/thomas-graham-alan-irving-kahns-kahn-brothers-group/portfolio
thomas-graham-alan-irving-kahns-kahn-brothers-group,BAYRY,BAYER AG-SPONSORED ADR,73082408.0,"$73,082,408",https://valuesider.com/guru/thomas-graham-alan-irving-kahns-kahn-brothers-group/portfolio
thomas-graham-alan-irving-kahns-kahn-brothers-group,BX,BLACKSTONE INC,354522.0,"$354,522",https://valuesider.com/guru/thomas-graham-alan-irving-kahns-kahn-brothers-group/portfolio
thomas-graham-alan-irving-kahns-kahn-brothers-group,BP,BP PLC-SPONS ADR,36063701.0,"$36,063,701",https://valuesider.com/guru/thomas-graham-alan-irving-kahns-kahn-brothers-group/portfolio
thomas-graham-alan-irving-kahns-kahn-brothers-group,BMY,BRISTOL-MYERS SQUIBB CO,10906452.0,"$10,906,452",https://valuesider.com/guru/thomas-graham-alan-irving-kahns-kahn-brothers-group/portfolio
thomas-graham-alan-irving-kahns-kahn-brothers-group,BN,BROOKFIELD CORP,233117.0,"$233,117",https://valuesider.com/guru/thomas-graham-alan-irving-kahns-kahn-brothers-group/portfolio
thomas-graham-alan-irving-kahns-kahn-brothers-group,CVX,CHEVRON CORP,305277.0,"$305,277",https://valuesider.com/guru/thomas-graham-alan-irving-kahns-kahn-brothers-group/portfolio
thomas-graham-alan-irving-kahns-kahn-brothers-group,C,CITIGROUP INC COM NEW,102252879.0,"$102,252,879",https://valuesider.com/guru/thomas-graham-alan-irving-kahns-kahn-brothers-group/portfolio
thomas-graham-alan-irving-kahns-kahn-brothers-group,CMCSA,COMCAST CORP-CLASS A,209977.0,"$209,977",https://valuesider.com/guru/thomas-graham-alan-irving-kahns-kahn-brothers-group/portfolio
thomas-graham-alan-irving-kahns-kahn-brothers-group,CSX,CSX CORP,1360498.0,"$1,360,498",https://valuesider.com/guru/thomas-graham-alan-irving-kahns-kahn-brothers-group/portfolio
thomas-graham-alan-irving-kahns-kahn-brothers-group,DB,DEUTSCHE BANK AG-REGISTERED,385600.0,"$385,600",https://valuesider.com/guru/thomas-graham-alan-irving-kahns-kahn-brothers-group/portfolio
thomas-graham-alan-irving-kahns-kahn-brothers-group,XOM,EXXON MOBIL CORP,2432913.0,"$2,432,913",https://valuesider.com/guru/thomas-graham-alan-irving-kahns-kahn-brothers-group/portfolio
thomas-graham-alan-irving-kahns-kahn-brothers-group,FRFHF,FAIRFAX FINANCIAL HLDGS LTD,1942925.0,"$1,942,925",https://valuesider.com/guru/thomas-graham-alan-irving-kahns-kahn-brothers-group/portfolio
thomas-graham-alan-irving-kahns-kahn-brothers-group,FBAK,FIRST NATIONAL BANK ALASKA,1474770.0,"$1,474,770",https://valuesider.com/guru/thomas-graham-alan-irving-kahns-kahn-brothers-group/portfolio
thomas-graham-alan-irving-kahns-kahn-brothers-group,FLG,FLAGSTAR FINANCIAL INC,52591099.0,"$52,591,099",https://valuesider.com/guru/thomas-graham-alan-irving-kahns-kahn-brothers-group/portfolio
thomas-graham-alan-irving-kahns-kahn-brothers-group,GNE,GENIE ENERGY LTD-B,2622499.0,"$2,622,499",https://valuesider.com/guru/thomas-graham-alan-irving-kahns-kahn-brothers-group/portfolio
thomas-graham-alan-irving-kahns-kahn-brothers-group,GSK,GSK PLC-SPON ADR,8763251.0,"$8,763,251",https://valuesider.com/guru/thomas-graham-alan-irving-kahns-kahn-brothers-group/portfolio
thomas-graham-alan-irving-kahns-kahn-brothers-group,HLN,HALEON,660395.0,"$660,395",https://valuesider.com/guru/thomas-graham-alan-irving-kahns-kahn-brothers-group/portfolio
thomas-graham-alan-irving-kahns-kahn-brothers-group,IDT,IDT CORP-CLASS B,20074883.0,"$20,074,883",https://valuesider.com/guru/thomas-graham-alan-irving-kahns-kahn-brothers-group/portfolio
thomas-graham-alan-irving-kahns-kahn-brothers-group,IBM,INTL BUSINESS MACHINES CORP,363745.0,"$363,745",https://valuesider.com/guru/thomas-graham-alan-irving-kahns-kahn-brothers-group/portfolio
thomas-graham-alan-irving-kahns-kahn-brothers-group,JPM,JPMORGAN CHASE & CO,1117458.0,"$1,117,458",https://valuesider.com/guru/thomas-graham-alan-irving-kahns-kahn-brothers-group/portfolio
thomas-graham-alan-irving-kahns-kahn-brothers-group,MBI,MBIA INC,7366093.0,"$7,366,093",https://valuesider.com/guru/thomas-graham-alan-irving-kahns-kahn-brothers-group/portfolio
thomas-graham-alan-irving-kahns-kahn-brothers-group,MRK,MERCK & CO INC,45272674.0,"$45,272,674",https://valuesider.com/guru/thomas-graham-alan-irving-kahns-kahn-brothers-group/portfolio
thomas-graham-alan-irving-kahns-kahn-brothers-group,MSFT,MICROSOFT CORP,1156819.0,"$1,156,819",https://valuesider.com/guru/thomas-graham-alan-irving-kahns-kahn-brothers-group/portfolio
thomas-graham-alan-irving-kahns-kahn-brothers-group,NAVI,NAVIENT CORP,267800.0,"$267,800",https://valuesider.com/guru/thomas-graham-alan-irving-kahns-kahn-brothers-group/portfolio
thomas-graham-alan-irving-kahns-kahn-brothers-group,NVS,NOVARTIS AG-SPONSORED ADR,1885785.0,"$1,885,785",https://valuesider.com/guru/thomas-graham-alan-irving-kahns-kahn-brothers-group/portfolio
thomas-graham-alan-irving-kahns-kahn-brothers-group,NVDA,NVIDIA CORP,324680.0,"$324,680",https://valuesider.com/guru/thomas-graham-alan-irving-kahns-kahn-brothers-group/portfolio
thomas-graham-alan-irving-kahns-kahn-brothers-group,OBT,ORANGE COUNTY BANCORP INC,228400.0,"$228,400",https://valuesider.com/guru/thomas-graham-alan-irving-kahns-kahn-brothers-group/portfolio
thomas-graham-alan-irving-kahns-kahn-brothers-group,OGN,ORGANON & CO,26023163.0,"$26,023,163",https://valuesider.com/guru/thomas-graham-alan-irving-kahns-kahn-brothers-group/portfolio
thomas-graham-alan-irving-kahns-kahn-brothers-group,PTEN,PATTERSON-UTI ENERGY INC,10643699.0,"$10,643,699",https://valuesider.com/guru/thomas-graham-alan-irving-kahns-kahn-brothers-group/portfolio
thomas-graham-alan-irving-kahns-kahn-brothers-group,PEP,PEPSICO INC,258336.0,"$258,336",https://valuesider.com/guru/thomas-graham-alan-irving-kahns-kahn-brothers-group/portfolio
thomas-graham-alan-irving-kahns-kahn-brothers-group,PEYUF,PEYTO EXPLORATION & DEV CORP,527850.0,"$527,850",https://valuesider.com/guru/thomas-graham-alan-irving-kahns-kahn-brothers-group/portfolio
thomas-graham-alan-irving-kahns-kahn-brothers-group,PFE,PFIZER INC,13793355.0,"$13,793,355",https://valuesider.com/guru/thomas-graham-alan-irving-kahns-kahn-brothers-group/portfolio
thomas-graham-alan-irving-kahns-kahn-brothers-group,PIFYF,PINE CLIFF ENERGY LTD,307310.0,"$307,310",https://valuesider.com/guru/thomas-graham-alan-irving-kahns-kahn-brothers-group/portfolio
thomas-graham-alan-irving-kahns-kahn-brothers-group,PNC,PNC FINANCIAL SERVICES GROUP,471103.0,"$471,103",https://valuesider.com/guru/thomas-graham-alan-irving-kahns-kahn-brothers-group/portfolio
thomas-graham-alan-irving-kahns-kahn-brothers-group,PG,PROCTER & GAMBLE CO/THE,267559.0,"$267,559",https://valuesider.com/guru/thomas-graham-alan-irving-kahns-kahn-brothers-group/portfolio
thomas-graham-alan-irving-kahns-kahn-brothers-group,PEG,PUBLIC SERVICE ENTERPRISE GP,355247.0,"$355,247",https://valuesider.com/guru/thomas-graham-alan-irving-kahns-kahn-brothers-group/portfolio
thomas-graham-alan-irving-kahns-kahn-brothers-group,RFL,RAFAEL HOLDINGS INC-CLASS B,69910.0,"$69,910",https://valuesider.com/guru/thomas-graham-alan-irving-kahns-kahn-brothers-group/portfolio
thomas-graham-alan-irving-kahns-kahn-brothers-group,SEB,SEABOARD CORP,32380513.0,"$32,380,513",https://valuesider.com/guru/thomas-graham-alan-irving-kahns-kahn-brothers-group/portfolio
thomas-graham-alan-irving-kahns-kahn-brothers-group,SEG,SEAPORT ENTERTAINMENT GROUP,11588580.0,"$11,588,580",https://valuesider.com/guru/thomas-graham-alan-irving-kahns-kahn-brothers-group/portfolio
thomas-graham-alan-irving-kahns-kahn-brothers-group,SEIC,SEI INVESTMENTS COMPANY,541003.0,"$541,003",https://valuesider.com/guru/thomas-graham-alan-irving-kahns-kahn-brothers-group/portfolio
thomas-graham-alan-irving-kahns-kahn-brothers-group,TRMLF,TOURMALINE OIL CORP,1211049.0,"$1,211,049",https://valuesider.com/guru/thomas-graham-alan-irving-kahns-kahn-brothers-group/portfolio
thomas-graham-alan-irving-kahns-kahn-brothers-group,,TPHGREENWICH TRUST UNI,0.0,$0,https://valuesider.com/guru/thomas-graham-alan-irving-kahns-kahn-brothers-group/portfolio
thomas-graham-alan-irving-kahns-kahn-brothers-group,VZ,VERIZON COMMUNICATIONS INC,331827.0,"$331,827",https://valuesider.com/guru/thomas-graham-alan-irving-kahns-kahn-brothers-group/portfolio
thomas-graham-alan-irving-kahns-kahn-brothers-group,DIS,WALT DISNEY CO/THE,44867361.0,"$44,867,361",https://valuesider.com/guru/thomas-graham-alan-irving-kahns-kahn-brothers-group/portfolio
thomas-graham-alan-irving-kahns-kahn-brothers-group,WBS,WEBSTER FINANCIAL CORP,1877689.0,"$1,877,689",https://valuesider.com/guru/thomas-graham-alan-irving-kahns-kahn-brothers-group/portfolio
thomas-graham-alan-irving-kahns-kahn-brothers-group,WRLC,WINDROCK LTD CO,250360.0,"$250,360",https://valuesider.com/guru/thomas-graham-alan-irving-kahns-kahn-brothers-group/portfolio
thomas-graham-alan-irving-kahns-kahn-brothers-group,ZDGE,ZEDGE INC-CL B,270790.0,"$270,790",https://valuesider.com/guru/thomas-graham-alan-irving-kahns-kahn-brothers-group/portfolio
donald-smith-co,ASIX,ADVANSIX INC,4254935.0,"$4,254,935",https://valuesider.com/guru/donald-smith-co/portfolio
donald-smith-co,AER,AERCAP HOLDINGS NV,443169671.0,"$443,169,671",https://valuesider.com/guru/donald-smith-co/portfolio
donald-smith-co,AFLYY,AIR FRANCE-KLM-ADR,5977538.0,"$5,977,538",https://valuesider.com/guru/donald-smith-co/portfolio
donald-smith-co,ASTL,ALGOMA STEEL GROUP INC,24032687.0,"$24,032,687",https://valuesider.com/guru/donald-smith-co/portfolio
donald-smith-co,ALGT,ALLEGIANT TRAVEL CO,144779762.0,"$144,779,762",https://valuesider.com/guru/donald-smith-co/portfolio
donald-smith-co,ALLY,ALLY FINANCIAL INC,123320549.0,"$123,320,549",https://valuesider.com/guru/donald-smith-co/portfolio
donald-smith-co,AZRE,AZURE POWER GLOBAL LTD,299126.0,"$299,126",https://valuesider.com/guru/donald-smith-co/portfolio
donald-smith-co,BZH,BEAZER HOMES USA INC,61109753.0,"$61,109,753",https://valuesider.com/guru/donald-smith-co/portfolio
donald-smith-co,VTOL,BRISTOW GROUP INC,6331488.0,"$6,331,488",https://valuesider.com/guru/donald-smith-co/portfolio
donald-smith-co,CGAU,CENTERRA GOLD INC,203452127.0,"$203,452,127",https://valuesider.com/guru/donald-smith-co/portfolio
donald-smith-co,CLDT,CHATHAM LODGING TRUST,31901772.0,"$31,901,772",https://valuesider.com/guru/donald-smith-co/portfolio
donald-smith-co,C,CITIGROUP INC COM NEW,147079577.0,"$147,079,577",https://valuesider.com/guru/donald-smith-co/portfolio
donald-smith-co,CIVI,CIVITAS RESOURCES INC,121511545.0,"$121,511,545",https://valuesider.com/guru/donald-smith-co/portfolio
donald-smith-co,CLCO,COOL CO LTD,7119500.0,"$7,119,500",https://valuesider.com/guru/donald-smith-co/portfolio
donald-smith-co,CRBG,COREBRIDGE FINANCIAL INC,131065087.0,"$131,065,087",https://valuesider.com/guru/donald-smith-co/portfolio
donald-smith-co,DC,DAKOTA GOLD CORP,6134400.0,"$6,134,400",https://valuesider.com/guru/donald-smith-co/portfolio
donald-smith-co,EGO,ELDORADO GOLD CORP,264371990.0,"$264,371,990",https://valuesider.com/guru/donald-smith-co/portfolio
donald-smith-co,EQX,EQUINOX GOLD CORP,98972537.0,"$98,972,537",https://valuesider.com/guru/donald-smith-co/portfolio
donald-smith-co,RE,EVEREST RE GROUP LTD,147853438.0,"$147,853,438",https://valuesider.com/guru/donald-smith-co/portfolio
donald-smith-co,GSM,FERROGLOBE PLC,24866099.0,"$24,866,099",https://valuesider.com/guru/donald-smith-co/portfolio
donald-smith-co,GAU,GALIANO GOLD INC,58079396.0,"$58,079,396",https://valuesider.com/guru/donald-smith-co/portfolio
donald-smith-co,GM,GENERAL MOTORS CO,138441608.0,"$138,441,608",https://valuesider.com/guru/donald-smith-co/portfolio
donald-smith-co,GNW,GENWORTH FINANCIAL INC-CL A,214695953.0,"$214,695,953",https://valuesider.com/guru/donald-smith-co/portfolio
donald-smith-co,GGB,GERDAU SA -SPON ADR,89340760.0,"$89,340,760",https://valuesider.com/guru/donald-smith-co/portfolio
donald-smith-co,GSL,GLOBAL SHIP LEASE INC-CL A,73181005.0,"$73,181,005",https://valuesider.com/guru/donald-smith-co/portfolio
donald-smith-co,GLNG,GOLAR LNG LTD,80062041.0,"$80,062,041",https://valuesider.com/guru/donald-smith-co/portfolio
donald-smith-co,GPL,GREAT PANTHER MINING LTD,47.0,$47,https://valuesider.com/guru/donald-smith-co/portfolio
donald-smith-co,HG,HAMILTON INSURANCE GROU-CL B,43325073.0,"$43,325,073",https://valuesider.com/guru/donald-smith-co/portfolio
donald-smith-co,HOG,HARLEY-DAVIDSON INC,182344690.0,"$182,344,690",https://valuesider.com/guru/donald-smith-co/portfolio
donald-smith-co,HMC,HONDA MOTOR CO LTD-SPONS ADR,78087449.0,"$78,087,449",https://valuesider.com/guru/donald-smith-co/portfolio
donald-smith-co,HOFT,HOOKER FURNISHINGS CORP,12043653.0,"$12,043,653",https://valuesider.com/guru/donald-smith-co/portfolio
donald-smith-co,HHH,HOWARD HUGHES HOLDINGS INC,81442697.0,"$81,442,697",https://valuesider.com/guru/donald-smith-co/portfolio
donald-smith-co,HBM,HUDBAY MINERALS INC,712873.0,"$712,873",https://valuesider.com/guru/donald-smith-co/portfolio
donald-smith-co,IAG,IAMGOLD CORP,323702113.0,"$323,702,113",https://valuesider.com/guru/donald-smith-co/portfolio
donald-smith-co,IWD,ISHARES RUSSELL 1000 VALUE E,2734420.0,"$2,734,420",https://valuesider.com/guru/donald-smith-co/portfolio
donald-smith-co,JXN,JACKSON FINANCIAL INC-A,208436760.0,"$208,436,760",https://valuesider.com/guru/donald-smith-co/portfolio
donald-smith-co,JRVR,JAMES RIVER GROUP HOLDINGS I,10628959.0,"$10,628,959",https://valuesider.com/guru/donald-smith-co/portfolio
donald-smith-co,KBH,KB HOME,40919476.0,"$40,919,476",https://valuesider.com/guru/donald-smith-co/portfolio
donald-smith-co,MHO,M/I HOMES INC,187234353.0,"$187,234,353",https://valuesider.com/guru/donald-smith-co/portfolio
donald-smith-co,MTUS,METALLUS INC,16536594.0,"$16,536,594",https://valuesider.com/guru/donald-smith-co/portfolio
donald-smith-co,MHK,MOHAWK INDUSTRIES INC,31588684.0,"$31,588,684",https://valuesider.com/guru/donald-smith-co/portfolio
donald-smith-co,MOS,MOSAIC CO/THE,111353736.0,"$111,353,736",https://valuesider.com/guru/donald-smith-co/portfolio
donald-smith-co,MPAA,MOTORCAR PARTS OF AMERICA IN,11849966.0,"$11,849,966",https://valuesider.com/guru/donald-smith-co/portfolio
donald-smith-co,NMIH,NMI HOLDINGS INC-CLASS A,15304694.0,"$15,304,694",https://valuesider.com/guru/donald-smith-co/portfolio
donald-smith-co,NMR,NOMURA HOLDINGS INC-SPON ADR,106515530.0,"$106,515,530",https://valuesider.com/guru/donald-smith-co/portfolio
donald-smith-co,PK,PARK HOTELS & RESORTS INC,152903454.0,"$152,903,454",https://valuesider.com/guru/donald-smith-co/portfolio
donald-smith-co,PPTA,PERPETUA RESOURCES CORP,5761980.0,"$5,761,980",https://valuesider.com/guru/donald-smith-co/portfolio
donald-smith-co,RDN,RADIAN GROUP INC,108411057.0,"$108,411,057",https://valuesider.com/guru/donald-smith-co/portfolio
donald-smith-co,RLJ,RLJ LODGING TRUST,97898543.0,"$97,898,543",https://valuesider.com/guru/donald-smith-co/portfolio
donald-smith-co,RYI,RYERSON HOLDING CORP,47550287.0,"$47,550,287",https://valuesider.com/guru/donald-smith-co/portfolio
donald-smith-co,SPNT,SIRIUSPOINT LTD,184510066.0,"$184,510,066",https://valuesider.com/guru/donald-smith-co/portfolio
donald-smith-co,TMHC,TAYLOR MORRISON HOME CORP,97295921.0,"$97,295,921",https://valuesider.com/guru/donald-smith-co/portfolio
donald-smith-co,TX,TERNIUM SA-SPONSORED ADR,145452153.0,"$145,452,153",https://valuesider.com/guru/donald-smith-co/portfolio
donald-smith-co,TWI,TITAN INTERNATIONAL INC,27339612.0,"$27,339,612",https://valuesider.com/guru/donald-smith-co/portfolio
donald-smith-co,TPC,TUTOR PERINI CORP,121311294.0,"$121,311,294",https://valuesider.com/guru/donald-smith-co/portfolio
donald-smith-co,UVE,UNIVERSAL INSURANCE HOLDINGS,38848841.0,"$38,848,841",https://valuesider.com/guru/donald-smith-co/portfolio
donald-smith-co,UNM,UNUM GROUP,101928930.0,"$101,928,930",https://valuesider.com/guru/donald-smith-co/portfolio
donald-smith-co,WSBF,WATERSTONE FINANCIAL INC,2114594.0,"$2,114,594",https://valuesider.com/guru/donald-smith-co/portfolio
donald-smith-co,WFG,WEST FRASER TIMBER CO LTD,91013690.0,"$91,013,690",https://valuesider.com/guru/donald-smith-co/portfolio
eric-schoenstein-jensen-investment-management,MMM,3M CO,4455423.0,"$4,455,423",https://valuesider.com/guru/eric-schoenstein-jensen-investment-management/portfolio
eric-schoenstein-jensen-investment-management,ABT,ABBOTT LABORATORIES,234676063.0,"$234,676,063",https://valuesider.com/guru/eric-schoenstein-jensen-investment-management/portfolio
eric-schoenstein-jensen-investment-management,ABBV,ABBVIE INC,2546293.0,"$2,546,293",https://valuesider.com/guru/eric-schoenstein-jensen-investment-management/portfolio
eric-schoenstein-jensen-investment-management,ACN,ACCENTURE PLC-CL A,17821559.0,"$17,821,559",https://valuesider.com/guru/eric-schoenstein-jensen-investment-management/portfolio
eric-schoenstein-jensen-investment-management,ADBE,ADOBE INC,12108604.0,"$12,108,604",https://valuesider.com/guru/eric-schoenstein-jensen-investment-management/portfolio
eric-schoenstein-jensen-investment-management,APD,AIR PRODUCTS & CHEMICALS INC,2231826.0,"$2,231,826",https://valuesider.com/guru/eric-schoenstein-jensen-investment-management/portfolio
eric-schoenstein-jensen-investment-management,GOOGL,ALPHABET INC-CL A,479582669.0,"$479,582,669",https://valuesider.com/guru/eric-schoenstein-jensen-investment-management/portfolio
eric-schoenstein-jensen-investment-management,AMZN,AMAZONCOM INC,261673709.0,"$261,673,709",https://valuesider.com/guru/eric-schoenstein-jensen-investment-management/portfolio
eric-schoenstein-jensen-investment-management,DOX,AMDOCS LTD,744718.0,"$744,718",https://valuesider.com/guru/eric-schoenstein-jensen-investment-management/portfolio
eric-schoenstein-jensen-investment-management,APH,AMPHENOL CORP-CL A,31148148.0,"$31,148,148",https://valuesider.com/guru/eric-schoenstein-jensen-investment-management/portfolio
eric-schoenstein-jensen-investment-management,AON,AON PLC-CLASS A,3741587.0,"$3,741,587",https://valuesider.com/guru/eric-schoenstein-jensen-investment-management/portfolio
eric-schoenstein-jensen-investment-management,AAPL,APPLE INC,537813026.0,"$537,813,026",https://valuesider.com/guru/eric-schoenstein-jensen-investment-management/portfolio
eric-schoenstein-jensen-investment-management,ADP,AUTOMATIC DATA PROCESSING,163022856.0,"$163,022,856",https://valuesider.com/guru/eric-schoenstein-jensen-investment-management/portfolio
eric-schoenstein-jensen-investment-management,BAF,BAJAJ FINANCE LTD,1053511.0,"$1,053,511",https://valuesider.com/guru/eric-schoenstein-jensen-investment-management/portfolio
eric-schoenstein-jensen-investment-management,BDX,BECTON DICKINSON AND CO,482458.0,"$482,458",https://valuesider.com/guru/eric-schoenstein-jensen-investment-management/portfolio
eric-schoenstein-jensen-investment-management,BBY,BEST BUY CO INC,1655514.0,"$1,655,514",https://valuesider.com/guru/eric-schoenstein-jensen-investment-management/portfolio
eric-schoenstein-jensen-investment-management,BAH,BOOZ ALLEN HAMILTON HOLDINGS,1387722.0,"$1,387,722",https://valuesider.com/guru/eric-schoenstein-jensen-investment-management/portfolio
eric-schoenstein-jensen-investment-management,AVGO,BROADCOM INC,61758430.0,"$61,758,430",https://valuesider.com/guru/eric-schoenstein-jensen-investment-management/portfolio
eric-schoenstein-jensen-investment-management,BR,BROADRIDGE FINANCIAL SOLUTIO,171717933.0,"$171,717,933",https://valuesider.com/guru/eric-schoenstein-jensen-investment-management/portfolio
eric-schoenstein-jensen-investment-management,CDNS,CADENCE DESIGN SYS INC,165562686.0,"$165,562,686",https://valuesider.com/guru/eric-schoenstein-jensen-investment-management/portfolio
eric-schoenstein-jensen-investment-management,CPB,CAMPBELL SOUP CO,875620.0,"$875,620",https://valuesider.com/guru/eric-schoenstein-jensen-investment-management/portfolio
eric-schoenstein-jensen-investment-management,CHD,CHURCH & DWIGHT CO INC,2897018.0,"$2,897,018",https://valuesider.com/guru/eric-schoenstein-jensen-investment-management/portfolio
eric-schoenstein-jensen-investment-management,CLX,CLOROX COMPANY,6903326.0,"$6,903,326",https://valuesider.com/guru/eric-schoenstein-jensen-investment-management/portfolio
eric-schoenstein-jensen-investment-management,KO,COCA-COLA CO/THE,7805591.0,"$7,805,591",https://valuesider.com/guru/eric-schoenstein-jensen-investment-management/portfolio
eric-schoenstein-jensen-investment-management,CTSH,COGNIZANT TECH SOLUTIONS-A,8941258.0,"$8,941,258",https://valuesider.com/guru/eric-schoenstein-jensen-investment-management/portfolio
eric-schoenstein-jensen-investment-management,CL,COLGATE-PALMOLIVE CO,9398165.0,"$9,398,165",https://valuesider.com/guru/eric-schoenstein-jensen-investment-management/portfolio
eric-schoenstein-jensen-investment-management,CPRT,COPART INC,84897441.0,"$84,897,441",https://valuesider.com/guru/eric-schoenstein-jensen-investment-management/portfolio
eric-schoenstein-jensen-investment-management,CCK,CROWN HOLDINGS INC,5859302.0,"$5,859,302",https://valuesider.com/guru/eric-schoenstein-jensen-investment-management/portfolio
eric-schoenstein-jensen-investment-management,DCI,DONALDSON CO INC,3552606.0,"$3,552,606",https://valuesider.com/guru/eric-schoenstein-jensen-investment-management/portfolio
eric-schoenstein-jensen-investment-management,ECL,ECOLAB INC,15740699.0,"$15,740,699",https://valuesider.com/guru/eric-schoenstein-jensen-investment-management/portfolio
eric-schoenstein-jensen-investment-management,LLY,ELI LILLY & CO,268484080.0,"$268,484,080",https://valuesider.com/guru/eric-schoenstein-jensen-investment-management/portfolio
eric-schoenstein-jensen-investment-management,EMR,EMERSON ELECTRIC CO,9940728.0,"$9,940,728",https://valuesider.com/guru/eric-schoenstein-jensen-investment-management/portfolio
eric-schoenstein-jensen-investment-management,EHC,ENCOMPASS HEALTH CORP,5377052.0,"$5,377,052",https://valuesider.com/guru/eric-schoenstein-jensen-investment-management/portfolio
eric-schoenstein-jensen-investment-management,EFX,EQUIFAX INC,178886774.0,"$178,886,774",https://valuesider.com/guru/eric-schoenstein-jensen-investment-management/portfolio
eric-schoenstein-jensen-investment-management,FFIV,F5 NETWORKS INC,3599166.0,"$3,599,166",https://valuesider.com/guru/eric-schoenstein-jensen-investment-management/portfolio
eric-schoenstein-jensen-investment-management,FDS,FACTSET RESEARCH SYSTEMS INC,3427144.0,"$3,427,144",https://valuesider.com/guru/eric-schoenstein-jensen-investment-management/portfolio
eric-schoenstein-jensen-investment-management,FICO,FAIR ISAAC CORP,2113275.0,"$2,113,275",https://valuesider.com/guru/eric-schoenstein-jensen-investment-management/portfolio
eric-schoenstein-jensen-investment-management,RACE,FERRARI NV,960856.0,"$960,856",https://valuesider.com/guru/eric-schoenstein-jensen-investment-management/portfolio
eric-schoenstein-jensen-investment-management,GIS,GENERAL MILLS INC,829793.0,"$829,793",https://valuesider.com/guru/eric-schoenstein-jensen-investment-management/portfolio
eric-schoenstein-jensen-investment-management,G,GENPACT LTD,5455718.0,"$5,455,718",https://valuesider.com/guru/eric-schoenstein-jensen-investment-management/portfolio
eric-schoenstein-jensen-investment-management,GNTX,GENTEX CORP,3107476.0,"$3,107,476",https://valuesider.com/guru/eric-schoenstein-jensen-investment-management/portfolio
eric-schoenstein-jensen-investment-management,GPC,GENUINE PARTS CO,328795.0,"$328,795",https://valuesider.com/guru/eric-schoenstein-jensen-investment-management/portfolio
eric-schoenstein-jensen-investment-management,HOLX,HOLOGIC INC,2085720.0,"$2,085,720",https://valuesider.com/guru/eric-schoenstein-jensen-investment-management/portfolio
eric-schoenstein-jensen-investment-management,HD,HOME DEPOT INC,858530.0,"$858,530",https://valuesider.com/guru/eric-schoenstein-jensen-investment-management/portfolio
eric-schoenstein-jensen-investment-management,IDXX,IDEXX LABORATORIES INC,2415889.0,"$2,415,889",https://valuesider.com/guru/eric-schoenstein-jensen-investment-management/portfolio
eric-schoenstein-jensen-investment-management,INTU,INTUIT INC,180826087.0,"$180,826,087",https://valuesider.com/guru/eric-schoenstein-jensen-investment-management/portfolio
eric-schoenstein-jensen-investment-management,JGRW,JENSEN QUALITY GROWTH ETF,14015322.0,"$14,015,322",https://valuesider.com/guru/eric-schoenstein-jensen-investment-management/portfolio
eric-schoenstein-jensen-investment-management,JNJ,JOHNSON & JOHNSON,2124549.0,"$2,124,549",https://valuesider.com/guru/eric-schoenstein-jensen-investment-management/portfolio
eric-schoenstein-jensen-investment-management,KEYS,KEYSIGHT TECHNOLOGIES IN,5634459.0,"$5,634,459",https://valuesider.com/guru/eric-schoenstein-jensen-investment-management/portfolio
eric-schoenstein-jensen-investment-management,KLAC,KLA CORP,230274671.0,"$230,274,671",https://valuesider.com/guru/eric-schoenstein-jensen-investment-management/portfolio
eric-schoenstein-jensen-investment-management,KR,KROGER CO,5013395.0,"$5,013,395",https://valuesider.com/guru/eric-schoenstein-jensen-investment-management/portfolio
eric-schoenstein-jensen-investment-management,LH,LABCORP HOLDINGS INC,5725082.0,"$5,725,082",https://valuesider.com/guru/eric-schoenstein-jensen-investment-management/portfolio
eric-schoenstein-jensen-investment-management,LSTR,LANDSTAR SYSTEM INC,768795.0,"$768,795",https://valuesider.com/guru/eric-schoenstein-jensen-investment-management/portfolio
eric-schoenstein-jensen-investment-management,LEVI,LEVI STRAUSS & CO- CLASS A,2460594.0,"$2,460,594",https://valuesider.com/guru/eric-schoenstein-jensen-investment-management/portfolio
eric-schoenstein-jensen-investment-management,LIN,LINDE PLC,550043.0,"$550,043",https://valuesider.com/guru/eric-schoenstein-jensen-investment-management/portfolio
eric-schoenstein-jensen-investment-management,LULU,LULULEMON ATHLETICA INC,814615.0,"$814,615",https://valuesider.com/guru/eric-schoenstein-jensen-investment-management/portfolio
eric-schoenstein-jensen-investment-management,MANH,MANHATTAN ASSOCIATES INC,766030.0,"$766,030",https://valuesider.com/guru/eric-schoenstein-jensen-investment-management/portfolio
eric-schoenstein-jensen-investment-management,MMC,MARSH & MCLENNAN COS,201162490.0,"$201,162,490",https://valuesider.com/guru/eric-schoenstein-jensen-investment-management/portfolio
eric-schoenstein-jensen-investment-management,MA,MASTERCARD INC - A,275586611.0,"$275,586,611",https://valuesider.com/guru/eric-schoenstein-jensen-investment-management/portfolio
eric-schoenstein-jensen-investment-management,MCD,MCDONALD'S CORP,135479055.0,"$135,479,055",https://valuesider.com/guru/eric-schoenstein-jensen-investment-management/portfolio
eric-schoenstein-jensen-investment-management,META,META PLATFORMS INC-CLASS A,241619344.0,"$241,619,344",https://valuesider.com/guru/eric-schoenstein-jensen-investment-management/portfolio
eric-schoenstein-jensen-investment-management,MSFT,MICROSOFT CORP,641686361.0,"$641,686,361",https://valuesider.com/guru/eric-schoenstein-jensen-investment-management/portfolio
eric-schoenstein-jensen-investment-management,MSI,MOTOROLA SOLUTIONS INC,67171464.0,"$67,171,464",https://valuesider.com/guru/eric-schoenstein-jensen-investment-management/portfolio
eric-schoenstein-jensen-investment-management,MSCI,MSCI INC,5651241.0,"$5,651,241",https://valuesider.com/guru/eric-schoenstein-jensen-investment-management/portfolio
eric-schoenstein-jensen-investment-management,NKE,NIKE INC -CL B,4891972.0,"$4,891,972",https://valuesider.com/guru/eric-schoenstein-jensen-investment-management/portfolio
eric-schoenstein-jensen-investment-management,NDSN,NORDSON CORP,2897182.0,"$2,897,182",https://valuesider.com/guru/eric-schoenstein-jensen-investment-management/portfolio
eric-schoenstein-jensen-investment-management,NVDA,NVIDIA CORP,420321764.0,"$420,321,764",https://valuesider.com/guru/eric-schoenstein-jensen-investment-management/portfolio
eric-schoenstein-jensen-investment-management,OMC,OMNICOM GROUP,2749861.0,"$2,749,861",https://valuesider.com/guru/eric-schoenstein-jensen-investment-management/portfolio
eric-schoenstein-jensen-investment-management,ON,ON SEMICONDUCTOR CORP,1159135.0,"$1,159,135",https://valuesider.com/guru/eric-schoenstein-jensen-investment-management/portfolio
eric-schoenstein-jensen-investment-management,ORCL,ORACLE CORP,24241541.0,"$24,241,541",https://valuesider.com/guru/eric-schoenstein-jensen-investment-management/portfolio
eric-schoenstein-jensen-investment-management,PEP,PEPSICO INC,11768927.0,"$11,768,927",https://valuesider.com/guru/eric-schoenstein-jensen-investment-management/portfolio
eric-schoenstein-jensen-investment-management,PG,PROCTER & GAMBLE CO/THE,183753085.0,"$183,753,085",https://valuesider.com/guru/eric-schoenstein-jensen-investment-management/portfolio
eric-schoenstein-jensen-investment-management,RTX,RAYTHEON TECHNOLOGIES CORP,3229124.0,"$3,229,124",https://valuesider.com/guru/eric-schoenstein-jensen-investment-management/portfolio
eric-schoenstein-jensen-investment-management,ROST,ROSS STORES INC,4853692.0,"$4,853,692",https://valuesider.com/guru/eric-schoenstein-jensen-investment-management/portfolio
eric-schoenstein-jensen-investment-management,SHW,SHERWIN-WILLIAMS CO/THE,200335112.0,"$200,335,112",https://valuesider.com/guru/eric-schoenstein-jensen-investment-management/portfolio
eric-schoenstein-jensen-investment-management,SYK,STRYKER CORP,257116121.0,"$257,116,121",https://valuesider.com/guru/eric-schoenstein-jensen-investment-management/portfolio
eric-schoenstein-jensen-investment-management,TROW,T ROWE PRICE GROUP INC,3271041.0,"$3,271,041",https://valuesider.com/guru/eric-schoenstein-jensen-investment-management/portfolio
eric-schoenstein-jensen-investment-management,TSM,TAIWAN SEMICONDUCTOR-SP ADR,5202597.0,"$5,202,597",https://valuesider.com/guru/eric-schoenstein-jensen-investment-management/portfolio
eric-schoenstein-jensen-investment-management,TXN,TEXAS INSTRUMENTS INC,1676781.0,"$1,676,781",https://valuesider.com/guru/eric-schoenstein-jensen-investment-management/portfolio
eric-schoenstein-jensen-investment-management,TJX,TJX COMPANIES INC,3557454.0,"$3,557,454",https://valuesider.com/guru/eric-schoenstein-jensen-investment-management/portfolio
eric-schoenstein-jensen-investment-management,TTC,TORO CO,3421958.0,"$3,421,958",https://valuesider.com/guru/eric-schoenstein-jensen-investment-management/portfolio
eric-schoenstein-jensen-investment-management,TSCO,TRACTOR SUPPLY COMPANY,4889978.0,"$4,889,978",https://valuesider.com/guru/eric-schoenstein-jensen-investment-management/portfolio
eric-schoenstein-jensen-investment-management,URI,UNITED RENTALS INC,1740847.0,"$1,740,847",https://valuesider.com/guru/eric-schoenstein-jensen-investment-management/portfolio
eric-schoenstein-jensen-investment-management,UNH,UNITEDHEALTH GROUP INC,1300964.0,"$1,300,964",https://valuesider.com/guru/eric-schoenstein-jensen-investment-management/portfolio
eric-schoenstein-jensen-investment-management,VEEV,VEEVA SYSTEMS INC-CLASS A,68922932.0,"$68,922,932",https://valuesider.com/guru/eric-schoenstein-jensen-investment-management/portfolio
eric-schoenstein-jensen-investment-management,VRSK,VERISK ANALYTICS INC,99675369.0,"$99,675,369",https://valuesider.com/guru/eric-schoenstein-jensen-investment-management/portfolio
eric-schoenstein-jensen-investment-management,WM,WASTE MANAGEMENT INC,219810847.0,"$219,810,847",https://valuesider.com/guru/eric-schoenstein-jensen-investment-management/portfolio
eric-schoenstein-jensen-investment-management,WAT,WATERS CORP,14713095.0,"$14,713,095",https://valuesider.com/guru/eric-schoenstein-jensen-investment-management/portfolio
eric-schoenstein-jensen-investment-management,GWW,WW GRAINGER INC,3168417.0,"$3,168,417",https://valuesider.com/guru/eric-schoenstein-jensen-investment-management/portfolio
john-armitage-egerton-capital,GOOG,ALPHABET INC-CL C,338517398.0,"$338,517,398",https://valuesider.com/guru/john-armitage-egerton-capital/portfolio
john-armitage-egerton-capital,AMZN,AMAZONCOM INC,1360105927.0,"$1,360,105,927",https://valuesider.com/guru/john-armitage-egerton-capital/portfolio
john-armitage-egerton-capital,APH,AMPHENOL CORP-CL A,501087093.0,"$501,087,093",https://valuesider.com/guru/john-armitage-egerton-capital/portfolio
john-armitage-egerton-capital,BSX,BOSTON SCIENTIFIC CORP,513467759.0,"$513,467,759",https://valuesider.com/guru/john-armitage-egerton-capital/portfolio
john-armitage-egerton-capital,COF,CAPITAL ONE FINANCIAL CORP,501474347.0,"$501,474,347",https://valuesider.com/guru/john-armitage-egerton-capital/portfolio
john-armitage-egerton-capital,CRS,CARPENTER TECHNOLOGY,488950298.0,"$488,950,298",https://valuesider.com/guru/john-armitage-egerton-capital/portfolio
john-armitage-egerton-capital,CME,CME GROUP INC,322177599.0,"$322,177,599",https://valuesider.com/guru/john-armitage-egerton-capital/portfolio
john-armitage-egerton-capital,CRH,CRH PLC,282180288.0,"$282,180,288",https://valuesider.com/guru/john-armitage-egerton-capital/portfolio
john-armitage-egerton-capital,ERJ,EMBRAER SA-SPON ADR,211013872.0,"$211,013,872",https://valuesider.com/guru/john-armitage-egerton-capital/portfolio
john-armitage-egerton-capital,FERG,FERGUSON ENTERPRISES INC,224480946.0,"$224,480,946",https://valuesider.com/guru/john-armitage-egerton-capital/portfolio
john-armitage-egerton-capital,IBKR,INTERACTIVE BROKERS GRO-CL A,446284454.0,"$446,284,454",https://valuesider.com/guru/john-armitage-egerton-capital/portfolio
john-armitage-egerton-capital,LAMR,LAMAR ADVERTISING CO-A NEW,91401266.0,"$91,401,266",https://valuesider.com/guru/john-armitage-egerton-capital/portfolio
john-armitage-egerton-capital,LPLA,LPL FINANCIAL HOLDINGS INC,91011559.0,"$91,011,559",https://valuesider.com/guru/john-armitage-egerton-capital/portfolio
john-armitage-egerton-capital,MA,MASTERCARD INC - A,261658281.0,"$261,658,281",https://valuesider.com/guru/john-armitage-egerton-capital/portfolio
john-armitage-egerton-capital,MSFT,MICROSOFT CORP,845685015.0,"$845,685,015",https://valuesider.com/guru/john-armitage-egerton-capital/portfolio
john-armitage-egerton-capital,MCO,MOODY'S CORP,395095988.0,"$395,095,988",https://valuesider.com/guru/john-armitage-egerton-capital/portfolio
john-armitage-egerton-capital,NYT,NEW YORK TIMES CO-A,97882408.0,"$97,882,408",https://valuesider.com/guru/john-armitage-egerton-capital/portfolio
john-armitage-egerton-capital,RNR,RENAISSANCERE HOLDINGS LTD,137944406.0,"$137,944,406",https://valuesider.com/guru/john-armitage-egerton-capital/portfolio
john-armitage-egerton-capital,STX,SEAGATE TECHNOLOGY HOLDINGS,200848812.0,"$200,848,812",https://valuesider.com/guru/john-armitage-egerton-capital/portfolio
john-armitage-egerton-capital,UBER,UBER TECHNOLOGIES INC,219078564.0,"$219,078,564",https://valuesider.com/guru/john-armitage-egerton-capital/portfolio
john-armitage-egerton-capital,V,VISA INC-CLASS A SHARES,1147172059.0,"$1,147,172,059",https://valuesider.com/guru/john-armitage-egerton-capital/portfolio
john-armitage-egerton-capital,VMC,VULCAN MATERIALS CO,273860543.0,"$273,860,543",https://valuesider.com/guru/john-armitage-egerton-capital/portfolio
john-armitage-egerton-capital,WYNN,WYNN RESORTS LTD,249053138.0,"$249,053,138",https://valuesider.com/guru/john-armitage-egerton-capital/portfolio
michael-lindsell-nick-train-lindsell-train,ADBE,ADOBE INC,1854947.0,"$1,854,947",https://valuesider.com/guru/michael-lindsell-nick-train-lindsell-train/portfolio
michael-lindsell-nick-train-lindsell-train,GOOGL,ALPHABET INC-CL A,653731174.0,"$653,731,174",https://valuesider.com/guru/michael-lindsell-nick-train-lindsell-train/portfolio
michael-lindsell-nick-train-lindsell-train,AXP,AMERICAN EXPRESS CO,3625510.0,"$3,625,510",https://valuesider.com/guru/michael-lindsell-nick-train-lindsell-train/portfolio
michael-lindsell-nick-train-lindsell-train,BF.A,BROWN-FORMAN CORP-CLASS A,72161489.0,"$72,161,489",https://valuesider.com/guru/michael-lindsell-nick-train-lindsell-train/portfolio
michael-lindsell-nick-train-lindsell-train,BF.B,BROWN-FORMAN CORP-CLASS B,42992850.0,"$42,992,850",https://valuesider.com/guru/michael-lindsell-nick-train-lindsell-train/portfolio
michael-lindsell-nick-train-lindsell-train,CP,CANADIAN PACIFIC KANSAS CITY,2208900.0,"$2,208,900",https://valuesider.com/guru/michael-lindsell-nick-train-lindsell-train/portfolio
michael-lindsell-nick-train-lindsell-train,CME,CME GROUP INC,2020792.0,"$2,020,792",https://valuesider.com/guru/michael-lindsell-nick-train-lindsell-train/portfolio
michael-lindsell-nick-train-lindsell-train,KO,COCA-COLA CO/THE,1188470.0,"$1,188,470",https://valuesider.com/guru/michael-lindsell-nick-train-lindsell-train/portfolio
michael-lindsell-nick-train-lindsell-train,CL,COLGATE-PALMOLIVE CO,1153692.0,"$1,153,692",https://valuesider.com/guru/michael-lindsell-nick-train-lindsell-train/portfolio
michael-lindsell-nick-train-lindsell-train,EBAY,EBAY INC,181087781.0,"$181,087,781",https://valuesider.com/guru/michael-lindsell-nick-train-lindsell-train/portfolio
michael-lindsell-nick-train-lindsell-train,EFX,EQUIFAX INC,2386780.0,"$2,386,780",https://valuesider.com/guru/michael-lindsell-nick-train-lindsell-train/portfolio
michael-lindsell-nick-train-lindsell-train,EL,ESTEE LAUDER COMPANIES-CL A,1623160.0,"$1,623,160",https://valuesider.com/guru/michael-lindsell-nick-train-lindsell-train/portfolio
michael-lindsell-nick-train-lindsell-train,FICO,FAIR ISAAC CORP,366176458.0,"$366,176,458",https://valuesider.com/guru/michael-lindsell-nick-train-lindsell-train/portfolio
michael-lindsell-nick-train-lindsell-train,INTU,INTUIT INC,404242467.0,"$404,242,467",https://valuesider.com/guru/michael-lindsell-nick-train-lindsell-train/portfolio
michael-lindsell-nick-train-lindsell-train,MSGS,MADISON SQUARE GARDEN SPORTS,853545.0,"$853,545",https://valuesider.com/guru/michael-lindsell-nick-train-lindsell-train/portfolio
michael-lindsell-nick-train-lindsell-train,MANU,MANCHESTER UNITED PLC-CL A,57256280.0,"$57,256,280",https://valuesider.com/guru/michael-lindsell-nick-train-lindsell-train/portfolio
michael-lindsell-nick-train-lindsell-train,MDLZ,MONDELEZ INTERNATIONAL INC-A,241150541.0,"$241,150,541",https://valuesider.com/guru/michael-lindsell-nick-train-lindsell-train/portfolio
michael-lindsell-nick-train-lindsell-train,NKE,NIKE INC -CL B,1299684.0,"$1,299,684",https://valuesider.com/guru/michael-lindsell-nick-train-lindsell-train/portfolio
michael-lindsell-nick-train-lindsell-train,ORCL,ORACLE CORP,1754190.0,"$1,754,190",https://valuesider.com/guru/michael-lindsell-nick-train-lindsell-train/portfolio
michael-lindsell-nick-train-lindsell-train,PYPL,PAYPAL HOLDINGS INC,250953319.0,"$250,953,319",https://valuesider.com/guru/michael-lindsell-nick-train-lindsell-train/portfolio
michael-lindsell-nick-train-lindsell-train,PEP,PEPSICO INC,258618878.0,"$258,618,878",https://valuesider.com/guru/michael-lindsell-nick-train-lindsell-train/portfolio
michael-lindsell-nick-train-lindsell-train,SPGI,S&P GLOBAL INC,3553612.0,"$3,553,612",https://valuesider.com/guru/michael-lindsell-nick-train-lindsell-train/portfolio
michael-lindsell-nick-train-lindsell-train,TROW,T ROWE PRICE GROUP INC,1228560.0,"$1,228,560",https://valuesider.com/guru/michael-lindsell-nick-train-lindsell-train/portfolio
michael-lindsell-nick-train-lindsell-train,TMO,THERMO FISHER SCIENTIFIC INC,399532513.0,"$399,532,513",https://valuesider.com/guru/michael-lindsell-nick-train-lindsell-train/portfolio
michael-lindsell-nick-train-lindsell-train,TKO,TKO GROUP HOLDINGS INC,589422636.0,"$589,422,636",https://valuesider.com/guru/michael-lindsell-nick-train-lindsell-train/portfolio
michael-lindsell-nick-train-lindsell-train,VRSK,VERISK ANALYTICS INC,1677675.0,"$1,677,675",https://valuesider.com/guru/michael-lindsell-nick-train-lindsell-train/portfolio
michael-lindsell-nick-train-lindsell-train,V,VISA INC-CLASS A SHARES,3507100.0,"$3,507,100",https://valuesider.com/guru/michael-lindsell-nick-train-lindsell-train/portfolio
michael-lindsell-nick-train-lindsell-train,DIS,WALT DISNEY CO/THE,396127799.0,"$396,127,799",https://valuesider.com/guru/michael-lindsell-nick-train-lindsell-train/portfolio
harry-burn-sound-shore-management,AES,AES CORP,98922224.0,"$98,922,224",https://valuesider.com/guru/harry-burn-sound-shore-management/portfolio
harry-burn-sound-shore-management,ACI,ALBERTSONS COS INC - CLASS A,77834323.0,"$77,834,323",https://valuesider.com/guru/harry-burn-sound-shore-management/portfolio
harry-burn-sound-shore-management,GOOGL,ALPHABET INC-CL A,109466742.0,"$109,466,742",https://valuesider.com/guru/harry-burn-sound-shore-management/portfolio
harry-burn-sound-shore-management,AMAT,APPLIED MATERIALS INC,72108567.0,"$72,108,567",https://valuesider.com/guru/harry-burn-sound-shore-management/portfolio
harry-burn-sound-shore-management,BAC,BANK OF AMERICA CORP,86785655.0,"$86,785,655",https://valuesider.com/guru/harry-burn-sound-shore-management/portfolio
harry-burn-sound-shore-management,B,BARRICK MINING CORP,50329777.0,"$50,329,777",https://valuesider.com/guru/harry-burn-sound-shore-management/portfolio
harry-burn-sound-shore-management,BRK.B,BERKSHIRE HATHAWAY INC CL-B,105659041.0,"$105,659,041",https://valuesider.com/guru/harry-burn-sound-shore-management/portfolio
harry-burn-sound-shore-management,BP,BP PLC-SPONS ADR,67889683.0,"$67,889,683",https://valuesider.com/guru/harry-burn-sound-shore-management/portfolio
harry-burn-sound-shore-management,COG,CABOT OIL & GAS CORP,86050240.0,"$86,050,240",https://valuesider.com/guru/harry-burn-sound-shore-management/portfolio
harry-burn-sound-shore-management,COF,CAPITAL ONE FINANCIAL CORP,88644624.0,"$88,644,624",https://valuesider.com/guru/harry-burn-sound-shore-management/portfolio
harry-burn-sound-shore-management,CHKP,CHECK POINT SOFTWARE TECH,78785807.0,"$78,785,807",https://valuesider.com/guru/harry-burn-sound-shore-management/portfolio
harry-burn-sound-shore-management,C,CITIGROUP INC COM NEW,92064793.0,"$92,064,793",https://valuesider.com/guru/harry-burn-sound-shore-management/portfolio
harry-burn-sound-shore-management,CSX,CSX CORP,87067932.0,"$87,067,932",https://valuesider.com/guru/harry-burn-sound-shore-management/portfolio
harry-burn-sound-shore-management,EQT,EQT CORP,81342663.0,"$81,342,663",https://valuesider.com/guru/harry-burn-sound-shore-management/portfolio
harry-burn-sound-shore-management,FIS,FIDELITY NATIONAL INFO SERV,91983298.0,"$91,983,298",https://valuesider.com/guru/harry-burn-sound-shore-management/portfolio
harry-burn-sound-shore-management,FLEX,FLEX LTD,61526532.0,"$61,526,532",https://valuesider.com/guru/harry-burn-sound-shore-management/portfolio
harry-burn-sound-shore-management,GEHCV,GE HEALTHCARE INC-W/I,83487174.0,"$83,487,174",https://valuesider.com/guru/harry-burn-sound-shore-management/portfolio
harry-burn-sound-shore-management,GM,GENERAL MOTORS CO,86719242.0,"$86,719,242",https://valuesider.com/guru/harry-burn-sound-shore-management/portfolio
harry-burn-sound-shore-management,HII,HUNTINGTON INGALLS INDUSTRIE,69470520.0,"$69,470,520",https://valuesider.com/guru/harry-burn-sound-shore-management/portfolio
harry-burn-sound-shore-management,INCY,INCYTE CORP,91839507.0,"$91,839,507",https://valuesider.com/guru/harry-burn-sound-shore-management/portfolio
harry-burn-sound-shore-management,KMI,KINDER MORGAN INC,93224170.0,"$93,224,170",https://valuesider.com/guru/harry-burn-sound-shore-management/portfolio
harry-burn-sound-shore-management,KD,KYNDRYL HOLDINGS INC,78995363.0,"$78,995,363",https://valuesider.com/guru/harry-burn-sound-shore-management/portfolio
harry-burn-sound-shore-management,MRVL,MARVELL TECHNOLOGY INC,86229971.0,"$86,229,971",https://valuesider.com/guru/harry-burn-sound-shore-management/portfolio
harry-burn-sound-shore-management,MHK,MOHAWK INDUSTRIES INC,71093857.0,"$71,093,857",https://valuesider.com/guru/harry-burn-sound-shore-management/portfolio
harry-burn-sound-shore-management,NEM,NEWMONT CORP,8853200.0,"$8,853,200",https://valuesider.com/guru/harry-burn-sound-shore-management/portfolio
harry-burn-sound-shore-management,PEG,PUBLIC SERVICE ENTERPRISE GP,109367074.0,"$109,367,074",https://valuesider.com/guru/harry-burn-sound-shore-management/portfolio
harry-burn-sound-shore-management,QCOM,QUALCOMM INC,100747766.0,"$100,747,766",https://valuesider.com/guru/harry-burn-sound-shore-management/portfolio
harry-burn-sound-shore-management,QXO,QXO INC,77199120.0,"$77,199,120",https://valuesider.com/guru/harry-burn-sound-shore-management/portfolio
harry-burn-sound-shore-management,REGN,REGENERON PHARMACEUTICALS,135761899.0,"$135,761,899",https://valuesider.com/guru/harry-burn-sound-shore-management/portfolio
harry-burn-sound-shore-management,CRM,SALESFORCECOM INC,100278767.0,"$100,278,767",https://valuesider.com/guru/harry-burn-sound-shore-management/portfolio
harry-burn-sound-shore-management,LUV,SOUTHWEST AIRLINES CO,104180407.0,"$104,180,407",https://valuesider.com/guru/harry-burn-sound-shore-management/portfolio
harry-burn-sound-shore-management,TEVA,TEVA PHARMACEUTICAL-SP ADR,134512166.0,"$134,512,166",https://valuesider.com/guru/harry-burn-sound-shore-management/portfolio
harry-burn-sound-shore-management,DIS,WALT DISNEY CO/THE,109072550.0,"$109,072,550",https://valuesider.com/guru/harry-burn-sound-shore-management/portfolio
harry-burn-sound-shore-management,WBD,WARNER BROS DISCOVERY INC,28549525.0,"$28,549,525",https://valuesider.com/guru/harry-burn-sound-shore-management/portfolio
harry-burn-sound-shore-management,WFC,WELLS FARGO & CO,85749126.0,"$85,749,126",https://valuesider.com/guru/harry-burn-sound-shore-management/portfolio
harry-burn-sound-shore-management,WLTW,WILLIS TOWERS WATSON PLC,74302703.0,"$74,302,703",https://valuesider.com/guru/harry-burn-sound-shore-management/portfolio
harry-burn-sound-shore-management,ZBH,ZIMMER BIOMET HOLDINGS INC,76500069.0,"$76,500,069",https://valuesider.com/guru/harry-burn-sound-shore-management/portfolio
vulcan-value-partners,ABM,ABM INDUSTRIES INC,27866000.0,"$27,866,000",https://valuesider.com/guru/vulcan-value-partners/portfolio
vulcan-value-partners,GOOG,ALPHABET INC-CL C,292437000.0,"$292,437,000",https://valuesider.com/guru/vulcan-value-partners/portfolio
vulcan-value-partners,AMZN,AMAZONCOM INC,406173000.0,"$406,173,000",https://valuesider.com/guru/vulcan-value-partners/portfolio
vulcan-value-partners,ANTM,ANTHEM INC,135424000.0,"$135,424,000",https://valuesider.com/guru/vulcan-value-partners/portfolio
vulcan-value-partners,ARES,ARES MANAGEMENT CORP - A,274344000.0,"$274,344,000",https://valuesider.com/guru/vulcan-value-partners/portfolio
vulcan-value-partners,KMX,CARMAX INC,113210000.0,"$113,210,000",https://valuesider.com/guru/vulcan-value-partners/portfolio
vulcan-value-partners,CIGI,COLLIERS INTERNATIONAL GROUP,27133000.0,"$27,133,000",https://valuesider.com/guru/vulcan-value-partners/portfolio
vulcan-value-partners,CSGP,COSTAR GROUP INC,301527000.0,"$301,527,000",https://valuesider.com/guru/vulcan-value-partners/portfolio
vulcan-value-partners,CCK,CROWN HOLDINGS INC,41232000.0,"$41,232,000",https://valuesider.com/guru/vulcan-value-partners/portfolio
vulcan-value-partners,RE,EVEREST RE GROUP LTD,512288000.0,"$512,288,000",https://valuesider.com/guru/vulcan-value-partners/portfolio
vulcan-value-partners,FISV,FISERV INC,96507000.0,"$96,507,000",https://valuesider.com/guru/vulcan-value-partners/portfolio
vulcan-value-partners,FBHS,FORTUNE BRANDS HOME & SECURI,17683000.0,"$17,683,000",https://valuesider.com/guru/vulcan-value-partners/portfolio
vulcan-value-partners,G,GENPACT LTD,34925000.0,"$34,925,000",https://valuesider.com/guru/vulcan-value-partners/portfolio
vulcan-value-partners,HEI.A,HEICO CORP INC CL A,63159000.0,"$63,159,000",https://valuesider.com/guru/vulcan-value-partners/portfolio
vulcan-value-partners,MLHR,HERMAN MILLER INC,25668000.0,"$25,668,000",https://valuesider.com/guru/vulcan-value-partners/portfolio
vulcan-value-partners,IQV,IQVIA HOLDINGS INC,72852000.0,"$72,852,000",https://valuesider.com/guru/vulcan-value-partners/portfolio
vulcan-value-partners,IWD,ISHARES RUSSELL 1000 VALUE E,636000.0,"$636,000",https://valuesider.com/guru/vulcan-value-partners/portfolio
vulcan-value-partners,ITRN,ITURAN LOCATION AND CONTROL,23430000.0,"$23,430,000",https://valuesider.com/guru/vulcan-value-partners/portfolio
vulcan-value-partners,JLL,JONES LANG LASALLE INC,50678000.0,"$50,678,000",https://valuesider.com/guru/vulcan-value-partners/portfolio
vulcan-value-partners,LFUS,LITTELFUSE INC,48614000.0,"$48,614,000",https://valuesider.com/guru/vulcan-value-partners/portfolio
vulcan-value-partners,MA,MASTERCARD INC - A,256409000.0,"$256,409,000",https://valuesider.com/guru/vulcan-value-partners/portfolio
vulcan-value-partners,MEDP,MEDPACE HOLDINGS INC,26580000.0,"$26,580,000",https://valuesider.com/guru/vulcan-value-partners/portfolio
vulcan-value-partners,MSFT,MICROSOFT CORP,551996000.0,"$551,996,000",https://valuesider.com/guru/vulcan-value-partners/portfolio
vulcan-value-partners,MIDD,MIDDLEBY CORP,10381000.0,"$10,381,000",https://valuesider.com/guru/vulcan-value-partners/portfolio
vulcan-value-partners,PK,PARK HOTELS & RESORTS INC,13473000.0,"$13,473,000",https://valuesider.com/guru/vulcan-value-partners/portfolio
vulcan-value-partners,PRG,PROG HOLDINGS INC,17668000.0,"$17,668,000",https://valuesider.com/guru/vulcan-value-partners/portfolio
vulcan-value-partners,QRVO,QORVO INC,93291000.0,"$93,291,000",https://valuesider.com/guru/vulcan-value-partners/portfolio
vulcan-value-partners,RYAN,RYAN SPECIALTY HOLDINGS INC,238536000.0,"$238,536,000",https://valuesider.com/guru/vulcan-value-partners/portfolio
vulcan-value-partners,CRM,SALESFORCECOM INC,411064000.0,"$411,064,000",https://valuesider.com/guru/vulcan-value-partners/portfolio
vulcan-value-partners,SEE,SEALED AIR CORP,4906000.0,"$4,906,000",https://valuesider.com/guru/vulcan-value-partners/portfolio
vulcan-value-partners,SPY,SPDR S&P 500 ETF TRUST,4144000.0,"$4,144,000",https://valuesider.com/guru/vulcan-value-partners/portfolio
vulcan-value-partners,SARO,STANDARDAERO INC,13618000.0,"$13,618,000",https://valuesider.com/guru/vulcan-value-partners/portfolio
vulcan-value-partners,SWK,STANLEY BLACK & DECKER INC,78777000.0,"$78,777,000",https://valuesider.com/guru/vulcan-value-partners/portfolio
vulcan-value-partners,TKR,TIMKEN CO,11646000.0,"$11,646,000",https://valuesider.com/guru/vulcan-value-partners/portfolio
vulcan-value-partners,TPG,TPG INC,110024000.0,"$110,024,000",https://valuesider.com/guru/vulcan-value-partners/portfolio
vulcan-value-partners,TDG,TRANSDIGM GROUP INC,320028000.0,"$320,028,000",https://valuesider.com/guru/vulcan-value-partners/portfolio
vulcan-value-partners,TRU,TRANSUNION,91043000.0,"$91,043,000",https://valuesider.com/guru/vulcan-value-partners/portfolio
vulcan-value-partners,UNH,UNITEDHEALTH GROUP INC,357665000.0,"$357,665,000",https://valuesider.com/guru/vulcan-value-partners/portfolio
vulcan-value-partners,VRTS,VIRTUS INVESTMENT PARTNERS,12616000.0,"$12,616,000",https://valuesider.com/guru/vulcan-value-partners/portfolio
vulcan-value-partners,V,VISA INC-CLASS A SHARES,255183000.0,"$255,183,000",https://valuesider.com/guru/vulcan-value-partners/portfolio
paul-lountzis-asset-management,ABT,ABBOTT LABORATORIES,917749.0,"$917,749",https://valuesider.com/guru/paul-lountzis-asset-management/portfolio
paul-lountzis-asset-management,ABBV,ABBVIE INC,802228.0,"$802,228",https://valuesider.com/guru/paul-lountzis-asset-management/portfolio
paul-lountzis-asset-management,GOOGL,ALPHABET INC-CL A,15065316.0,"$15,065,316",https://valuesider.com/guru/paul-lountzis-asset-management/portfolio
paul-lountzis-asset-management,GOOG,ALPHABET INC-CL C,1633329.0,"$1,633,329",https://valuesider.com/guru/paul-lountzis-asset-management/portfolio
paul-lountzis-asset-management,AON,AON PLC-CLASS A,670472.0,"$670,472",https://valuesider.com/guru/paul-lountzis-asset-management/portfolio
paul-lountzis-asset-management,AAPL,APPLE INC,464609.0,"$464,609",https://valuesider.com/guru/paul-lountzis-asset-management/portfolio
paul-lountzis-asset-management,AMAT,APPLIED MATERIALS INC,30700282.0,"$30,700,282",https://valuesider.com/guru/paul-lountzis-asset-management/portfolio
paul-lountzis-asset-management,BK,BANK OF NEW YORK MELLON CORP,1015671.0,"$1,015,671",https://valuesider.com/guru/paul-lountzis-asset-management/portfolio
paul-lountzis-asset-management,BRK.A,BERKSHIRE HATHAWAY INC CL-A,754800.0,"$754,800",https://valuesider.com/guru/paul-lountzis-asset-management/portfolio
paul-lountzis-asset-management,BRK.B,BERKSHIRE HATHAWAY INC CL-B,67643118.0,"$67,643,118",https://valuesider.com/guru/paul-lountzis-asset-management/portfolio
paul-lountzis-asset-management,BRO,BROWN & BROWN INC,8578828.0,"$8,578,828",https://valuesider.com/guru/paul-lountzis-asset-management/portfolio
paul-lountzis-asset-management,CDNS,CADENCE DESIGN SYS INC,13825413.0,"$13,825,413",https://valuesider.com/guru/paul-lountzis-asset-management/portfolio
paul-lountzis-asset-management,NET,CLOUDFLARE INC - CLASS A,5312798.0,"$5,312,798",https://valuesider.com/guru/paul-lountzis-asset-management/portfolio
paul-lountzis-asset-management,CNSWF,CONSTELLATION SOFTWARE INC,685872.0,"$685,872",https://valuesider.com/guru/paul-lountzis-asset-management/portfolio
paul-lountzis-asset-management,CACC,CREDIT ACCEPTANCE CORP,216852.0,"$216,852",https://valuesider.com/guru/paul-lountzis-asset-management/portfolio
paul-lountzis-asset-management,LLY,ELI LILLY & CO,313807.0,"$313,807",https://valuesider.com/guru/paul-lountzis-asset-management/portfolio
paul-lountzis-asset-management,ERFSF,EUROFINS SCIENTIFIC,544772.0,"$544,772",https://valuesider.com/guru/paul-lountzis-asset-management/portfolio
paul-lountzis-asset-management,XOM,EXXON MOBIL CORP,669933.0,"$669,933",https://valuesider.com/guru/paul-lountzis-asset-management/portfolio
paul-lountzis-asset-management,FRFHF,FAIRFAX FINANCIAL HLDGS LTD,465081.0,"$465,081",https://valuesider.com/guru/paul-lountzis-asset-management/portfolio
paul-lountzis-asset-management,GEF,GREIF INC-CL A,273040.0,"$273,040",https://valuesider.com/guru/paul-lountzis-asset-management/portfolio
paul-lountzis-asset-management,ICE,INTERCONTINENTAL EXCHANGE IN,650431.0,"$650,431",https://valuesider.com/guru/paul-lountzis-asset-management/portfolio
paul-lountzis-asset-management,IBM,INTL BUSINESS MACHINES CORP,444315.0,"$444,315",https://valuesider.com/guru/paul-lountzis-asset-management/portfolio
paul-lountzis-asset-management,J,JACOBS SOLUTIONS INC,324262.0,"$324,262",https://valuesider.com/guru/paul-lountzis-asset-management/portfolio
paul-lountzis-asset-management,JNJ,JOHNSON & JOHNSON,536207.0,"$536,207",https://valuesider.com/guru/paul-lountzis-asset-management/portfolio
paul-lountzis-asset-management,JPM,JPMORGAN CHASE & CO,359598.0,"$359,598",https://valuesider.com/guru/paul-lountzis-asset-management/portfolio
paul-lountzis-asset-management,KKR,KKR & CO INC,13412171.0,"$13,412,171",https://valuesider.com/guru/paul-lountzis-asset-management/portfolio
paul-lountzis-asset-management,LH,LABCORP HOLDINGS INC,2273475.0,"$2,273,475",https://valuesider.com/guru/paul-lountzis-asset-management/portfolio
paul-lountzis-asset-management,FWONA,LIBERTY MEDIA CORP-LIB-NEW-A,256163.0,"$256,163",https://valuesider.com/guru/paul-lountzis-asset-management/portfolio
paul-lountzis-asset-management,FWONK,LIBERTY MEDIA CORP-LIB-NEW-C,539638.0,"$539,638",https://valuesider.com/guru/paul-lountzis-asset-management/portfolio
paul-lountzis-asset-management,LOW,LOWE'S COS INC,4125283.0,"$4,125,283",https://valuesider.com/guru/paul-lountzis-asset-management/portfolio
paul-lountzis-asset-management,MLM,MARTIN MARIETTA MATERIALS,5205438.0,"$5,205,438",https://valuesider.com/guru/paul-lountzis-asset-management/portfolio
paul-lountzis-asset-management,MA,MASTERCARD INC - A,285440.0,"$285,440",https://valuesider.com/guru/paul-lountzis-asset-management/portfolio
paul-lountzis-asset-management,META,META PLATFORMS INC-CLASS A,599362.0,"$599,362",https://valuesider.com/guru/paul-lountzis-asset-management/portfolio
paul-lountzis-asset-management,MSFT,MICROSOFT CORP,601623.0,"$601,623",https://valuesider.com/guru/paul-lountzis-asset-management/portfolio
paul-lountzis-asset-management,MHK,MOHAWK INDUSTRIES INC,901725.0,"$901,725",https://valuesider.com/guru/paul-lountzis-asset-management/portfolio
paul-lountzis-asset-management,ORCL,ORACLE CORP,17437623.0,"$17,437,623",https://valuesider.com/guru/paul-lountzis-asset-management/portfolio
paul-lountzis-asset-management,PEP,PEPSICO INC,5515008.0,"$5,515,008",https://valuesider.com/guru/paul-lountzis-asset-management/portfolio
paul-lountzis-asset-management,PM,PHILIP MORRIS INTERNATIONAL,246366.0,"$246,366",https://valuesider.com/guru/paul-lountzis-asset-management/portfolio
paul-lountzis-asset-management,PCOR,PROCORE TECHNOLOGIES INC,7194713.0,"$7,194,713",https://valuesider.com/guru/paul-lountzis-asset-management/portfolio
paul-lountzis-asset-management,PGR,PROGRESSIVE CORP,16309306.0,"$16,309,306",https://valuesider.com/guru/paul-lountzis-asset-management/portfolio
paul-lountzis-asset-management,RYCEF,ROLLS-ROYCE HOLDINGS PLC,254290.0,"$254,290",https://valuesider.com/guru/paul-lountzis-asset-management/portfolio
paul-lountzis-asset-management,SCHW,SCHWAB (CHARLES) CORP,484064.0,"$484,064",https://valuesider.com/guru/paul-lountzis-asset-management/portfolio
paul-lountzis-asset-management,SKYT,SKYWATER TECHNOLOGY INC,5270432.0,"$5,270,432",https://valuesider.com/guru/paul-lountzis-asset-management/portfolio
paul-lountzis-asset-management,TJX,TJX COMPANIES INC,212903.0,"$212,903",https://valuesider.com/guru/paul-lountzis-asset-management/portfolio
paul-lountzis-asset-management,UNH,UNITEDHEALTH GROUP INC,3530196.0,"$3,530,196",https://valuesider.com/guru/paul-lountzis-asset-management/portfolio
paul-lountzis-asset-management,USB,US BANCORP,13405775.0,"$13,405,775",https://valuesider.com/guru/paul-lountzis-asset-management/portfolio
paul-lountzis-asset-management,VOO,VANGUARD S&P 500 ETF,642181.0,"$642,181",https://valuesider.com/guru/paul-lountzis-asset-management/portfolio
paul-lountzis-asset-management,V,VISA INC-CLASS A SHARES,287631.0,"$287,631",https://valuesider.com/guru/paul-lountzis-asset-management/portfolio
paul-lountzis-asset-management,WFC,WELLS FARGO & CO,22896817.0,"$22,896,817",https://valuesider.com/guru/paul-lountzis-asset-management/portfolio
paul-lountzis-asset-management,WSFS,WSFS FINANCIAL CORP,807664.0,"$807,664",https://valuesider.com/guru/paul-lountzis-asset-management/portfolio
paul-lountzis-asset-management,YUM,YUM! BRANDS INC,704814.0,"$704,814",https://valuesider.com/guru/paul-lountzis-asset-management/portfolio
paul-lountzis-asset-management,ZTS,ZOETIS INC,5355277.0,"$5,355,277",https://valuesider.com/guru/paul-lountzis-asset-management/portfolio
ron-muhlenkamp-co,AEM,AGNICO EAGLE MINES LTD,25644634.0,"$25,644,634",https://valuesider.com/guru/ron-muhlenkamp-co/portfolio
ron-muhlenkamp-co,AMLP,ALERIAN MLP ETF,8289673.0,"$8,289,673",https://valuesider.com/guru/ron-muhlenkamp-co/portfolio
ron-muhlenkamp-co,AAPL,APPLE INC,17083954.0,"$17,083,954",https://valuesider.com/guru/ron-muhlenkamp-co/portfolio
ron-muhlenkamp-co,BRK.B,BERKSHIRE HATHAWAY INC CL-B,19307289.0,"$19,307,289",https://valuesider.com/guru/ron-muhlenkamp-co/portfolio
ron-muhlenkamp-co,BGC,BGC GROUP INC-A,15710370.0,"$15,710,370",https://valuesider.com/guru/ron-muhlenkamp-co/portfolio
ron-muhlenkamp-co,CE,CELANESE CORP,8853559.0,"$8,853,559",https://valuesider.com/guru/ron-muhlenkamp-co/portfolio
ron-muhlenkamp-co,GTLS,CHART INDUSTRIES INC,1634167.0,"$1,634,167",https://valuesider.com/guru/ron-muhlenkamp-co/portfolio
ron-muhlenkamp-co,EPD,ENTERPRISE PRODUCTS PARTNERS,796851.0,"$796,851",https://valuesider.com/guru/ron-muhlenkamp-co/portfolio
ron-muhlenkamp-co,EQT,EQT CORP,24180407.0,"$24,180,407",https://valuesider.com/guru/ron-muhlenkamp-co/portfolio
ron-muhlenkamp-co,EQX,EQUINOX GOLD CORP,7273029.0,"$7,273,029",https://valuesider.com/guru/ron-muhlenkamp-co/portfolio
ron-muhlenkamp-co,GEV,GE VERNOVA INC,931991.0,"$931,991",https://valuesider.com/guru/ron-muhlenkamp-co/portfolio
ron-muhlenkamp-co,ICLR,ICON PLC,13459680.0,"$13,459,680",https://valuesider.com/guru/ron-muhlenkamp-co/portfolio
ron-muhlenkamp-co,LYB,LYONDELLBASELL INDU-CL A,8046049.0,"$8,046,049",https://valuesider.com/guru/ron-muhlenkamp-co/portfolio
ron-muhlenkamp-co,MTZ,MASTEC INC,22989051.0,"$22,989,051",https://valuesider.com/guru/ron-muhlenkamp-co/portfolio
ron-muhlenkamp-co,MCK,MCKESSON CORP,22306146.0,"$22,306,146",https://valuesider.com/guru/ron-muhlenkamp-co/portfolio
ron-muhlenkamp-co,MCHP,MICROCHIP TECHNOLOGY INC,12934204.0,"$12,934,204",https://valuesider.com/guru/ron-muhlenkamp-co/portfolio
ron-muhlenkamp-co,MSFT,MICROSOFT CORP,15961764.0,"$15,961,764",https://valuesider.com/guru/ron-muhlenkamp-co/portfolio
ron-muhlenkamp-co,NEM,NEWMONT CORP,28405428.0,"$28,405,428",https://valuesider.com/guru/ron-muhlenkamp-co/portfolio
ron-muhlenkamp-co,NMIH,NMI HOLDINGS INC-CLASS A,19081113.0,"$19,081,113",https://valuesider.com/guru/ron-muhlenkamp-co/portfolio
ron-muhlenkamp-co,RGLD,ROYAL GOLD INC,19545515.0,"$19,545,515",https://valuesider.com/guru/ron-muhlenkamp-co/portfolio
ron-muhlenkamp-co,RUSHB,RUSH ENTERPRISES INC - CL B,534526.0,"$534,526",https://valuesider.com/guru/ron-muhlenkamp-co/portfolio
ron-muhlenkamp-co,RUSHA,RUSH ENTERPRISES INC-CL A,20255495.0,"$20,255,495",https://valuesider.com/guru/ron-muhlenkamp-co/portfolio
ron-muhlenkamp-co,SLB,SCHLUMBERGER LTD,12359550.0,"$12,359,550",https://valuesider.com/guru/ron-muhlenkamp-co/portfolio
ron-muhlenkamp-co,GLD,SPDR GOLD SHARES,8838109.0,"$8,838,109",https://valuesider.com/guru/ron-muhlenkamp-co/portfolio
ron-muhlenkamp-co,TMHC,TAYLOR MORRISON HOME CORP,9333721.0,"$9,333,721",https://valuesider.com/guru/ron-muhlenkamp-co/portfolio
ron-muhlenkamp-co,TRV,TRAVELERS COS INC/THE,1922228.0,"$1,922,228",https://valuesider.com/guru/ron-muhlenkamp-co/portfolio
ron-muhlenkamp-co,URI,UNITED RENTALS INC,12630248.0,"$12,630,248",https://valuesider.com/guru/ron-muhlenkamp-co/portfolio
ron-muhlenkamp-co,WAB,WABTEC CORP,13511598.0,"$13,511,598",https://valuesider.com/guru/ron-muhlenkamp-co/portfolio
bill-tweedy-christopher-browne-tweedy-browne-co,AAP,ADVANCE AUTO PARTS INC,596535.0,"$596,535",https://valuesider.com/guru/bill-tweedy-christopher-browne-tweedy-browne-co/portfolio
bill-tweedy-christopher-browne-tweedy-browne-co,AGCO,AGCO CORP,1137192.0,"$1,137,192",https://valuesider.com/guru/bill-tweedy-christopher-browne-tweedy-browne-co/portfolio
bill-tweedy-christopher-browne-tweedy-browne-co,ALB,ALBEMARLE CORP,638884.0,"$638,884",https://valuesider.com/guru/bill-tweedy-christopher-browne-tweedy-browne-co/portfolio
bill-tweedy-christopher-browne-tweedy-browne-co,BABA,ALIBABA GROUP HOLDING-SP ADR,595115.0,"$595,115",https://valuesider.com/guru/bill-tweedy-christopher-browne-tweedy-browne-co/portfolio
bill-tweedy-christopher-browne-tweedy-browne-co,ADS,ALLIANCE DATA SYSTEMS CORP,1455356.0,"$1,455,356",https://valuesider.com/guru/bill-tweedy-christopher-browne-tweedy-browne-co/portfolio
bill-tweedy-christopher-browne-tweedy-browne-co,ARLP,ALLIANCE RESOURCE PARTNERS,1084725.0,"$1,084,725",https://valuesider.com/guru/bill-tweedy-christopher-browne-tweedy-browne-co/portfolio
bill-tweedy-christopher-browne-tweedy-browne-co,ALSN,ALLISON TRANSMISSION HOLDING,986538.0,"$986,538",https://valuesider.com/guru/bill-tweedy-christopher-browne-tweedy-browne-co/portfolio
bill-tweedy-christopher-browne-tweedy-browne-co,GOOGL,ALPHABET INC-CL A,62462593.0,"$62,462,593",https://valuesider.com/guru/bill-tweedy-christopher-browne-tweedy-browne-co/portfolio
bill-tweedy-christopher-browne-tweedy-browne-co,AXP,AMERICAN EXPRESS CO,23895810.0,"$23,895,810",https://valuesider.com/guru/bill-tweedy-christopher-browne-tweedy-browne-co/portfolio
bill-tweedy-christopher-browne-tweedy-browne-co,AMN,AMN HEALTHCARE SERVICES INC,284815.0,"$284,815",https://valuesider.com/guru/bill-tweedy-christopher-browne-tweedy-browne-co/portfolio
bill-tweedy-christopher-browne-tweedy-browne-co,ANTM,ANTHEM INC,1096520.0,"$1,096,520",https://valuesider.com/guru/bill-tweedy-christopher-browne-tweedy-browne-co/portfolio
bill-tweedy-christopher-browne-tweedy-browne-co,ARW,ARROW ELECTRONICS INC,829655.0,"$829,655",https://valuesider.com/guru/bill-tweedy-christopher-browne-tweedy-browne-co/portfolio
bill-tweedy-christopher-browne-tweedy-browne-co,ATMU,ATMUS FILTRATION TECHNOLOGIE,2104950.0,"$2,104,950",https://valuesider.com/guru/bill-tweedy-christopher-browne-tweedy-browne-co/portfolio
bill-tweedy-christopher-browne-tweedy-browne-co,ALV,AUTOLIV INC,47589679.0,"$47,589,679",https://valuesider.com/guru/bill-tweedy-christopher-browne-tweedy-browne-co/portfolio
bill-tweedy-christopher-browne-tweedy-browne-co,AN,AUTONATION INC,1247965.0,"$1,247,965",https://valuesider.com/guru/bill-tweedy-christopher-browne-tweedy-browne-co/portfolio
bill-tweedy-christopher-browne-tweedy-browne-co,AZO,AUTOZONE INC,18972051.0,"$18,972,051",https://valuesider.com/guru/bill-tweedy-christopher-browne-tweedy-browne-co/portfolio
bill-tweedy-christopher-browne-tweedy-browne-co,BAC,BANK OF AMERICA CORP,20595410.0,"$20,595,410",https://valuesider.com/guru/bill-tweedy-christopher-browne-tweedy-browne-co/portfolio
bill-tweedy-christopher-browne-tweedy-browne-co,BK,BANK OF NEW YORK MELLON CORP,14789053.0,"$14,789,053",https://valuesider.com/guru/bill-tweedy-christopher-browne-tweedy-browne-co/portfolio
bill-tweedy-christopher-browne-tweedy-browne-co,BAX,BAXTER INTERNATIONAL INC,221757.0,"$221,757",https://valuesider.com/guru/bill-tweedy-christopher-browne-tweedy-browne-co/portfolio
bill-tweedy-christopher-browne-tweedy-browne-co,BZH,BEAZER HOMES USA INC,646045.0,"$646,045",https://valuesider.com/guru/bill-tweedy-christopher-browne-tweedy-browne-co/portfolio
bill-tweedy-christopher-browne-tweedy-browne-co,BRK.A,BERKSHIRE HATHAWAY INC CL-A,108691200.0,"$108,691,200",https://valuesider.com/guru/bill-tweedy-christopher-browne-tweedy-browne-co/portfolio
bill-tweedy-christopher-browne-tweedy-browne-co,BRK.B,BERKSHIRE HATHAWAY INC CL-B,48797765.0,"$48,797,765",https://valuesider.com/guru/bill-tweedy-christopher-browne-tweedy-browne-co/portfolio
bill-tweedy-christopher-browne-tweedy-browne-co,BSM,BLACK STONE MINERALS LP,662227.0,"$662,227",https://valuesider.com/guru/bill-tweedy-christopher-browne-tweedy-browne-co/portfolio
bill-tweedy-christopher-browne-tweedy-browne-co,BMY,BRISTOL-MYERS SQUIBB CO,908457.0,"$908,457",https://valuesider.com/guru/bill-tweedy-christopher-browne-tweedy-browne-co/portfolio
bill-tweedy-christopher-browne-tweedy-browne-co,CNC,CENTENE CORP,495775.0,"$495,775",https://valuesider.com/guru/bill-tweedy-christopher-browne-tweedy-browne-co/portfolio
bill-tweedy-christopher-browne-tweedy-browne-co,CSCO,CISCO SYSTEMS INC,4318918.0,"$4,318,918",https://valuesider.com/guru/bill-tweedy-christopher-browne-tweedy-browne-co/portfolio
bill-tweedy-christopher-browne-tweedy-browne-co,CLF,CLEVELAND-CLIFFS INC,805127.0,"$805,127",https://valuesider.com/guru/bill-tweedy-christopher-browne-tweedy-browne-co/portfolio
bill-tweedy-christopher-browne-tweedy-browne-co,CNHI,CNH INDUSTRIAL NV,186068387.0,"$186,068,387",https://valuesider.com/guru/bill-tweedy-christopher-browne-tweedy-browne-co/portfolio
bill-tweedy-christopher-browne-tweedy-browne-co,KOF,COCA-COLA FEMSA SAB-SP ADR,112586134.0,"$112,586,134",https://valuesider.com/guru/bill-tweedy-christopher-browne-tweedy-browne-co/portfolio
bill-tweedy-christopher-browne-tweedy-browne-co,CMCSA,COMCAST CORP-CLASS A,941415.0,"$941,415",https://valuesider.com/guru/bill-tweedy-christopher-browne-tweedy-browne-co/portfolio
bill-tweedy-christopher-browne-tweedy-browne-co,CNXC,CONCENTRIX CORP,580997.0,"$580,997",https://valuesider.com/guru/bill-tweedy-christopher-browne-tweedy-browne-co/portfolio
bill-tweedy-christopher-browne-tweedy-browne-co,COP,CONOCOPHILLIPS,2435358.0,"$2,435,358",https://valuesider.com/guru/bill-tweedy-christopher-browne-tweedy-browne-co/portfolio
bill-tweedy-christopher-browne-tweedy-browne-co,CCSI,CONSENSUS CLOUD SOLUTION,339825.0,"$339,825",https://valuesider.com/guru/bill-tweedy-christopher-browne-tweedy-browne-co/portfolio
bill-tweedy-christopher-browne-tweedy-browne-co,CROX,CROCS INC,773015.0,"$773,015",https://valuesider.com/guru/bill-tweedy-christopher-browne-tweedy-browne-co/portfolio
bill-tweedy-christopher-browne-tweedy-browne-co,CVS,CVS HEALTH CORP,959066.0,"$959,066",https://valuesider.com/guru/bill-tweedy-christopher-browne-tweedy-browne-co/portfolio
bill-tweedy-christopher-browne-tweedy-browne-co,DVN,DEVON ENERGY CORP,606776.0,"$606,776",https://valuesider.com/guru/bill-tweedy-christopher-browne-tweedy-browne-co/portfolio
bill-tweedy-christopher-browne-tweedy-browne-co,DEO,DIAGEO PLC-SPONSORED ADR,11198536.0,"$11,198,536",https://valuesider.com/guru/bill-tweedy-christopher-browne-tweedy-browne-co/portfolio
bill-tweedy-christopher-browne-tweedy-browne-co,LPG,DORIAN LPG LTD,549816.0,"$549,816",https://valuesider.com/guru/bill-tweedy-christopher-browne-tweedy-browne-co/portfolio
bill-tweedy-christopher-browne-tweedy-browne-co,EMBC,EMBECTA CORP,572509.0,"$572,509",https://valuesider.com/guru/bill-tweedy-christopher-browne-tweedy-browne-co/portfolio
bill-tweedy-christopher-browne-tweedy-browne-co,EMR,EMERSON ELECTRIC CO,1186915.0,"$1,186,915",https://valuesider.com/guru/bill-tweedy-christopher-browne-tweedy-browne-co/portfolio
bill-tweedy-christopher-browne-tweedy-browne-co,EPD,ENTERPRISE PRODUCTS PARTNERS,3476426.0,"$3,476,426",https://valuesider.com/guru/bill-tweedy-christopher-browne-tweedy-browne-co/portfolio
bill-tweedy-christopher-browne-tweedy-browne-co,NVST,ENVISTA HOLDINGS CORP,31334759.0,"$31,334,759",https://valuesider.com/guru/bill-tweedy-christopher-browne-tweedy-browne-co/portfolio
bill-tweedy-christopher-browne-tweedy-browne-co,FDX,FEDEX CORP,32568098.0,"$32,568,098",https://valuesider.com/guru/bill-tweedy-christopher-browne-tweedy-browne-co/portfolio
bill-tweedy-christopher-browne-tweedy-browne-co,FIBK,FIRST INTERSTATE BANCSYS-A,1099415.0,"$1,099,415",https://valuesider.com/guru/bill-tweedy-christopher-browne-tweedy-browne-co/portfolio
bill-tweedy-christopher-browne-tweedy-browne-co,FMC,FMC CORP,279508.0,"$279,508",https://valuesider.com/guru/bill-tweedy-christopher-browne-tweedy-browne-co/portfolio
bill-tweedy-christopher-browne-tweedy-browne-co,GIII,G-III APPAREL GROUP LTD,1124893.0,"$1,124,893",https://valuesider.com/guru/bill-tweedy-christopher-browne-tweedy-browne-co/portfolio
bill-tweedy-christopher-browne-tweedy-browne-co,GM,GENERAL MOTORS CO,2089517.0,"$2,089,517",https://valuesider.com/guru/bill-tweedy-christopher-browne-tweedy-browne-co/portfolio
bill-tweedy-christopher-browne-tweedy-browne-co,GL,GLOBE LIFE INC,3892723.0,"$3,892,723",https://valuesider.com/guru/bill-tweedy-christopher-browne-tweedy-browne-co/portfolio
bill-tweedy-christopher-browne-tweedy-browne-co,GSK,GSK PLC-SPON ADR,4033197.0,"$4,033,197",https://valuesider.com/guru/bill-tweedy-christopher-browne-tweedy-browne-co/portfolio
bill-tweedy-christopher-browne-tweedy-browne-co,HAFN,HAFNIA LTD,1046711.0,"$1,046,711",https://valuesider.com/guru/bill-tweedy-christopher-browne-tweedy-browne-co/portfolio
bill-tweedy-christopher-browne-tweedy-browne-co,HLN,HALEON,773718.0,"$773,718",https://valuesider.com/guru/bill-tweedy-christopher-browne-tweedy-browne-co/portfolio
bill-tweedy-christopher-browne-tweedy-browne-co,HCI,HCI GROUP INC,2090571.0,"$2,090,571",https://valuesider.com/guru/bill-tweedy-christopher-browne-tweedy-browne-co/portfolio
bill-tweedy-christopher-browne-tweedy-browne-co,HTLD,HEARTLAND EXPRESS INC,724188.0,"$724,188",https://valuesider.com/guru/bill-tweedy-christopher-browne-tweedy-browne-co/portfolio
bill-tweedy-christopher-browne-tweedy-browne-co,HP,HELMERICH & PAYNE,880734.0,"$880,734",https://valuesider.com/guru/bill-tweedy-christopher-browne-tweedy-browne-co/portfolio
bill-tweedy-christopher-browne-tweedy-browne-co,HLF,HERBALIFE NUTRITION LTD,663577.0,"$663,577",https://valuesider.com/guru/bill-tweedy-christopher-browne-tweedy-browne-co/portfolio
bill-tweedy-christopher-browne-tweedy-browne-co,DINO,HF SINCLAIR CORP,768799.0,"$768,799",https://valuesider.com/guru/bill-tweedy-christopher-browne-tweedy-browne-co/portfolio
bill-tweedy-christopher-browne-tweedy-browne-co,IONS,IONIS PHARMACEUTICALS INC,195000612.0,"$195,000,612",https://valuesider.com/guru/bill-tweedy-christopher-browne-tweedy-browne-co/portfolio
bill-tweedy-christopher-browne-tweedy-browne-co,JNJ,JOHNSON & JOHNSON,48855721.0,"$48,855,721",https://valuesider.com/guru/bill-tweedy-christopher-browne-tweedy-browne-co/portfolio
bill-tweedy-christopher-browne-tweedy-browne-co,KVUE,KENVUE INC,705646.0,"$705,646",https://valuesider.com/guru/bill-tweedy-christopher-browne-tweedy-browne-co/portfolio
bill-tweedy-christopher-browne-tweedy-browne-co,KT,KT CORP-SP ADR,1658149.0,"$1,658,149",https://valuesider.com/guru/bill-tweedy-christopher-browne-tweedy-browne-co/portfolio
bill-tweedy-christopher-browne-tweedy-browne-co,LW,LAMB WESTON HOLDINGS INC,693908.0,"$693,908",https://valuesider.com/guru/bill-tweedy-christopher-browne-tweedy-browne-co/portfolio
bill-tweedy-christopher-browne-tweedy-browne-co,MICC,MAGNUM ICE CREAM CO NV/THE,197142.0,"$197,142",https://valuesider.com/guru/bill-tweedy-christopher-browne-tweedy-browne-co/portfolio
bill-tweedy-christopher-browne-tweedy-browne-co,MTDR,MATADOR RESOURCES CO,767358.0,"$767,358",https://valuesider.com/guru/bill-tweedy-christopher-browne-tweedy-browne-co/portfolio
bill-tweedy-christopher-browne-tweedy-browne-co,TAP,MOLSON COORS BEVERAGE CO - B,941396.0,"$941,396",https://valuesider.com/guru/bill-tweedy-christopher-browne-tweedy-browne-co/portfolio
bill-tweedy-christopher-browne-tweedy-browne-co,NE,NOBLE CORP PLC,978149.0,"$978,149",https://valuesider.com/guru/bill-tweedy-christopher-browne-tweedy-browne-co/portfolio
bill-tweedy-christopher-browne-tweedy-browne-co,NVS,NOVARTIS AG-SPONSORED ADR,10327152.0,"$10,327,152",https://valuesider.com/guru/bill-tweedy-christopher-browne-tweedy-browne-co/portfolio
bill-tweedy-christopher-browne-tweedy-browne-co,NTR,NUTRIEN LTD,1096122.0,"$1,096,122",https://valuesider.com/guru/bill-tweedy-christopher-browne-tweedy-browne-co/portfolio
bill-tweedy-christopher-browne-tweedy-browne-co,OEC,ORION ENGINEERED CARBONS SA,206749.0,"$206,749",https://valuesider.com/guru/bill-tweedy-christopher-browne-tweedy-browne-co/portfolio
bill-tweedy-christopher-browne-tweedy-browne-co,ORCC,OWL ROCK CAPITAL CORP,879808.0,"$879,808",https://valuesider.com/guru/bill-tweedy-christopher-browne-tweedy-browne-co/portfolio
bill-tweedy-christopher-browne-tweedy-browne-co,PSX,PHILLIPS 66,1613258.0,"$1,613,258",https://valuesider.com/guru/bill-tweedy-christopher-browne-tweedy-browne-co/portfolio
bill-tweedy-christopher-browne-tweedy-browne-co,PNC,PNC FINANCIAL SERVICES GROUP,1266574.0,"$1,266,574",https://valuesider.com/guru/bill-tweedy-christopher-browne-tweedy-browne-co/portfolio
bill-tweedy-christopher-browne-tweedy-browne-co,PGR,PROGRESSIVE CORP,3122269.0,"$3,122,269",https://valuesider.com/guru/bill-tweedy-christopher-browne-tweedy-browne-co/portfolio
bill-tweedy-christopher-browne-tweedy-browne-co,PSEC,PROSPECT CAPITAL CORP,422048.0,"$422,048",https://valuesider.com/guru/bill-tweedy-christopher-browne-tweedy-browne-co/portfolio
bill-tweedy-christopher-browne-tweedy-browne-co,REZI,RESIDEO TECHNOLOGIES INC,1639577.0,"$1,639,577",https://valuesider.com/guru/bill-tweedy-christopher-browne-tweedy-browne-co/portfolio
bill-tweedy-christopher-browne-tweedy-browne-co,SEE,SEALED AIR CORP,18013688.0,"$18,013,688",https://valuesider.com/guru/bill-tweedy-christopher-browne-tweedy-browne-co/portfolio
bill-tweedy-christopher-browne-tweedy-browne-co,SFNC,SIMMONS FIRST NATL CORP-CL A,915582.0,"$915,582",https://valuesider.com/guru/bill-tweedy-christopher-browne-tweedy-browne-co/portfolio
bill-tweedy-christopher-browne-tweedy-browne-co,SIRI,SIRIUS XM HOLDINGS INC,602249.0,"$602,249",https://valuesider.com/guru/bill-tweedy-christopher-browne-tweedy-browne-co/portfolio
bill-tweedy-christopher-browne-tweedy-browne-co,SNEX,STONEX GROUP INC,2157168.0,"$2,157,168",https://valuesider.com/guru/bill-tweedy-christopher-browne-tweedy-browne-co/portfolio
bill-tweedy-christopher-browne-tweedy-browne-co,TDW,TIDEWATER INC,836698.0,"$836,698",https://valuesider.com/guru/bill-tweedy-christopher-browne-tweedy-browne-co/portfolio
bill-tweedy-christopher-browne-tweedy-browne-co,TRMD,TORM PLC-A,951490.0,"$951,490",https://valuesider.com/guru/bill-tweedy-christopher-browne-tweedy-browne-co/portfolio
bill-tweedy-christopher-browne-tweedy-browne-co,TTE,TOTALENERGIES SE,8837588.0,"$8,837,588",https://valuesider.com/guru/bill-tweedy-christopher-browne-tweedy-browne-co/portfolio
bill-tweedy-christopher-browne-tweedy-browne-co,TFC,TRUIST FINANCIAL CORP,27663894.0,"$27,663,894",https://valuesider.com/guru/bill-tweedy-christopher-browne-tweedy-browne-co/portfolio
bill-tweedy-christopher-browne-tweedy-browne-co,TSN,TYSON FOODS INC-CL A,971040.0,"$971,040",https://valuesider.com/guru/bill-tweedy-christopher-browne-tweedy-browne-co/portfolio
bill-tweedy-christopher-browne-tweedy-browne-co,UHAL.B,U-HAUL HOLDING CO-NON VOTING,21790983.0,"$21,790,983",https://valuesider.com/guru/bill-tweedy-christopher-browne-tweedy-browne-co/portfolio
bill-tweedy-christopher-browne-tweedy-browne-co,UNF,UNIFIRST CORP/MA,19687181.0,"$19,687,181",https://valuesider.com/guru/bill-tweedy-christopher-browne-tweedy-browne-co/portfolio
bill-tweedy-christopher-browne-tweedy-browne-co,UL,UNILEVER PLC-SPONSORED ADR,3621438.0,"$3,621,438",https://valuesider.com/guru/bill-tweedy-christopher-browne-tweedy-browne-co/portfolio
bill-tweedy-christopher-browne-tweedy-browne-co,UNP,UNION PACIFIC CORP,4637966.0,"$4,637,966",https://valuesider.com/guru/bill-tweedy-christopher-browne-tweedy-browne-co/portfolio
bill-tweedy-christopher-browne-tweedy-browne-co,UPS,UNITED PARCEL SERVICE-CL B,976228.0,"$976,228",https://valuesider.com/guru/bill-tweedy-christopher-browne-tweedy-browne-co/portfolio
bill-tweedy-christopher-browne-tweedy-browne-co,UNH,UNITEDHEALTH GROUP INC,811740.0,"$811,740",https://valuesider.com/guru/bill-tweedy-christopher-browne-tweedy-browne-co/portfolio
bill-tweedy-christopher-browne-tweedy-browne-co,USB,US BANCORP,9912580.0,"$9,912,580",https://valuesider.com/guru/bill-tweedy-christopher-browne-tweedy-browne-co/portfolio
bill-tweedy-christopher-browne-tweedy-browne-co,VZ,VERIZON COMMUNICATIONS INC,976380.0,"$976,380",https://valuesider.com/guru/bill-tweedy-christopher-browne-tweedy-browne-co/portfolio
bill-tweedy-christopher-browne-tweedy-browne-co,VRTX,VERTEX PHARMACEUTICALS INC,17748137.0,"$17,748,137",https://valuesider.com/guru/bill-tweedy-christopher-browne-tweedy-browne-co/portfolio
bill-tweedy-christopher-browne-tweedy-browne-co,WFC,WELLS FARGO & CO,52133004.0,"$52,133,004",https://valuesider.com/guru/bill-tweedy-christopher-browne-tweedy-browne-co/portfolio
bill-tweedy-christopher-browne-tweedy-browne-co,WU,WESTERN UNION CO,1003180.0,"$1,003,180",https://valuesider.com/guru/bill-tweedy-christopher-browne-tweedy-browne-co/portfolio
bill-tweedy-christopher-browne-tweedy-browne-co,ZION,ZIONS BANCORP NA,1410990.0,"$1,410,990",https://valuesider.com/guru/bill-tweedy-christopher-browne-tweedy-browne-co/portfolio
robert-olstein-olstein-capital-management,ABM,ABM INDUSTRIES INC,8941000.0,"$8,941,000",https://valuesider.com/guru/robert-olstein-olstein-capital-management/portfolio
robert-olstein-olstein-capital-management,ADBE,ADOBE INC,5600000.0,"$5,600,000",https://valuesider.com/guru/robert-olstein-olstein-capital-management/portfolio
robert-olstein-olstein-capital-management,AEBI,AEBI SCHMIDT HOLDING AG,1861000.0,"$1,861,000",https://valuesider.com/guru/robert-olstein-olstein-capital-management/portfolio
robert-olstein-olstein-capital-management,AGCO,AGCO CORP,939000.0,"$939,000",https://valuesider.com/guru/robert-olstein-olstein-capital-management/portfolio
robert-olstein-olstein-capital-management,GOOG,ALPHABET INC-CL C,2354000.0,"$2,354,000",https://valuesider.com/guru/robert-olstein-olstein-capital-management/portfolio
robert-olstein-olstein-capital-management,AMZN,AMAZONCOM INC,2885000.0,"$2,885,000",https://valuesider.com/guru/robert-olstein-olstein-capital-management/portfolio
robert-olstein-olstein-capital-management,AAPL,APPLE INC,3534000.0,"$3,534,000",https://valuesider.com/guru/robert-olstein-olstein-capital-management/portfolio
robert-olstein-olstein-capital-management,APTV,APTIV PLC,6506000.0,"$6,506,000",https://valuesider.com/guru/robert-olstein-olstein-capital-management/portfolio
robert-olstein-olstein-capital-management,AVTR,AVANTOR INC,9374000.0,"$9,374,000",https://valuesider.com/guru/robert-olstein-olstein-capital-management/portfolio
robert-olstein-olstein-capital-management,BAX,BAXTER INTERNATIONAL INC,7969000.0,"$7,969,000",https://valuesider.com/guru/robert-olstein-olstein-capital-management/portfolio
robert-olstein-olstein-capital-management,BDX,BECTON DICKINSON AND CO,8248000.0,"$8,248,000",https://valuesider.com/guru/robert-olstein-olstein-capital-management/portfolio
robert-olstein-olstein-capital-management,BRK.B,BERKSHIRE HATHAWAY INC CL-B,5529000.0,"$5,529,000",https://valuesider.com/guru/robert-olstein-olstein-capital-management/portfolio
robert-olstein-olstein-capital-management,BLBD,BLUE BIRD CORP,1081000.0,"$1,081,000",https://valuesider.com/guru/robert-olstein-olstein-capital-management/portfolio
robert-olstein-olstein-capital-management,BRC,BRADY CORPORATION - CL A,823000.0,"$823,000",https://valuesider.com/guru/robert-olstein-olstein-capital-management/portfolio
robert-olstein-olstein-capital-management,CBRE,CBRE GROUP INC - A,6110000.0,"$6,110,000",https://valuesider.com/guru/robert-olstein-olstein-capital-management/portfolio
robert-olstein-olstein-capital-management,CENTA,CENTRAL GARDEN AND PET CO-A,1532000.0,"$1,532,000",https://valuesider.com/guru/robert-olstein-olstein-capital-management/portfolio
robert-olstein-olstein-capital-management,CB,CHUBB LTD,5930000.0,"$5,930,000",https://valuesider.com/guru/robert-olstein-olstein-capital-management/portfolio
robert-olstein-olstein-capital-management,CSCO,CISCO SYSTEMS INC,5007000.0,"$5,007,000",https://valuesider.com/guru/robert-olstein-olstein-capital-management/portfolio
robert-olstein-olstein-capital-management,CFG,CITIZENS FINANCIAL GROUP,6133000.0,"$6,133,000",https://valuesider.com/guru/robert-olstein-olstein-capital-management/portfolio
robert-olstein-olstein-capital-management,STZ,CONSTELLATION BRANDS INC-A,4967000.0,"$4,967,000",https://valuesider.com/guru/robert-olstein-olstein-capital-management/portfolio
robert-olstein-olstein-capital-management,GLW,CORNING INC,2627000.0,"$2,627,000",https://valuesider.com/guru/robert-olstein-olstein-capital-management/portfolio
robert-olstein-olstein-capital-management,CTVA,CORTEVA INC,5899000.0,"$5,899,000",https://valuesider.com/guru/robert-olstein-olstein-capital-management/portfolio
robert-olstein-olstein-capital-management,CMI,CUMMINS INC,2399000.0,"$2,399,000",https://valuesider.com/guru/robert-olstein-olstein-capital-management/portfolio
robert-olstein-olstein-capital-management,CWK,CUSHMAN & WAKEFIELD LTD,1433000.0,"$1,433,000",https://valuesider.com/guru/robert-olstein-olstein-capital-management/portfolio
robert-olstein-olstein-capital-management,CVS,CVS HEALTH CORP,4444000.0,"$4,444,000",https://valuesider.com/guru/robert-olstein-olstein-capital-management/portfolio
robert-olstein-olstein-capital-management,DE,DEERE & CO,3492000.0,"$3,492,000",https://valuesider.com/guru/robert-olstein-olstein-capital-management/portfolio
robert-olstein-olstein-capital-management,DAL,DELTA AIR LINES INC,7086000.0,"$7,086,000",https://valuesider.com/guru/robert-olstein-olstein-capital-management/portfolio
robert-olstein-olstein-capital-management,DIN,DINE BRANDS GLOBAL INC,7360000.0,"$7,360,000",https://valuesider.com/guru/robert-olstein-olstein-capital-management/portfolio
robert-olstein-olstein-capital-management,PLOW,DOUGLAS DYNAMICS INC,980000.0,"$980,000",https://valuesider.com/guru/robert-olstein-olstein-capital-management/portfolio
robert-olstein-olstein-capital-management,DOV,DOVER CORP,5797000.0,"$5,797,000",https://valuesider.com/guru/robert-olstein-olstein-capital-management/portfolio
robert-olstein-olstein-capital-management,EBAY,EBAY INC,1916000.0,"$1,916,000",https://valuesider.com/guru/robert-olstein-olstein-capital-management/portfolio
robert-olstein-olstein-capital-management,EFX,EQUIFAX INC,3906000.0,"$3,906,000",https://valuesider.com/guru/robert-olstein-olstein-capital-management/portfolio
robert-olstein-olstein-capital-management,FDX,FEDEX CORP,7366000.0,"$7,366,000",https://valuesider.com/guru/robert-olstein-olstein-capital-management/portfolio
robert-olstein-olstein-capital-management,FIS,FIDELITY NATIONAL INFO SERV,8073000.0,"$8,073,000",https://valuesider.com/guru/robert-olstein-olstein-capital-management/portfolio
robert-olstein-olstein-capital-management,FITB,FIFTH THIRD BANCORP,6366000.0,"$6,366,000",https://valuesider.com/guru/robert-olstein-olstein-capital-management/portfolio
robert-olstein-olstein-capital-management,FA,FIRST ADVANTAGE CORP,1075000.0,"$1,075,000",https://valuesider.com/guru/robert-olstein-olstein-capital-management/portfolio
robert-olstein-olstein-capital-management,FHB,FIRST HAWAIIAN INC,1012000.0,"$1,012,000",https://valuesider.com/guru/robert-olstein-olstein-capital-management/portfolio
robert-olstein-olstein-capital-management,FTV,FORTIVE CORP,5521000.0,"$5,521,000",https://valuesider.com/guru/robert-olstein-olstein-capital-management/portfolio
robert-olstein-olstein-capital-management,GTES,GATES INDUSTRIAL CORP PLC,1803000.0,"$1,803,000",https://valuesider.com/guru/robert-olstein-olstein-capital-management/portfolio
robert-olstein-olstein-capital-management,GD,GENERAL DYNAMICS CORP,7407000.0,"$7,407,000",https://valuesider.com/guru/robert-olstein-olstein-capital-management/portfolio
robert-olstein-olstein-capital-management,GM,GENERAL MOTORS CO,3903000.0,"$3,903,000",https://valuesider.com/guru/robert-olstein-olstein-capital-management/portfolio
robert-olstein-olstein-capital-management,GS,GOLDMAN SACHS GROUP INC,1319000.0,"$1,319,000",https://valuesider.com/guru/robert-olstein-olstein-capital-management/portfolio
robert-olstein-olstein-capital-management,GHM,GRAHAM CORP,417000.0,"$417,000",https://valuesider.com/guru/robert-olstein-olstein-capital-management/portfolio
robert-olstein-olstein-capital-management,HSIC,HENRY SCHEIN INC,6727000.0,"$6,727,000",https://valuesider.com/guru/robert-olstein-olstein-capital-management/portfolio
robert-olstein-olstein-capital-management,HOMB,HOME BANCSHARES INC,1028000.0,"$1,028,000",https://valuesider.com/guru/robert-olstein-olstein-capital-management/portfolio
robert-olstein-olstein-capital-management,HON,HONEYWELL INTERNATIONAL INC,5072000.0,"$5,072,000",https://valuesider.com/guru/robert-olstein-olstein-capital-management/portfolio
robert-olstein-olstein-capital-management,IART,INTEGRA LIFESCIENCES HOLDING,1528000.0,"$1,528,000",https://valuesider.com/guru/robert-olstein-olstein-capital-management/portfolio
robert-olstein-olstein-capital-management,IFF,INTL FLAVORS & FRAGRANCES,8559000.0,"$8,559,000",https://valuesider.com/guru/robert-olstein-olstein-capital-management/portfolio
robert-olstein-olstein-capital-management,IVZ,INVESCO LTD,6121000.0,"$6,121,000",https://valuesider.com/guru/robert-olstein-olstein-capital-management/portfolio
robert-olstein-olstein-capital-management,JNJ,JOHNSON & JOHNSON,6002000.0,"$6,002,000",https://valuesider.com/guru/robert-olstein-olstein-capital-management/portfolio
robert-olstein-olstein-capital-management,JLL,JONES LANG LASALLE INC,5888000.0,"$5,888,000",https://valuesider.com/guru/robert-olstein-olstein-capital-management/portfolio
robert-olstein-olstein-capital-management,KFY,KORN FERRY,5080000.0,"$5,080,000",https://valuesider.com/guru/robert-olstein-olstein-capital-management/portfolio
robert-olstein-olstein-capital-management,KLIC,KULICKE & SOFFA INDUSTRIES,6491000.0,"$6,491,000",https://valuesider.com/guru/robert-olstein-olstein-capital-management/portfolio
robert-olstein-olstein-capital-management,LHX,L3HARRIS TECHNOLOGIES INC,3699000.0,"$3,699,000",https://valuesider.com/guru/robert-olstein-olstein-capital-management/portfolio
robert-olstein-olstein-capital-management,LKQ,LKQ CORP,9612000.0,"$9,612,000",https://valuesider.com/guru/robert-olstein-olstein-capital-management/portfolio
robert-olstein-olstein-capital-management,LMT,LOCKHEED MARTIN CORP,3966000.0,"$3,966,000",https://valuesider.com/guru/robert-olstein-olstein-capital-management/portfolio
robert-olstein-olstein-capital-management,MDT,MEDTRONIC PLC,7012000.0,"$7,012,000",https://valuesider.com/guru/robert-olstein-olstein-capital-management/portfolio
robert-olstein-olstein-capital-management,META,META PLATFORMS INC-CLASS A,3763000.0,"$3,763,000",https://valuesider.com/guru/robert-olstein-olstein-capital-management/portfolio
robert-olstein-olstein-capital-management,MSFT,MICROSOFT CORP,4836000.0,"$4,836,000",https://valuesider.com/guru/robert-olstein-olstein-capital-management/portfolio
robert-olstein-olstein-capital-management,MIDD,MIDDLEBY CORP,7136000.0,"$7,136,000",https://valuesider.com/guru/robert-olstein-olstein-capital-management/portfolio
robert-olstein-olstein-capital-management,MLR,MILLER INDUSTRIES INC/TENN,803000.0,"$803,000",https://valuesider.com/guru/robert-olstein-olstein-capital-management/portfolio
robert-olstein-olstein-capital-management,MHK,MOHAWK INDUSTRIES INC,7514000.0,"$7,514,000",https://valuesider.com/guru/robert-olstein-olstein-capital-management/portfolio
robert-olstein-olstein-capital-management,NDAQ,NASDAQ INC,7508000.0,"$7,508,000",https://valuesider.com/guru/robert-olstein-olstein-capital-management/portfolio
robert-olstein-olstein-capital-management,NKE,NIKE INC -CL B,6626000.0,"$6,626,000",https://valuesider.com/guru/robert-olstein-olstein-capital-management/portfolio
robert-olstein-olstein-capital-management,NOV,NOV INC,735000.0,"$735,000",https://valuesider.com/guru/robert-olstein-olstein-capital-management/portfolio
robert-olstein-olstein-capital-management,OMC,OMNICOM GROUP,8883000.0,"$8,883,000",https://valuesider.com/guru/robert-olstein-olstein-capital-management/portfolio
robert-olstein-olstein-capital-management,ON,ON SEMICONDUCTOR CORP,5577000.0,"$5,577,000",https://valuesider.com/guru/robert-olstein-olstein-capital-management/portfolio
robert-olstein-olstein-capital-management,PEP,PEPSICO INC,4019000.0,"$4,019,000",https://valuesider.com/guru/robert-olstein-olstein-capital-management/portfolio
robert-olstein-olstein-capital-management,PBH,PRESTIGE CONSUMER HEALTHCARE,1295000.0,"$1,295,000",https://valuesider.com/guru/robert-olstein-olstein-capital-management/portfolio
robert-olstein-olstein-capital-management,PGNY,PROGYNY INC,924000.0,"$924,000",https://valuesider.com/guru/robert-olstein-olstein-capital-management/portfolio
robert-olstein-olstein-capital-management,PB,PROSPERITY BANCSHARES INC,829000.0,"$829,000",https://valuesider.com/guru/robert-olstein-olstein-capital-management/portfolio
robert-olstein-olstein-capital-management,DGX,QUEST DIAGNOSTICS INC,6941000.0,"$6,941,000",https://valuesider.com/guru/robert-olstein-olstein-capital-management/portfolio
robert-olstein-olstein-capital-management,RAL,RALLIANT CORP,7280000.0,"$7,280,000",https://valuesider.com/guru/robert-olstein-olstein-capital-management/portfolio
robert-olstein-olstein-capital-management,RTX,RAYTHEON TECHNOLOGIES CORP,2934000.0,"$2,934,000",https://valuesider.com/guru/robert-olstein-olstein-capital-management/portfolio
robert-olstein-olstein-capital-management,REYN,REYNOLDS CONSUMER PRODUCTS I,6143000.0,"$6,143,000",https://valuesider.com/guru/robert-olstein-olstein-capital-management/portfolio
robert-olstein-olstein-capital-management,SPGI,S&P GLOBAL INC,4076000.0,"$4,076,000",https://valuesider.com/guru/robert-olstein-olstein-capital-management/portfolio
robert-olstein-olstein-capital-management,SLB,SCHLUMBERGER LTD,8444000.0,"$8,444,000",https://valuesider.com/guru/robert-olstein-olstein-capital-management/portfolio
robert-olstein-olstein-capital-management,ST,SENSATA TECHNOLOGIES HOLDING,9454000.0,"$9,454,000",https://valuesider.com/guru/robert-olstein-olstein-capital-management/portfolio
robert-olstein-olstein-capital-management,SOLS,SOLSTICE ADV MATERIALS INC,2803000.0,"$2,803,000",https://valuesider.com/guru/robert-olstein-olstein-capital-management/portfolio
robert-olstein-olstein-capital-management,LUV,SOUTHWEST AIRLINES CO,5249000.0,"$5,249,000",https://valuesider.com/guru/robert-olstein-olstein-capital-management/portfolio
robert-olstein-olstein-capital-management,SSNC,SS&C TECHNOLOGIES HOLDINGS,4808000.0,"$4,808,000",https://valuesider.com/guru/robert-olstein-olstein-capital-management/portfolio
robert-olstein-olstein-capital-management,SWK,STANLEY BLACK & DECKER INC,5720000.0,"$5,720,000",https://valuesider.com/guru/robert-olstein-olstein-capital-management/portfolio
robert-olstein-olstein-capital-management,SYY,SYSCO CORP,5527000.0,"$5,527,000",https://valuesider.com/guru/robert-olstein-olstein-capital-management/portfolio
robert-olstein-olstein-capital-management,TGT,TARGET CORP,8016000.0,"$8,016,000",https://valuesider.com/guru/robert-olstein-olstein-capital-management/portfolio
robert-olstein-olstein-capital-management,TNC,TENNANT CO,958000.0,"$958,000",https://valuesider.com/guru/robert-olstein-olstein-capital-management/portfolio
robert-olstein-olstein-capital-management,TXN,TEXAS INSTRUMENTS INC,4684000.0,"$4,684,000",https://valuesider.com/guru/robert-olstein-olstein-capital-management/portfolio
robert-olstein-olstein-capital-management,TMO,THERMO FISHER SCIENTIFIC INC,3708000.0,"$3,708,000",https://valuesider.com/guru/robert-olstein-olstein-capital-management/portfolio
robert-olstein-olstein-capital-management,TKR,TIMKEN CO,698000.0,"$698,000",https://valuesider.com/guru/robert-olstein-olstein-capital-management/portfolio
robert-olstein-olstein-capital-management,TRV,TRAVELERS COS INC/THE,6961000.0,"$6,961,000",https://valuesider.com/guru/robert-olstein-olstein-capital-management/portfolio
robert-olstein-olstein-capital-management,UBER,UBER TECHNOLOGIES INC,3759000.0,"$3,759,000",https://valuesider.com/guru/robert-olstein-olstein-capital-management/portfolio
robert-olstein-olstein-capital-management,UPS,UNITED PARCEL SERVICE-CL B,6348000.0,"$6,348,000",https://valuesider.com/guru/robert-olstein-olstein-capital-management/portfolio
robert-olstein-olstein-capital-management,UNH,UNITEDHEALTH GROUP INC,4952000.0,"$4,952,000",https://valuesider.com/guru/robert-olstein-olstein-capital-management/portfolio
robert-olstein-olstein-capital-management,USB,US BANCORP,6563000.0,"$6,563,000",https://valuesider.com/guru/robert-olstein-olstein-capital-management/portfolio
robert-olstein-olstein-capital-management,V,VISA INC-CLASS A SHARES,2104000.0,"$2,104,000",https://valuesider.com/guru/robert-olstein-olstein-capital-management/portfolio
robert-olstein-olstein-capital-management,VSH,VISHAY INTERTECHNOLOGY INC,1116000.0,"$1,116,000",https://valuesider.com/guru/robert-olstein-olstein-capital-management/portfolio
robert-olstein-olstein-capital-management,VNT,VONTIER CORP,9518000.0,"$9,518,000",https://valuesider.com/guru/robert-olstein-olstein-capital-management/portfolio
robert-olstein-olstein-capital-management,DIS,WALT DISNEY CO/THE,12272000.0,"$12,272,000",https://valuesider.com/guru/robert-olstein-olstein-capital-management/portfolio
robert-olstein-olstein-capital-management,WFC,WELLS FARGO & CO,6244000.0,"$6,244,000",https://valuesider.com/guru/robert-olstein-olstein-capital-management/portfolio
robert-olstein-olstein-capital-management,WCC,WESCO INTERNATIONAL INC,3792000.0,"$3,792,000",https://valuesider.com/guru/robert-olstein-olstein-capital-management/portfolio
robert-olstein-olstein-capital-management,WLTW,WILLIS TOWERS WATSON PLC,4995000.0,"$4,995,000",https://valuesider.com/guru/robert-olstein-olstein-capital-management/portfolio
robert-olstein-olstein-capital-management,ZBH,ZIMMER BIOMET HOLDINGS INC,7373000.0,"$7,373,000",https://valuesider.com/guru/robert-olstein-olstein-capital-management/portfolio
donald-yacktman-yacktman-asset-management,AMRK,A-MARK PRECIOUS METALS INC,238350.0,"$238,350",https://valuesider.com/guru/donald-yacktman-yacktman-asset-management/portfolio
donald-yacktman-yacktman-asset-management,GOOG,ALPHABET INC-CL C,354533437.0,"$354,533,437",https://valuesider.com/guru/donald-yacktman-yacktman-asset-management/portfolio
donald-yacktman-yacktman-asset-management,MO,ALTRIA GROUP INC,242172.0,"$242,172",https://valuesider.com/guru/donald-yacktman-yacktman-asset-management/portfolio
donald-yacktman-yacktman-asset-management,UHAL,AMERCO,16497983.0,"$16,497,983",https://valuesider.com/guru/donald-yacktman-yacktman-asset-management/portfolio
donald-yacktman-yacktman-asset-management,CRMT,AMERICA'S CAR-MART INC,3915300.0,"$3,915,300",https://valuesider.com/guru/donald-yacktman-yacktman-asset-management/portfolio
donald-yacktman-yacktman-asset-management,AMPY,AMPLIFY ENERGY CORP,1051100.0,"$1,051,100",https://valuesider.com/guru/donald-yacktman-yacktman-asset-management/portfolio
donald-yacktman-yacktman-asset-management,ANTM,ANTHEM INC,115245416.0,"$115,245,416",https://valuesider.com/guru/donald-yacktman-yacktman-asset-management/portfolio
donald-yacktman-yacktman-asset-management,AON,AON PLC-CLASS A,4557445.0,"$4,557,445",https://valuesider.com/guru/donald-yacktman-yacktman-asset-management/portfolio
donald-yacktman-yacktman-asset-management,AWI,ARMSTRONG WORLD INDUSTRIES,141746896.0,"$141,746,896",https://valuesider.com/guru/donald-yacktman-yacktman-asset-management/portfolio
donald-yacktman-yacktman-asset-management,BK,BANK OF NEW YORK MELLON CORP,42458292.0,"$42,458,292",https://valuesider.com/guru/donald-yacktman-yacktman-asset-management/portfolio
donald-yacktman-yacktman-asset-management,BRK.B,BERKSHIRE HATHAWAY INC CL-B,157346037.0,"$157,346,037",https://valuesider.com/guru/donald-yacktman-yacktman-asset-management/portfolio
donald-yacktman-yacktman-asset-management,CNQ,CANADIAN NATURAL RESOURCES,635547967.0,"$635,547,967",https://valuesider.com/guru/donald-yacktman-yacktman-asset-management/portfolio
donald-yacktman-yacktman-asset-management,CATO,CATO CORP-CLASS A,325825.0,"$325,825",https://valuesider.com/guru/donald-yacktman-yacktman-asset-management/portfolio
donald-yacktman-yacktman-asset-management,CSCO,CISCO SYSTEMS INC,26239345.0,"$26,239,345",https://valuesider.com/guru/donald-yacktman-yacktman-asset-management/portfolio
donald-yacktman-yacktman-asset-management,CLX,CLOROX COMPANY,4849419.0,"$4,849,419",https://valuesider.com/guru/donald-yacktman-yacktman-asset-management/portfolio
donald-yacktman-yacktman-asset-management,KO,COCA-COLA CO/THE,147415302.0,"$147,415,302",https://valuesider.com/guru/donald-yacktman-yacktman-asset-management/portfolio
donald-yacktman-yacktman-asset-management,CTSH,COGNIZANT TECH SOLUTIONS-A,247624773.0,"$247,624,773",https://valuesider.com/guru/donald-yacktman-yacktman-asset-management/portfolio
donald-yacktman-yacktman-asset-management,CL,COLGATE-PALMOLIVE CO,62212446.0,"$62,212,446",https://valuesider.com/guru/donald-yacktman-yacktman-asset-management/portfolio
donald-yacktman-yacktman-asset-management,CMCSA,COMCAST CORP-CLASS A,34717235.0,"$34,717,235",https://valuesider.com/guru/donald-yacktman-yacktman-asset-management/portfolio
donald-yacktman-yacktman-asset-management,COP,CONOCOPHILLIPS,145086420.0,"$145,086,420",https://valuesider.com/guru/donald-yacktman-yacktman-asset-management/portfolio
donald-yacktman-yacktman-asset-management,CPRT,COPART INC,3921656.0,"$3,921,656",https://valuesider.com/guru/donald-yacktman-yacktman-asset-management/portfolio
donald-yacktman-yacktman-asset-management,DAR,DARLING INGREDIENTS INC,50011812.0,"$50,011,812",https://valuesider.com/guru/donald-yacktman-yacktman-asset-management/portfolio
donald-yacktman-yacktman-asset-management,DVN,DEVON ENERGY CORP,15835552.0,"$15,835,552",https://valuesider.com/guru/donald-yacktman-yacktman-asset-management/portfolio
donald-yacktman-yacktman-asset-management,FANG,DIAMONDBACK ENERGY INC,149821734.0,"$149,821,734",https://valuesider.com/guru/donald-yacktman-yacktman-asset-management/portfolio
donald-yacktman-yacktman-asset-management,EBAY,EBAY INC,133465943.0,"$133,465,943",https://valuesider.com/guru/donald-yacktman-yacktman-asset-management/portfolio
donald-yacktman-yacktman-asset-management,EMBC,EMBECTA CORP,26883430.0,"$26,883,430",https://valuesider.com/guru/donald-yacktman-yacktman-asset-management/portfolio
donald-yacktman-yacktman-asset-management,EOG,EOG RESOURCES INC,124648865.0,"$124,648,865",https://valuesider.com/guru/donald-yacktman-yacktman-asset-management/portfolio
donald-yacktman-yacktman-asset-management,FICO,FAIR ISAAC CORP,4639061.0,"$4,639,061",https://valuesider.com/guru/donald-yacktman-yacktman-asset-management/portfolio
donald-yacktman-yacktman-asset-management,FOXA,FOX CORP - CLASS A,87834743.0,"$87,834,743",https://valuesider.com/guru/donald-yacktman-yacktman-asset-management/portfolio
donald-yacktman-yacktman-asset-management,FOX,FOX CORP - CLASS B,361646530.0,"$361,646,530",https://valuesider.com/guru/donald-yacktman-yacktman-asset-management/portfolio
donald-yacktman-yacktman-asset-management,GS,GOLDMAN SACHS GROUP INC,4381815.0,"$4,381,815",https://valuesider.com/guru/donald-yacktman-yacktman-asset-management/portfolio
donald-yacktman-yacktman-asset-management,EAF,GRAFTECH INTERNATIONAL LTD,15486347.0,"$15,486,347",https://valuesider.com/guru/donald-yacktman-yacktman-asset-management/portfolio
donald-yacktman-yacktman-asset-management,INGR,INGREDION INC,156972090.0,"$156,972,090",https://valuesider.com/guru/donald-yacktman-yacktman-asset-management/portfolio
donald-yacktman-yacktman-asset-management,EWY,ISHARES MSCI SOUTH KOREA ETF,111279081.0,"$111,279,081",https://valuesider.com/guru/donald-yacktman-yacktman-asset-management/portfolio
donald-yacktman-yacktman-asset-management,JNJ,JOHNSON & JOHNSON,259235060.0,"$259,235,060",https://valuesider.com/guru/donald-yacktman-yacktman-asset-management/portfolio
donald-yacktman-yacktman-asset-management,KVUE,KENVUE INC,135541806.0,"$135,541,806",https://valuesider.com/guru/donald-yacktman-yacktman-asset-management/portfolio
donald-yacktman-yacktman-asset-management,LHX,L3HARRIS TECHNOLOGIES INC,119843200.0,"$119,843,200",https://valuesider.com/guru/donald-yacktman-yacktman-asset-management/portfolio
donald-yacktman-yacktman-asset-management,LEGH,LEGACY HOUSING CORP,3429176.0,"$3,429,176",https://valuesider.com/guru/donald-yacktman-yacktman-asset-management/portfolio
donald-yacktman-yacktman-asset-management,LMT,LOCKHEED MARTIN CORP,103734156.0,"$103,734,156",https://valuesider.com/guru/donald-yacktman-yacktman-asset-management/portfolio
donald-yacktman-yacktman-asset-management,MMC,MARSH & MCLENNAN COS,3576826.0,"$3,576,826",https://valuesider.com/guru/donald-yacktman-yacktman-asset-management/portfolio
donald-yacktman-yacktman-asset-management,MAS,MASCO CORP,14839931.0,"$14,839,931",https://valuesider.com/guru/donald-yacktman-yacktman-asset-management/portfolio
donald-yacktman-yacktman-asset-management,MA,MASTERCARD INC - A,6662170.0,"$6,662,170",https://valuesider.com/guru/donald-yacktman-yacktman-asset-management/portfolio
donald-yacktman-yacktman-asset-management,MSFT,MICROSOFT CORP,466125047.0,"$466,125,047",https://valuesider.com/guru/donald-yacktman-yacktman-asset-management/portfolio
donald-yacktman-yacktman-asset-management,MCO,MOODY'S CORP,6347311.0,"$6,347,311",https://valuesider.com/guru/donald-yacktman-yacktman-asset-management/portfolio
donald-yacktman-yacktman-asset-management,MSCI,MSCI INC,6253657.0,"$6,253,657",https://valuesider.com/guru/donald-yacktman-yacktman-asset-management/portfolio
donald-yacktman-yacktman-asset-management,NWSA,NEWS CORP - CLASS A,191439435.0,"$191,439,435",https://valuesider.com/guru/donald-yacktman-yacktman-asset-management/portfolio
donald-yacktman-yacktman-asset-management,NWS,NEWS CORP - CLASS B,241188.0,"$241,188",https://valuesider.com/guru/donald-yacktman-yacktman-asset-management/portfolio
donald-yacktman-yacktman-asset-management,NTRS,NORTHERN TRUST CORP,1297605.0,"$1,297,605",https://valuesider.com/guru/donald-yacktman-yacktman-asset-management/portfolio
donald-yacktman-yacktman-asset-management,NOC,NORTHROP GRUMMAN CORP,110584817.0,"$110,584,817",https://valuesider.com/guru/donald-yacktman-yacktman-asset-management/portfolio
donald-yacktman-yacktman-asset-management,OLN,OLIN CORP,81701884.0,"$81,701,884",https://valuesider.com/guru/donald-yacktman-yacktman-asset-management/portfolio
donald-yacktman-yacktman-asset-management,PEP,PEPSICO INC,291149121.0,"$291,149,121",https://valuesider.com/guru/donald-yacktman-yacktman-asset-management/portfolio
donald-yacktman-yacktman-asset-management,PM,PHILIP MORRIS INTERNATIONAL,1010520.0,"$1,010,520",https://valuesider.com/guru/donald-yacktman-yacktman-asset-management/portfolio
donald-yacktman-yacktman-asset-management,PG,PROCTER & GAMBLE CO/THE,274919168.0,"$274,919,168",https://valuesider.com/guru/donald-yacktman-yacktman-asset-management/portfolio
donald-yacktman-yacktman-asset-management,RDI,READING INTERNATIONAL INC-A,278250.0,"$278,250",https://valuesider.com/guru/donald-yacktman-yacktman-asset-management/portfolio
donald-yacktman-yacktman-asset-management,RS,RELIANCE STEEL & ALUMINUM,199790003.0,"$199,790,003",https://valuesider.com/guru/donald-yacktman-yacktman-asset-management/portfolio
donald-yacktman-yacktman-asset-management,SCHW,SCHWAB (CHARLES) CORP,393299711.0,"$393,299,711",https://valuesider.com/guru/donald-yacktman-yacktman-asset-management/portfolio
donald-yacktman-yacktman-asset-management,BIL,SPDR BLOOMBERG 1-3 MONTH T-B,15342062.0,"$15,342,062",https://valuesider.com/guru/donald-yacktman-yacktman-asset-management/portfolio
donald-yacktman-yacktman-asset-management,SPY,SPDR S&P 500 ETF TRUST,21883495.0,"$21,883,495",https://valuesider.com/guru/donald-yacktman-yacktman-asset-management/portfolio
donald-yacktman-yacktman-asset-management,STT,STATE STREET CORP,117857731.0,"$117,857,731",https://valuesider.com/guru/donald-yacktman-yacktman-asset-management/portfolio
donald-yacktman-yacktman-asset-management,SYY,SYSCO CORP,90167452.0,"$90,167,452",https://valuesider.com/guru/donald-yacktman-yacktman-asset-management/portfolio
donald-yacktman-yacktman-asset-management,TLN,TALEN ENERGY CORP,134942400.0,"$134,942,400",https://valuesider.com/guru/donald-yacktman-yacktman-asset-management/portfolio
donald-yacktman-yacktman-asset-management,TDY,TELEDYNE TECHNOLOGIES INC,1072533.0,"$1,072,533",https://valuesider.com/guru/donald-yacktman-yacktman-asset-management/portfolio
donald-yacktman-yacktman-asset-management,TSN,TYSON FOODS INC-CL A,145927456.0,"$145,927,456",https://valuesider.com/guru/donald-yacktman-yacktman-asset-management/portfolio
donald-yacktman-yacktman-asset-management,UHAL.B,U-HAUL HOLDING CO-NON VOTING,270502796.0,"$270,502,796",https://valuesider.com/guru/donald-yacktman-yacktman-asset-management/portfolio
donald-yacktman-yacktman-asset-management,UL,UNILEVER PLC-SPONSORED ADR,12805545.0,"$12,805,545",https://valuesider.com/guru/donald-yacktman-yacktman-asset-management/portfolio
donald-yacktman-yacktman-asset-management,UNH,UNITEDHEALTH GROUP INC,55309931.0,"$55,309,931",https://valuesider.com/guru/donald-yacktman-yacktman-asset-management/portfolio
donald-yacktman-yacktman-asset-management,VRSK,VERISK ANALYTICS INC,3458247.0,"$3,458,247",https://valuesider.com/guru/donald-yacktman-yacktman-asset-management/portfolio
donald-yacktman-yacktman-asset-management,VZ,VERIZON COMMUNICATIONS INC,1629200.0,"$1,629,200",https://valuesider.com/guru/donald-yacktman-yacktman-asset-management/portfolio
donald-yacktman-yacktman-asset-management,V,VISA INC-CLASS A SHARES,256720.0,"$256,720",https://valuesider.com/guru/donald-yacktman-yacktman-asset-management/portfolio
donald-yacktman-yacktman-asset-management,DIS,WALT DISNEY CO/THE,151759623.0,"$151,759,623",https://valuesider.com/guru/donald-yacktman-yacktman-asset-management/portfolio
donald-yacktman-yacktman-asset-management,WBD,WARNER BROS DISCOVERY INC,51382025.0,"$51,382,025",https://valuesider.com/guru/donald-yacktman-yacktman-asset-management/portfolio
donald-yacktman-yacktman-asset-management,WFC,WELLS FARGO & CO,9536131.0,"$9,536,131",https://valuesider.com/guru/donald-yacktman-yacktman-asset-management/portfolio
rob-vinall-rv-capital,GOOGL,ALPHABET INC-CL A,10178760.0,"$10,178,760",https://valuesider.com/guru/rob-vinall-rv-capital/portfolio
rob-vinall-rv-capital,CVNA,CARVANA CO,128042134.0,"$128,042,134",https://valuesider.com/guru/rob-vinall-rv-capital/portfolio
rob-vinall-rv-capital,CACC,CREDIT ACCEPTANCE CORP,57840931.0,"$57,840,931",https://valuesider.com/guru/rob-vinall-rv-capital/portfolio
rob-vinall-rv-capital,DE,DEERE & CO,2328316.0,"$2,328,316",https://valuesider.com/guru/rob-vinall-rv-capital/portfolio
rob-vinall-rv-capital,HTHT,H WORLD GROUP LTD-ADR,28390723.0,"$28,390,723",https://valuesider.com/guru/rob-vinall-rv-capital/portfolio
rob-vinall-rv-capital,IBKR,INTERACTIVE BROKERS GRO-CL A,48391860.0,"$48,391,860",https://valuesider.com/guru/rob-vinall-rv-capital/portfolio
rob-vinall-rv-capital,META,META PLATFORMS INC-CLASS A,89977528.0,"$89,977,528",https://valuesider.com/guru/rob-vinall-rv-capital/portfolio
rob-vinall-rv-capital,MSFT,MICROSOFT CORP,5561630.0,"$5,561,630",https://valuesider.com/guru/rob-vinall-rv-capital/portfolio
rob-vinall-rv-capital,PAYC,PAYCOM SOFTWARE INC,1975267.0,"$1,975,267",https://valuesider.com/guru/rob-vinall-rv-capital/portfolio
rob-vinall-rv-capital,CRM,SALESFORCECOM INC,2908712.0,"$2,908,712",https://valuesider.com/guru/rob-vinall-rv-capital/portfolio
rob-vinall-rv-capital,WIX,WIXCOM LTD,32724934.0,"$32,724,934",https://valuesider.com/guru/rob-vinall-rv-capital/portfolio
rob-vinall-rv-capital,YUMC,YUM CHINA HOLDINGS INC,21211885.0,"$21,211,885",https://valuesider.com/guru/rob-vinall-rv-capital/portfolio
robert-torray-torray-fund,ABBV,ABBVIE INC,15857028.0,"$15,857,028",https://valuesider.com/guru/robert-torray-torray-fund/portfolio
robert-torray-torray-fund,AXP,AMERICAN EXPRESS CO,20193951.0,"$20,193,951",https://valuesider.com/guru/robert-torray-torray-fund/portfolio
robert-torray-torray-fund,AMGN,AMGEN INC,15545700.0,"$15,545,700",https://valuesider.com/guru/robert-torray-torray-fund/portfolio
robert-torray-torray-fund,BX,BLACKSTONE INC,16106200.0,"$16,106,200",https://valuesider.com/guru/robert-torray-torray-fund/portfolio
robert-torray-torray-fund,AVGO,BROADCOM INC,16118400.0,"$16,118,400",https://valuesider.com/guru/robert-torray-torray-fund/portfolio
robert-torray-torray-fund,CVX,CHEVRON CORP,16624300.0,"$16,624,300",https://valuesider.com/guru/robert-torray-torray-fund/portfolio
robert-torray-torray-fund,CNA,CNA FINANCIAL CORP,17531250.0,"$17,531,250",https://valuesider.com/guru/robert-torray-torray-fund/portfolio
robert-torray-torray-fund,FIGXX,FIDELITY INV MMKT GOVT-I,11588154.0,"$11,588,154",https://valuesider.com/guru/robert-torray-torray-fund/portfolio
robert-torray-torray-fund,HPE (Pfd),HP ENTERPRISE CO,16819000.0,"$16,819,000",https://valuesider.com/guru/robert-torray-torray-fund/portfolio
robert-torray-torray-fund,JPM,JPMORGAN CHASE & CO,11228614.0,"$11,228,614",https://valuesider.com/guru/robert-torray-torray-fund/portfolio
robert-torray-torray-fund,KKR (Pfd),KKR & CO INC,14856000.0,"$14,856,000",https://valuesider.com/guru/robert-torray-torray-fund/portfolio
robert-torray-torray-fund,LEN.B,LENNAR CORP - B SHS,13594900.0,"$13,594,900",https://valuesider.com/guru/robert-torray-torray-fund/portfolio
robert-torray-torray-fund,MMC,MARSH & MCLENNAN COS,13758750.0,"$13,758,750",https://valuesider.com/guru/robert-torray-torray-fund/portfolio
robert-torray-torray-fund,NEE,NEXTERA ENERGY INC,14237850.0,"$14,237,850",https://valuesider.com/guru/robert-torray-torray-fund/portfolio
robert-torray-torray-fund,OKE,ONEOK INC,14564000.0,"$14,564,000",https://valuesider.com/guru/robert-torray-torray-fund/portfolio
robert-torray-torray-fund,PEP,PEPSICO INC,14874000.0,"$14,874,000",https://valuesider.com/guru/robert-torray-torray-fund/portfolio
robert-torray-torray-fund,PFE,PFIZER INC,15444000.0,"$15,444,000",https://valuesider.com/guru/robert-torray-torray-fund/portfolio
robert-torray-torray-fund,PSX,PHILLIPS 66,22084800.0,"$22,084,800",https://valuesider.com/guru/robert-torray-torray-fund/portfolio
robert-torray-torray-fund,PLD,PROLOGIS INC,14138300.0,"$14,138,300",https://valuesider.com/guru/robert-torray-torray-fund/portfolio
robert-torray-torray-fund,RPRX,ROYALTY PHARMA PLC- CL A,15899545.0,"$15,899,545",https://valuesider.com/guru/robert-torray-torray-fund/portfolio
robert-torray-torray-fund,SLM (Pfd),SLM CORP,13018250.0,"$13,018,250",https://valuesider.com/guru/robert-torray-torray-fund/portfolio
robert-torray-torray-fund,TXN,TEXAS INSTRUMENTS INC,18509700.0,"$18,509,700",https://valuesider.com/guru/robert-torray-torray-fund/portfolio
robert-torray-torray-fund,UNH,UNITEDHEALTH GROUP INC,14839650.0,"$14,839,650",https://valuesider.com/guru/robert-torray-torray-fund/portfolio
parnassus-endeavor-fund,ABT,ABBOTT LABORATORIES,76978050.0,"$76,978,050",https://valuesider.com/guru/parnassus-endeavor-fund/portfolio
parnassus-endeavor-fund,AMD,ADVANCED MICRO DEVICES,79283745.0,"$79,283,745",https://valuesider.com/guru/parnassus-endeavor-fund/portfolio
parnassus-endeavor-fund,GOOGL,ALPHABET INC-CL A,210908790.0,"$210,908,790",https://valuesider.com/guru/parnassus-endeavor-fund/portfolio
parnassus-endeavor-fund,AMZN,AMAZONCOM INC,119835281.0,"$119,835,281",https://valuesider.com/guru/parnassus-endeavor-fund/portfolio
parnassus-endeavor-fund,AMAT,APPLIED MATERIALS INC,86243531.0,"$86,243,531",https://valuesider.com/guru/parnassus-endeavor-fund/portfolio
parnassus-endeavor-fund,AZN,ASTRAZENECA PLC-SPONS ADR,112855842.0,"$112,855,842",https://valuesider.com/guru/parnassus-endeavor-fund/portfolio
parnassus-endeavor-fund,BAC,BANK OF AMERICA CORP,171395565.0,"$171,395,565",https://valuesider.com/guru/parnassus-endeavor-fund/portfolio
parnassus-endeavor-fund,BK,BANK OF NEW YORK MELLON CORP,161910490.0,"$161,910,490",https://valuesider.com/guru/parnassus-endeavor-fund/portfolio
parnassus-endeavor-fund,BIO,BIO-RAD LABORATORIES-A,76103816.0,"$76,103,816",https://valuesider.com/guru/parnassus-endeavor-fund/portfolio
parnassus-endeavor-fund,AVGO,BROADCOM INC,69087097.0,"$69,087,097",https://valuesider.com/guru/parnassus-endeavor-fund/portfolio
parnassus-endeavor-fund,BEPC,BROOKFIELD RENEWABLE CORP,116811474.0,"$116,811,474",https://valuesider.com/guru/parnassus-endeavor-fund/portfolio
parnassus-endeavor-fund,CBRE,CBRE GROUP INC - A,170605747.0,"$170,605,747",https://valuesider.com/guru/parnassus-endeavor-fund/portfolio
parnassus-endeavor-fund,CI,CIGNA CORP,92370215.0,"$92,370,215",https://valuesider.com/guru/parnassus-endeavor-fund/portfolio
parnassus-endeavor-fund,C,CITIGROUP INC COM NEW,115426597.0,"$115,426,597",https://valuesider.com/guru/parnassus-endeavor-fund/portfolio
parnassus-endeavor-fund,CME,CME GROUP INC,96481348.0,"$96,481,348",https://valuesider.com/guru/parnassus-endeavor-fund/portfolio
parnassus-endeavor-fund,CMS,CMS ENERGY CORP,52193094.0,"$52,193,094",https://valuesider.com/guru/parnassus-endeavor-fund/portfolio
parnassus-endeavor-fund,CMI,CUMMINS INC,142427800.0,"$142,427,800",https://valuesider.com/guru/parnassus-endeavor-fund/portfolio
parnassus-endeavor-fund,DHR,DANAHER CORP,85788456.0,"$85,788,456",https://valuesider.com/guru/parnassus-endeavor-fund/portfolio
parnassus-endeavor-fund,DE,DEERE & CO,150008981.0,"$150,008,981",https://valuesider.com/guru/parnassus-endeavor-fund/portfolio
parnassus-endeavor-fund,FDX,FEDEX CORP,85225543.0,"$85,225,543",https://valuesider.com/guru/parnassus-endeavor-fund/portfolio
parnassus-endeavor-fund,HD,HOME DEPOT INC,107501657.0,"$107,501,657",https://valuesider.com/guru/parnassus-endeavor-fund/portfolio
parnassus-endeavor-fund,INTC,INTEL CORP,46198098.0,"$46,198,098",https://valuesider.com/guru/parnassus-endeavor-fund/portfolio
parnassus-endeavor-fund,AGPXX,INVESCO GVT & AGNCY-INST,5128200.0,"$5,128,200",https://valuesider.com/guru/parnassus-endeavor-fund/portfolio
parnassus-endeavor-fund,JPM,JPMORGAN CHASE & CO,160903456.0,"$160,903,456",https://valuesider.com/guru/parnassus-endeavor-fund/portfolio
parnassus-endeavor-fund,LIN,LINDE PLC,86438207.0,"$86,438,207",https://valuesider.com/guru/parnassus-endeavor-fund/portfolio
parnassus-endeavor-fund,MA,MASTERCARD INC - A,140175587.0,"$140,175,587",https://valuesider.com/guru/parnassus-endeavor-fund/portfolio
parnassus-endeavor-fund,MU,MICRON TECHNOLOGY INC,83820921.0,"$83,820,921",https://valuesider.com/guru/parnassus-endeavor-fund/portfolio
parnassus-endeavor-fund,MSFT,MICROSOFT CORP,110924050.0,"$110,924,050",https://valuesider.com/guru/parnassus-endeavor-fund/portfolio
parnassus-endeavor-fund,NICE,NICE LTD - SPON ADR,59066112.0,"$59,066,112",https://valuesider.com/guru/parnassus-endeavor-fund/portfolio
parnassus-endeavor-fund,NVO,NOVO-NORDISK A/S-SPONS ADR,49053560.0,"$49,053,560",https://valuesider.com/guru/parnassus-endeavor-fund/portfolio
parnassus-endeavor-fund,ORCL,ORACLE CORP,50689074.0,"$50,689,074",https://valuesider.com/guru/parnassus-endeavor-fund/portfolio
parnassus-endeavor-fund,PGR,PROGRESSIVE CORP,103806162.0,"$103,806,162",https://valuesider.com/guru/parnassus-endeavor-fund/portfolio
parnassus-endeavor-fund,REGN,REGENERON PHARMACEUTICALS,74520189.0,"$74,520,189",https://valuesider.com/guru/parnassus-endeavor-fund/portfolio
parnassus-endeavor-fund,SPGI,S&P GLOBAL INC,162247472.0,"$162,247,472",https://valuesider.com/guru/parnassus-endeavor-fund/portfolio
parnassus-endeavor-fund,SCHW,SCHWAB (CHARLES) CORP,129106499.0,"$129,106,499",https://valuesider.com/guru/parnassus-endeavor-fund/portfolio
parnassus-endeavor-fund,SYK,STRYKER CORP,76224001.0,"$76,224,001",https://valuesider.com/guru/parnassus-endeavor-fund/portfolio
parnassus-endeavor-fund,SYY,SYSCO CORP,118407523.0,"$118,407,523",https://valuesider.com/guru/parnassus-endeavor-fund/portfolio
parnassus-endeavor-fund,TSM,TAIWAN SEMICONDUCTOR-SP ADR,110641790.0,"$110,641,790",https://valuesider.com/guru/parnassus-endeavor-fund/portfolio
parnassus-endeavor-fund,TMO,THERMO FISHER SCIENTIFIC INC,104810916.0,"$104,810,916",https://valuesider.com/guru/parnassus-endeavor-fund/portfolio
parnassus-endeavor-fund,UNP,UNION PACIFIC CORP,107564262.0,"$107,564,262",https://valuesider.com/guru/parnassus-endeavor-fund/portfolio
parnassus-endeavor-fund,UNH,UNITEDHEALTH GROUP INC,65666801.0,"$65,666,801",https://valuesider.com/guru/parnassus-endeavor-fund/portfolio
parnassus-endeavor-fund,VZ,VERIZON COMMUNICATIONS INC,124742345.0,"$124,742,345",https://valuesider.com/guru/parnassus-endeavor-fund/portfolio
parnassus-endeavor-fund,V,VISA INC-CLASS A SHARES,93787920.0,"$93,787,920",https://valuesider.com/guru/parnassus-endeavor-fund/portfolio
parnassus-endeavor-fund,WMT,WALMART INC,79839191.0,"$79,839,191",https://valuesider.com/guru/parnassus-endeavor-fund/portfolio
parnassus-endeavor-fund,WM,WASTE MANAGEMENT INC,63256486.0,"$63,256,486",https://valuesider.com/guru/parnassus-endeavor-fund/portfolio
parnassus-endeavor-fund,WDC,WESTERN DIGITAL CORP,62562262.0,"$62,562,262",https://valuesider.com/guru/parnassus-endeavor-fund/portfolio
parnassus-endeavor-fund,WLTW,WILLIS TOWERS WATSON PLC,116773596.0,"$116,773,596",https://valuesider.com/guru/parnassus-endeavor-fund/portfolio
guy-spier-aquamarine-capital,AXP,AMERICAN EXPRESS CO,24047000.0,"$24,047,000",https://valuesider.com/guru/guy-spier-aquamarine-capital/portfolio
guy-spier-aquamarine-capital,BRK.A,BERKSHIRE HATHAWAY INC CL-A,22644000.0,"$22,644,000",https://valuesider.com/guru/guy-spier-aquamarine-capital/portfolio
guy-spier-aquamarine-capital,BRK.B,BERKSHIRE HATHAWAY INC CL-B,49059000.0,"$49,059,000",https://valuesider.com/guru/guy-spier-aquamarine-capital/portfolio
guy-spier-aquamarine-capital,DJCO,DAILY JOURNAL CORP,5604000.0,"$5,604,000",https://valuesider.com/guru/guy-spier-aquamarine-capital/portfolio
guy-spier-aquamarine-capital,RACE,FERRARI NV,9561000.0,"$9,561,000",https://valuesider.com/guru/guy-spier-aquamarine-capital/portfolio
guy-spier-aquamarine-capital,MA,MASTERCARD INC - A,22835000.0,"$22,835,000",https://valuesider.com/guru/guy-spier-aquamarine-capital/portfolio
guy-spier-aquamarine-capital,MCO,MOODY'S CORP,13793000.0,"$13,793,000",https://valuesider.com/guru/guy-spier-aquamarine-capital/portfolio
charlie-munger-daily-journal-corp,BABA,ALIBABA GROUP HOLDING-SP ADR,28583100.0,"$28,583,100",https://valuesider.com/guru/charlie-munger-daily-journal-corp/portfolio
charlie-munger-daily-journal-corp,BAC,BANK OF AMERICA CORP,110000000.0,"$110,000,000",https://valuesider.com/guru/charlie-munger-daily-journal-corp/portfolio
charlie-munger-daily-journal-corp,USB,US BANCORP,6376520.0,"$6,376,520",https://valuesider.com/guru/charlie-munger-daily-journal-corp/portfolio
charlie-munger-daily-journal-corp,WFC,WELLS FARGO & CO,131691600.0,"$131,691,600",https://valuesider.com/guru/charlie-munger-daily-journal-corp/portfolio
edgar-wachenheim-III-greenhaven-associates,A,AGILENT TECHNOLOGIES INC,1455949.0,"$1,455,949",https://valuesider.com/guru/edgar-wachenheim-III-greenhaven-associates/portfolio
edgar-wachenheim-III-greenhaven-associates,ARW,ARROW ELECTRONICS INC,209338805.0,"$209,338,805",https://valuesider.com/guru/edgar-wachenheim-III-greenhaven-associates/portfolio
edgar-wachenheim-III-greenhaven-associates,AVTR,AVANTOR INC,234937483.0,"$234,937,483",https://valuesider.com/guru/edgar-wachenheim-III-greenhaven-associates/portfolio
edgar-wachenheim-III-greenhaven-associates,AVT,AVNET INC,188899877.0,"$188,899,877",https://valuesider.com/guru/edgar-wachenheim-III-greenhaven-associates/portfolio
edgar-wachenheim-III-greenhaven-associates,BAX,BAXTER INTERNATIONAL INC,204347492.0,"$204,347,492",https://valuesider.com/guru/edgar-wachenheim-III-greenhaven-associates/portfolio
edgar-wachenheim-III-greenhaven-associates,C,CITIGROUP INC COM NEW,3881109.0,"$3,881,109",https://valuesider.com/guru/edgar-wachenheim-III-greenhaven-associates/portfolio
edgar-wachenheim-III-greenhaven-associates,CRH,CRH PLC,2496000.0,"$2,496,000",https://valuesider.com/guru/edgar-wachenheim-III-greenhaven-associates/portfolio
edgar-wachenheim-III-greenhaven-associates,DHI,DR HORTON INC,501821548.0,"$501,821,548",https://valuesider.com/guru/edgar-wachenheim-III-greenhaven-associates/portfolio
edgar-wachenheim-III-greenhaven-associates,GM,GENERAL MOTORS CO GM,1234352783.0,"$1,234,352,783",https://valuesider.com/guru/edgar-wachenheim-III-greenhaven-associates/portfolio
edgar-wachenheim-III-greenhaven-associates,G,GENPACT LTD,467800.0,"$467,800",https://valuesider.com/guru/edgar-wachenheim-III-greenhaven-associates/portfolio
edgar-wachenheim-III-greenhaven-associates,ICLR,ICON PLC,3169535.0,"$3,169,535",https://valuesider.com/guru/edgar-wachenheim-III-greenhaven-associates/portfolio
edgar-wachenheim-III-greenhaven-associates,JPM,JPMORGAN CHASE & CO,1288880.0,"$1,288,880",https://valuesider.com/guru/edgar-wachenheim-III-greenhaven-associates/portfolio
edgar-wachenheim-III-greenhaven-associates,LEA,LEAR CORP,203533955.0,"$203,533,955",https://valuesider.com/guru/edgar-wachenheim-III-greenhaven-associates/portfolio
edgar-wachenheim-III-greenhaven-associates,LEN.B,LENNAR CORP - B SHS,34629292.0,"$34,629,292",https://valuesider.com/guru/edgar-wachenheim-III-greenhaven-associates/portfolio
edgar-wachenheim-III-greenhaven-associates,LEN,LENNAR CORP-A,1037678312.0,"$1,037,678,312",https://valuesider.com/guru/edgar-wachenheim-III-greenhaven-associates/portfolio
edgar-wachenheim-III-greenhaven-associates,MTH,MERITAGE HOMES CORP,96419372.0,"$96,419,372",https://valuesider.com/guru/edgar-wachenheim-III-greenhaven-associates/portfolio
edgar-wachenheim-III-greenhaven-associates,MRP,MILLROSE PROPERTIES,137299964.0,"$137,299,964",https://valuesider.com/guru/edgar-wachenheim-III-greenhaven-associates/portfolio
edgar-wachenheim-III-greenhaven-associates,NOV,NOV INC,89796507.0,"$89,796,507",https://valuesider.com/guru/edgar-wachenheim-III-greenhaven-associates/portfolio
edgar-wachenheim-III-greenhaven-associates,OSK,OSHKOSH CORP,316750416.0,"$316,750,416",https://valuesider.com/guru/edgar-wachenheim-III-greenhaven-associates/portfolio
edgar-wachenheim-III-greenhaven-associates,PHM,PULTEGROUP INC,648967027.0,"$648,967,027",https://valuesider.com/guru/edgar-wachenheim-III-greenhaven-associates/portfolio
edgar-wachenheim-III-greenhaven-associates,RHI,ROBERT HALF INTL INC,2843652.0,"$2,843,652",https://valuesider.com/guru/edgar-wachenheim-III-greenhaven-associates/portfolio
edgar-wachenheim-III-greenhaven-associates,SLB,SCHLUMBERGER LTD,178882540.0,"$178,882,540",https://valuesider.com/guru/edgar-wachenheim-III-greenhaven-associates/portfolio
edgar-wachenheim-III-greenhaven-associates,SCHW,SCHWAB (CHARLES) CORP,1248875.0,"$1,248,875",https://valuesider.com/guru/edgar-wachenheim-III-greenhaven-associates/portfolio
edgar-wachenheim-III-greenhaven-associates,STLA,STELLANTIS NV,392040.0,"$392,040",https://valuesider.com/guru/edgar-wachenheim-III-greenhaven-associates/portfolio
edgar-wachenheim-III-greenhaven-associates,TMHC,TAYLOR MORRISON HOME CORP,2796325.0,"$2,796,325",https://valuesider.com/guru/edgar-wachenheim-III-greenhaven-associates/portfolio
edgar-wachenheim-III-greenhaven-associates,TFX,TELEFLEX INC,14898521.0,"$14,898,521",https://valuesider.com/guru/edgar-wachenheim-III-greenhaven-associates/portfolio
edgar-wachenheim-III-greenhaven-associates,TEX,TEREX CORP,1036746.0,"$1,036,746",https://valuesider.com/guru/edgar-wachenheim-III-greenhaven-associates/portfolio
edgar-wachenheim-III-greenhaven-associates,TOL,TOLL BROTHERS INC,757662946.0,"$757,662,946",https://valuesider.com/guru/edgar-wachenheim-III-greenhaven-associates/portfolio
edgar-wachenheim-III-greenhaven-associates,UNP,UNION PACIFIC CORP,470042.0,"$470,042",https://valuesider.com/guru/edgar-wachenheim-III-greenhaven-associates/portfolio
edgar-wachenheim-III-greenhaven-associates,VBIL,VANGUARD 0-3M T-BILL ETF,58286647.0,"$58,286,647",https://valuesider.com/guru/edgar-wachenheim-III-greenhaven-associates/portfolio
bares-capital-management,ALGN,ALIGN TECHNOLOGY INC,76349389.0,"$76,349,389",https://valuesider.com/guru/bares-capital-management/portfolio
bares-capital-management,AME,AMETEK INC,28576.0,"$28,576",https://valuesider.com/guru/bares-capital-management/portfolio
bares-capital-management,APH,AMPHENOL CORP-CL A,43684.0,"$43,684",https://valuesider.com/guru/bares-capital-management/portfolio
bares-capital-management,APG,API GROUP CORP,30142.0,"$30,142",https://valuesider.com/guru/bares-capital-management/portfolio
bares-capital-management,BRO,BROWN & BROWN INC,24292.0,"$24,292",https://valuesider.com/guru/bares-capital-management/portfolio
bares-capital-management,CSGP,COSTAR GROUP INC,103458797.0,"$103,458,797",https://valuesider.com/guru/bares-capital-management/portfolio
bares-capital-management,ETSY,ETSY INC,94660522.0,"$94,660,522",https://valuesider.com/guru/bares-capital-management/portfolio
bares-capital-management,FERG,FERGUSON ENTERPRISES INC,23132.0,"$23,132",https://valuesider.com/guru/bares-capital-management/portfolio
bares-capital-management,GMED,GLOBUS MEDICAL INC - A,29845058.0,"$29,845,058",https://valuesider.com/guru/bares-capital-management/portfolio
bares-capital-management,HEI.A,HEICO CORP INC CL A,30999.0,"$30,999",https://valuesider.com/guru/bares-capital-management/portfolio
bares-capital-management,IBKR,INTERACTIVE BROKERS GRO-CL A,141789129.0,"$141,789,129",https://valuesider.com/guru/bares-capital-management/portfolio
bares-capital-management,MEDP,MEDPACE HOLDINGS INC,57332439.0,"$57,332,439",https://valuesider.com/guru/bares-capital-management/portfolio
bares-capital-management,MIDD,MIDDLEBY CORP,7261301.0,"$7,261,301",https://valuesider.com/guru/bares-capital-management/portfolio
bares-capital-management,MCO,MOODY'S CORP,16200.0,"$16,200",https://valuesider.com/guru/bares-capital-management/portfolio
bares-capital-management,ONTO,ONTO INNOVATION INC,9749649.0,"$9,749,649",https://valuesider.com/guru/bares-capital-management/portfolio
bares-capital-management,PEGA,PEGASYSTEMS INC,194369838.0,"$194,369,838",https://valuesider.com/guru/bares-capital-management/portfolio
bares-capital-management,SQ,SQUARE INC - A,143950783.0,"$143,950,783",https://valuesider.com/guru/bares-capital-management/portfolio
bares-capital-management,SNEX,STONEX GROUP INC,40570.0,"$40,570",https://valuesider.com/guru/bares-capital-management/portfolio
bares-capital-management,TYL,TYLER TECHNOLOGIES INC,14648.0,"$14,648",https://valuesider.com/guru/bares-capital-management/portfolio
bares-capital-management,VEEV,VEEVA SYSTEMS INC-CLASS A,21854678.0,"$21,854,678",https://valuesider.com/guru/bares-capital-management/portfolio
bares-capital-management,VRSK,VERISK ANALYTICS INC,14588.0,"$14,588",https://valuesider.com/guru/bares-capital-management/portfolio
bares-capital-management,WSO,WATSCO INC,18194.0,"$18,194",https://valuesider.com/guru/bares-capital-management/portfolio
bares-capital-management,W,WAYFAIR INC- CLASS A,60073174.0,"$60,073,174",https://valuesider.com/guru/bares-capital-management/portfolio
bares-capital-management,WDAY,WORKDAY INC-CLASS A,142934641.0,"$142,934,641",https://valuesider.com/guru/bares-capital-management/portfolio
michael-burry-scion-asset-management,BRKR (Pfd),BRUKER CORP,13137181.0,"$13,137,181",https://valuesider.com/guru/michael-burry-scion-asset-management/portfolio
michael-burry-scion-asset-management,LULU,LULULEMON ATHLETICA INC,17793000.0,"$17,793,000",https://valuesider.com/guru/michael-burry-scion-asset-management/portfolio
michael-burry-scion-asset-management,MOH,MOLINA HEALTHCARE INC,23920000.0,"$23,920,000",https://valuesider.com/guru/michael-burry-scion-asset-management/portfolio
michael-burry-scion-asset-management,SLM,SLM CORP,13287895.0,"$13,287,895",https://valuesider.com/guru/michael-burry-scion-asset-management/portfolio
david-katz-matrix-advisors-value-fund,ABBV,ABBVIE INC,1599300.0,"$1,599,300",https://valuesider.com/guru/david-katz-matrix-advisors-value-fund/portfolio
david-katz-matrix-advisors-value-fund,GOOG,ALPHABET INC-CL C,5413257.0,"$5,413,257",https://valuesider.com/guru/david-katz-matrix-advisors-value-fund/portfolio
david-katz-matrix-advisors-value-fund,AMZN,AMAZONCOM INC,3828355.0,"$3,828,355",https://valuesider.com/guru/david-katz-matrix-advisors-value-fund/portfolio
david-katz-matrix-advisors-value-fund,AEP,AMERICAN ELECTRIC POWER,276690.0,"$276,690",https://valuesider.com/guru/david-katz-matrix-advisors-value-fund/portfolio
david-katz-matrix-advisors-value-fund,AMGN,AMGEN INC,990432.0,"$990,432",https://valuesider.com/guru/david-katz-matrix-advisors-value-fund/portfolio
david-katz-matrix-advisors-value-fund,AAPL,APPLE INC,4081846.0,"$4,081,846",https://valuesider.com/guru/david-katz-matrix-advisors-value-fund/portfolio
david-katz-matrix-advisors-value-fund,BK,BANK OF NEW YORK MELLON CORP,2904174.0,"$2,904,174",https://valuesider.com/guru/david-katz-matrix-advisors-value-fund/portfolio
david-katz-matrix-advisors-value-fund,CSCO,CISCO SYSTEMS INC,2196320.0,"$2,196,320",https://valuesider.com/guru/david-katz-matrix-advisors-value-fund/portfolio
david-katz-matrix-advisors-value-fund,CMCSA,COMCAST CORP-CLASS A,1763910.0,"$1,763,910",https://valuesider.com/guru/david-katz-matrix-advisors-value-fund/portfolio
david-katz-matrix-advisors-value-fund,DG,DOLLAR GENERAL CORP,943959.0,"$943,959",https://valuesider.com/guru/david-katz-matrix-advisors-value-fund/portfolio
david-katz-matrix-advisors-value-fund,FDX,FEDEX CORP,2166241.0,"$2,166,241",https://valuesider.com/guru/david-katz-matrix-advisors-value-fund/portfolio
david-katz-matrix-advisors-value-fund,FGXXX,FIRST AM GOV OBLIG-X,65948.0,"$65,948",https://valuesider.com/guru/david-katz-matrix-advisors-value-fund/portfolio
david-katz-matrix-advisors-value-fund,FISV,FISERV INC,718970.0,"$718,970",https://valuesider.com/guru/david-katz-matrix-advisors-value-fund/portfolio
david-katz-matrix-advisors-value-fund,GS,GOLDMAN SACHS GROUP INC,3349827.0,"$3,349,827",https://valuesider.com/guru/david-katz-matrix-advisors-value-fund/portfolio
david-katz-matrix-advisors-value-fund,HUM,HUMANA INC,418621.0,"$418,621",https://valuesider.com/guru/david-katz-matrix-advisors-value-fund/portfolio
david-katz-matrix-advisors-value-fund,JPM,JPMORGAN CHASE & CO,3355940.0,"$3,355,940",https://valuesider.com/guru/david-katz-matrix-advisors-value-fund/portfolio
david-katz-matrix-advisors-value-fund,LHX,L3HARRIS TECHNOLOGIES INC,1682240.0,"$1,682,240",https://valuesider.com/guru/david-katz-matrix-advisors-value-fund/portfolio
david-katz-matrix-advisors-value-fund,LOW,LOWE'S COS INC,802100.0,"$802,100",https://valuesider.com/guru/david-katz-matrix-advisors-value-fund/portfolio
david-katz-matrix-advisors-value-fund,MDT,MEDTRONIC PLC,1118320.0,"$1,118,320",https://valuesider.com/guru/david-katz-matrix-advisors-value-fund/portfolio
david-katz-matrix-advisors-value-fund,META,META PLATFORMS INC-CLASS A,3864366.0,"$3,864,366",https://valuesider.com/guru/david-katz-matrix-advisors-value-fund/portfolio
david-katz-matrix-advisors-value-fund,MSFT,MICROSOFT CORP,5121225.0,"$5,121,225",https://valuesider.com/guru/david-katz-matrix-advisors-value-fund/portfolio
david-katz-matrix-advisors-value-fund,MS,MORGAN STANLEY,3086426.0,"$3,086,426",https://valuesider.com/guru/david-katz-matrix-advisors-value-fund/portfolio
david-katz-matrix-advisors-value-fund,PYPL,PAYPAL HOLDINGS INC,2790945.0,"$2,790,945",https://valuesider.com/guru/david-katz-matrix-advisors-value-fund/portfolio
david-katz-matrix-advisors-value-fund,PNC,PNC FINANCIAL SERVICES GROUP,2198490.0,"$2,198,490",https://valuesider.com/guru/david-katz-matrix-advisors-value-fund/portfolio
david-katz-matrix-advisors-value-fund,QCOM,QUALCOMM INC,1966336.0,"$1,966,336",https://valuesider.com/guru/david-katz-matrix-advisors-value-fund/portfolio
david-katz-matrix-advisors-value-fund,RTX,RAYTHEON TECHNOLOGIES CORP,1608508.0,"$1,608,508",https://valuesider.com/guru/david-katz-matrix-advisors-value-fund/portfolio
david-katz-matrix-advisors-value-fund,TEL,TE CONNECTIVITY PLC,2173144.0,"$2,173,144",https://valuesider.com/guru/david-katz-matrix-advisors-value-fund/portfolio
david-katz-matrix-advisors-value-fund,TMO,THERMO FISHER SCIENTIFIC INC,1560690.0,"$1,560,690",https://valuesider.com/guru/david-katz-matrix-advisors-value-fund/portfolio
david-katz-matrix-advisors-value-fund,TSN,TYSON FOODS INC-CL A,1150236.0,"$1,150,236",https://valuesider.com/guru/david-katz-matrix-advisors-value-fund/portfolio
david-katz-matrix-advisors-value-fund,UNH,UNITEDHEALTH GROUP INC,1315236.0,"$1,315,236",https://valuesider.com/guru/david-katz-matrix-advisors-value-fund/portfolio
david-katz-matrix-advisors-value-fund,USB,US BANCORP,2253749.0,"$2,253,749",https://valuesider.com/guru/david-katz-matrix-advisors-value-fund/portfolio
david-katz-matrix-advisors-value-fund,WFC,WELLS FARGO & CO,2444352.0,"$2,444,352",https://valuesider.com/guru/david-katz-matrix-advisors-value-fund/portfolio
david-katz-matrix-advisors-value-fund,ZBH,ZIMMER BIOMET HOLDINGS INC,1330938.0,"$1,330,938",https://valuesider.com/guru/david-katz-matrix-advisors-value-fund/portfolio
